alpha_center,taper,taper_center_D,taper_sigma_D,D,eta,mu,base_mu,delta_mu,delta_log_mu,acceptance_mismatch
0.8,0.01,5.9,0.4,4.813559322033898,0.2,14.813459288161441,13.420768932824766,1.3926903553366756,0.09873275143832741,0.0
0.8,0.01,6.0,0.4,4.813559322033898,0.2,14.815344300203721,13.420768932824766,1.3945753673789554,0.09885999329871513,0.0
0.8,0.02,5.9,0.4,4.813559322033898,0.2,14.809391010644855,13.420768932824766,1.3886220778200897,0.09845807985871048,0.0
0.8,0.02,6.0,0.4,4.813559322033898,0.2,14.81316023915494,13.420768932824766,1.3923913063301736,0.09871256357948398,0.0
0.825,0.01,5.9,0.4,4.813559322033898,0.2,14.722901345898347,13.420768932824766,1.302132413073581,0.09260076875147918,0.0
0.825,0.01,6.0,0.4,4.813559322033898,0.2,14.724774834446459,13.420768932824766,1.304005901621693,0.09272801061186672,0.0
0.825,0.02,5.9,0.4,4.813559322033898,0.2,14.718857938659074,13.420768932824766,1.2980890058343082,0.09232609717186242,0.0
0.825,0.02,6.0,0.4,4.813559322033898,0.2,14.722604125044363,13.420768932824766,1.3018351922195972,0.09258058089263692,0.0
0.8,0.01,5.9,0.4,4.813559322033898,0.6,14.840906102667738,13.445259824550153,1.3956462781175851,0.09876067947797608,0.0
0.8,0.01,6.0,0.4,4.813559322033898,0.6,14.842794261095928,13.445259824550153,1.3975344365457758,0.09888789801256558,0.0
0.8,0.02,5.9,0.4,4.813559322033898,0.6,14.836831034396635,13.445259824550153,1.3915712098464823,0.0984860582507649,0.0
0.8,0.02,6.0,0.4,4.813559322033898,0.6,14.840606554496683,13.445259824550153,1.3953467299465299,0.09874049531994306,0.0
0.825,0.01,5.9,0.4,4.813559322033898,0.6,14.750196952758271,13.445259824550153,1.3049371282081186,0.09262982089752045,0.0
0.825,0.01,6.0,0.4,4.813559322033898,0.6,14.752073570567262,13.445259824550153,1.3068137460171094,0.09275703943211017,0.0
0.825,0.02,5.9,0.4,4.813559322033898,0.6,14.746146791725039,13.445259824550153,1.3008869671748862,0.09235519967030856,0.0
0.825,0.02,6.0,0.4,4.813559322033898,0.6,14.749899235456544,13.445259824550153,1.3046394109063915,0.09260963673948669,0.0
0.8,0.01,5.9,0.4,4.813559322033898,1.0,14.868363327891885,13.46975934358133,1.3986039843105544,0.09878856488180955,0.0
0.8,0.01,6.0,0.4,4.813559322033898,1.0,14.870254633094516,13.46975934358133,1.4004952895131861,0.09891576011379129,0.0
0.8,0.02,5.9,0.4,4.813559322033898,1.0,14.864281468027343,13.46975934358133,1.3945221244460129,0.0985139939569421,0.0
0.8,0.02,6.0,0.4,4.813559322033898,1.0,14.86806328049461,13.46975934358133,1.3983039369132797,0.09876838442090637,0.0
0.825,0.01,5.9,0.4,4.813559322033898,1.0,14.777502951548867,13.46975934358133,1.3077436079675362,0.09265882929015667,0.0
0.825,0.01,6.0,0.4,4.813559322033898,1.0,14.779382699009835,13.46975934358133,1.3096233554285046,0.09278602452213915,0.0
0.825,0.02,5.9,0.4,4.813559322033898,1.0,14.773446035877273,13.46975934358133,1.3036866922959423,0.09238425836529006,0.0
0.825,0.02,6.0,0.4,4.813559322033898,1.0,14.777204737737373,13.46975934358133,1.3074453941560424,0.09263864882925407,0.0
0.8,0.01,5.9,0.4,4.813559322033898,2.0,14.937051068404848,13.531045134011483,1.4060059343933649,0.09885809036557056,0.0
0.8,0.01,6.0,0.4,4.813559322033898,2.0,14.938950242156679,13.531045134011483,1.4079051081451954,0.09898522744356475,0.0
0.8,0.02,5.9,0.4,4.813559322033898,2.0,14.93295222607389,13.531045134011483,1.401907092062407,0.09858364497523862,0.0
0.8,0.02,6.0,0.4,4.813559322033898,2.0,14.936749772686099,13.531045134011483,1.4057046386746155,0.0988379191312263,0.0
0.825,0.01,5.9,0.4,4.813559322033898,2.0,14.84581254795665,13.531045134011483,1.314767413945166,0.09273115730483247,0.0
0.825,0.01,6.0,0.4,4.813559322033898,2.0,14.847700121172176,13.531045134011483,1.3166549871606925,0.09285829438282676,0.0
0.825,0.02,5.9,0.4,4.813559322033898,2.0,14.84173874218131,13.531045134011483,1.3106936081698262,0.09245671191450067,0.0
0.825,0.02,6.0,0.4,4.813559322033898,2.0,14.845513092612917,13.531045134011483,1.3144679586014334,0.09271098607048817,0.0
0.8,0.01,5.9,0.4,4.813559322033898,4.0,15.074610965625165,13.653769155407037,1.4208418102181284,0.09899632357249326,0.0
0.8,0.01,6.0,0.4,4.813559322033898,4.0,15.076525882686028,13.653769155407037,1.4227567272789905,0.09912334479050375,0.0
0.8,0.02,5.9,0.4,4.813559322033898,4.0,15.0704781449509,13.653769155407037,1.4167089895438636,0.09872212828416628,0.0
0.8,0.02,6.0,0.4,4.813559322033898,4.0,15.074307172277994,13.653769155407037,1.4205380168709567,0.09897617072018904,0.0
0.825,0.01,5.9,0.4,4.813559322033898,4.0,14.98261585636922,13.653769155407037,1.328846700962183,0.09287497398409837,0.0
0.825,0.01,6.0,0.4,4.813559322033898,4.0,14.984519087357091,13.653769155407037,1.330749931950054,0.09300199520210964,0.0
0.825,0.02,5.9,0.4,4.813559322033898,4.0,14.978508256862542,13.653769155407037,1.3247391014555046,0.09260077869577155,0.0
0.825,0.02,6.0,0.4,4.813559322033898,4.0,14.982313916967215,13.653769155407037,1.3285447615601775,0.09285482113179411,0.0
0.8,0.01,5.9,0.4,5.627118644067797,0.2,47.297978027790315,57.5547616979981,-10.256783670207788,-0.1962693251788864,0.0
0.8,0.01,6.0,0.4,5.627118644067797,0.2,47.3518509265134,57.5547616979981,-10.202910771484703,-0.19513096275106243,0.0
0.8,0.02,5.9,0.4,5.627118644067797,0.2,47.761410742120056,57.5547616979981,-9.793350955878047,-0.18651886513651952,0.0
0.8,0.02,6.0,0.4,5.627118644067797,0.2,47.870274212157256,57.5547616979981,-9.684487485840847,-0.1842421402808713,0.0
0.825,0.01,5.9,0.4,5.627118644067797,0.2,48.60945247796956,57.5547616979981,-8.945309220028541,-0.16891886451007973,0.0
0.825,0.01,6.0,0.4,5.627118644067797,0.2,48.66481916000388,57.5547616979981,-8.889942537994223,-0.16778050208225564,0.0
0.825,0.02,5.9,0.4,5.627118644067797,0.2,49.0857352165406,57.5547616979981,-8.469026481457504,-0.15916840446771266,0.0
0.825,0.02,6.0,0.4,5.627118644067797,0.2,49.197617243934026,57.5547616979981,-8.357144454064077,-0.15689167961206493,0.0
0.8,0.01,5.9,0.4,5.627118644067797,0.6,47.30306523736028,57.560445227006106,-10.257379989645827,-0.19626051942559802,0.0
0.8,0.01,6.0,0.4,5.627118644067797,0.6,47.3569441361462,57.560445227006106,-10.203501090859909,-0.19512215265464833,0.0
0.8,0.02,5.9,0.4,5.627118644067797,0.6,47.76654957386797,57.560445227006106,-9.793895653138136,-0.18651002218288437,0.0
0.8,0.02,6.0,0.4,5.627118644067797,0.6,47.87542517279777,57.560445227006106,-9.685020054208337,-0.18423328864098412,0.0
0.825,0.01,5.9,0.4,5.627118644067797,0.6,48.61468581814161,57.560445227006106,-8.945759408864497,-0.16890995440821618,0.0
0.825,0.01,6.0,0.4,5.627118644067797,0.6,48.6700586723861,57.560445227006106,-8.890386554620008,-0.167771587637266,0.0
0.825,0.02,5.9,0.4,5.627118644067797,0.6,49.09102165997108,57.560445227006106,-8.46942356703503,-0.15915945716550203,0.0
0.825,0.02,6.0,0.4,5.627118644067797,0.6,49.20291616424207,57.560445227006106,-8.357529062764037,-0.15688272362360237,0.0
0.8,0.01,5.9,0.4,5.627118644067797,1.0,47.3081522881612,57.5661285261796,-10.257976238018394,-0.1962517148521497,0.0
0.8,0.01,6.0,0.4,5.627118644067797,1.0,47.36203718678861,57.5661285261796,-10.204091339390985,-0.1951133437398634,0.0
0.8,0.02,5.9,0.4,5.627118644067797,1.0,47.771688244940925,57.5661285261796,-9.794440281238671,-0.1865011804244233,0.0
0.8,0.02,6.0,0.4,5.627118644067797,1.0,47.88057597231513,57.5661285261796,-9.685552553864468,-0.1842244381998515,0.0
0.825,0.01,5.9,0.4,5.627118644067797,1.0,48.61991899414266,57.5661285261796,-8.946209532036939,-0.16890104552920462,0.0
0.825,0.01,6.0,0.4,5.627118644067797,1.0,48.67529802036869,57.5661285261796,-8.890830505810904,-0.16776267441691864,0.0
0.825,0.02,5.9,0.4,5.627118644067797,1.0,49.09630793726235,57.5661285261796,-8.469820588917244,-0.15915051110147807,0.0
0.825,0.02,6.0,0.4,5.627118644067797,1.0,49.20821491794811,57.5661285261796,-8.357913608231485,-0.15687376887690616,0.0
0.8,0.01,5.9,0.4,5.627118644067797,2.0,47.320869219347365,57.58033576753391,-10.259466548186545,-0.19622970858439273,0.0
0.8,0.01,6.0,0.4,5.627118644067797,2.0,47.37476911660803,57.58033576753391,-10.205566650925881,-0.19509132662660403,0.0
0.8,0.02,5.9,0.4,5.627118644067797,2.0,47.78453421845349,57.58033576753391,-9.795801549080423,-0.18647908126125887,0.0
0.8,0.02,6.0,0.4,5.627118644067797,2.0,47.893452264974336,57.58033576753391,-9.686883502559574,-0.18420231734568118,0.0
0.825,0.01,5.9,0.4,5.627118644067797,2.0,48.63300121465227,57.58033576753391,-8.947334552881642,-0.16887877868582454,0.0
0.825,0.01,6.0,0.4,5.627118644067797,2.0,48.68839566983011,57.58033576753391,-8.891940097703802,-0.16774039672803584,0.0
0.825,0.02,5.9,0.4,5.627118644067797,2.0,49.109522902371005,57.58033576753391,-8.470812865162905,-0.15912815136269015,0.0
0.825,0.02,6.0,0.4,5.627118644067797,2.0,49.22146107206507,57.58033576753391,-8.358874695468842,-0.15685138744711247,0.0
0.8,0.01,5.9,0.4,5.627118644067797,4.0,47.34630009037589,57.608745927483945,-10.262445837108054,-0.19618571820605085,0.0
0.8,0.01,6.0,0.4,5.627118644067797,4.0,47.40022998073163,57.608745927483945,-10.208515946752314,-0.1950473145908572,0.0
0.8,0.02,5.9,0.4,5.627118644067797,4.0,47.81022313822315,57.608745927483945,-9.798522789260794,-0.18643490537990098,0.0
0.8,0.02,6.0,0.4,5.627118644067797,4.0,47.91920181459243,57.608745927483945,-9.689544112891518,-0.18415809814951345,0.0
0.825,0.01,5.9,0.4,5.627118644067797,4.0,48.65916256254232,57.608745927483945,-8.949583364941624,-0.16883426796352827,0.0
0.825,0.01,6.0,0.4,5.627118644067797,4.0,48.714587871316,57.608745927483945,-8.894158056167946,-0.16769586434833442,0.0
0.825,0.02,5.9,0.4,5.627118644067797,4.0,49.135949702374134,57.608745927483945,-8.47279622510981,-0.15908345513737868,0.0
0.825,0.02,6.0,0.4,5.627118644067797,4.0,49.24795024136411,57.608745927483945,-8.360795686119836,-0.15680664790699123,0.0
0.8,0.01,5.9,0.4,5.898305084745763,0.2,47.28957514093308,90.79702562735869,-43.50745048642561,-0.6523366551680203,0.0
0.8,0.01,6.0,0.4,5.898305084745763,0.2,47.51865814970647,90.79702562735869,-43.278367477652225,-0.647504090597419,0.0
0.8,0.02,5.9,0.4,5.898305084745763,0.2,47.293578116915626,90.79702562735869,-43.50344751044307,-0.6522520105807539,0.0
0.8,0.02,6.0,0.4,5.898305084745763,0.2,47.75289274902627,90.79702562735869,-43.04413287833242,-0.6425868814395512,0.0
0.825,0.01,5.9,0.4,5.898305084745763,0.2,48.74391998752379,90.79702562735869,-42.053105639834904,-0.6220460562015141,0.0
0.825,0.01,6.0,0.4,5.898305084745763,0.2,48.98004822121742,90.79702562735869,-41.81697740614127,-0.6172134916309128,0.0
0.825,0.02,5.9,0.4,5.898305084745763,0.2,48.74804607113571,90.79702562735869,-42.04897955622298,-0.6219614116142482,0.0
0.825,0.02,6.0,0.4,5.898305084745763,0.2,49.22148647760959,90.79702562735869,-41.575539149749105,-0.6122962824730457,0.0
0.8,0.01,5.9,0.4,5.898305084745763,0.6,47.29372011272094,90.80038672801365,-43.50666661529271,-0.6522860252066436,0.0
0.8,0.01,6.0,0.4,5.898305084745763,0.6,47.52283391607801,90.80038672801365,-43.27755281193564,-0.6474532351599506,0.0
0.8,0.02,5.9,0.4,5.898305084745763,0.6,47.29772362636146,90.80038672801365,-43.50266310165219,-0.6522013766700602,0.0
0.8,0.02,6.0,0.4,5.898305084745763,0.6,47.75710005577105,90.80038672801365,-43.0432866722426,-0.6425357965766744,0.0
0.825,0.01,5.9,0.4,5.898305084745763,0.6,48.74826132917139,90.80038672801365,-42.05212539884226,-0.6219940129520654,0.0
0.825,0.01,6.0,0.4,5.898305084745763,0.6,48.984421638268444,90.80038672801365,-41.815965089745205,-0.6171612229053729,0.0
0.825,0.02,5.9,0.4,5.898305084745763,0.6,48.752387972808584,90.80038672801365,-42.047998755205064,-0.6219093644154823,0.0
0.825,0.02,6.0,0.4,5.898305084745763,0.6,49.22589274629533,90.80038672801365,-41.57449398171832,-0.6122437843220968,0.0
0.8,0.01,5.9,0.4,5.898305084745763,1.0,47.29786503367551,90.80374771209182,-43.50588267841631,-0.652235401347297,0.0
0.8,0.01,6.0,0.4,5.898305084745763,1.0,47.527009631789056,90.80374771209182,-43.27673808030276,-0.6474023858552652,0.0
0.8,0.02,5.9,0.4,5.898305084745763,1.0,47.301869084977,90.80374771209182,-43.50187862711482,-0.6521507488619345,0.0
0.8,0.02,6.0,0.4,5.898305084745763,1.0,47.76130731203908,90.80374771209182,-43.04244040005274,-0.642484717877872,0.0
0.825,0.01,5.9,0.4,5.898305084745763,1.0,48.75260262119845,90.80374771209182,-42.05114509089337,-0.621941975997407,0.0
0.825,0.01,6.0,0.4,5.898305084745763,1.0,48.988795005921716,90.80374771209182,-41.814952706170104,-0.6171089605053758,0.0
0.825,0.02,5.9,0.4,5.898305084745763,1.0,48.75672982486475,90.80374771209182,-42.04701788722707,-0.6218573235120454,0.0
0.825,0.02,6.0,0.4,5.898305084745763,1.0,49.230298965818555,90.80374771209182,-41.573448746273264,-0.6121912925279821,0.0
0.8,0.01,5.9,0.4,5.898305084745763,2.0,47.30822711280946,90.81214966256223,-43.50392254975277,-0.6521088684076243,0.0
0.8,0.01,6.0,0.4,5.898305084745763,2.0,47.537448698560226,90.81214966256223,-43.27470096400201,-0.6472752894368533,0.0
0.8,0.02,5.9,0.4,5.898305084745763,2.0,47.31223250827608,90.81214966256223,-43.49991715428615,-0.6520242060526736,0.0
0.8,0.02,6.0,0.4,5.898305084745763,2.0,47.77182523099644,90.81214966256223,-43.04032443156579,-0.6423570481111318,0.0
0.825,0.01,5.9,0.4,5.898305084745763,2.0,48.7634556332561,90.81214966256223,-42.048694029306134,-0.6218119111631737,0.0
0.825,0.01,6.0,0.4,5.898305084745763,2.0,48.99972820800908,90.81214966256223,-41.81242145455315,-0.6169783321924026,0.0
0.825,0.02,5.9,0.4,5.898305084745763,2.0,48.767584237011754,90.81214966256223,-42.04456542555048,-0.6217272488082226,0.0
0.825,0.02,6.0,0.4,5.898305084745763,2.0,49.24131429859915,90.81214966256223,-41.570835363963084,-0.6120600908666807,0.0
0.8,0.01,5.9,0.4,5.898305084745763,4.0,47.32895030794324,90.82895137743073,-43.50000106948749,-0.6518559170375336,0.0
0.8,0.01,6.0,0.4,5.898305084745763,4.0,47.55832587210296,90.82895137743073,-43.270625505327764,-0.6470212116863785,0.0
0.8,0.02,5.9,0.4,5.898305084745763,4.0,47.33295839179387,90.82895137743073,-43.49599298563685,-0.6517712349535131,0.0
0.8,0.02,6.0,0.4,5.898305084745763,4.0,47.79286011224871,90.82895137743073,-43.036091265182016,-0.6421018242512035,0.0
0.825,0.01,5.9,0.4,5.898305084745763,4.0,48.78516071630254,90.82895137743073,-42.043790661128185,-0.6215518996212022,0.0
0.825,0.01,6.0,0.4,5.898305084745763,4.0,49.02159367518113,90.82895137743073,-41.8073577022496,-0.616717194270047,0.0
0.825,0.02,5.9,0.4,5.898305084745763,4.0,48.78929212030676,90.82895137743073,-42.039659257123965,-0.6214672175371815,0.0
0.825,0.02,6.0,0.4,5.898305084745763,4.0,49.26334403145443,90.82895137743073,-41.5656073459763,-0.6117978068348718,0.0
0.8,0.01,5.9,0.4,6.169491525423728,0.2,53.22645900099954,86.94702113806264,-33.7205621370631,-0.49074335837857597,0.0
0.8,0.01,6.0,0.4,6.169491525423728,0.2,53.41726523419695,86.94702113806264,-33.52975590386569,-0.4871649680294026,0.0
0.8,0.02,5.9,0.4,6.169491525423728,0.2,52.547163218747265,86.94702113806264,-34.39985791931537,-0.503587867382533,0.0
0.8,0.02,6.0,0.4,6.169491525423728,0.2,52.924580678292195,86.94702113806264,-34.02244045977044,-0.496431086684186,0.0
0.825,0.01,5.9,0.4,6.169491525423728,0.2,55.19261813179356,86.94702113806264,-31.75440300626908,-0.45446976588771204,0.0
0.825,0.01,6.0,0.4,6.169491525423728,0.2,55.390472653091564,86.94702113806264,-31.556548484971074,-0.45089137553853864,0.0
0.825,0.02,5.9,0.4,6.169491525423728,0.2,54.48822949854476,86.94702113806264,-32.45879163951788,-0.46731427489166893,0.0
0.825,0.02,6.0,0.4,6.169491525423728,0.2,54.879588572807876,86.94702113806264,-32.06743256525476,-0.46015749419332197,0.0
0.8,0.01,5.9,0.4,6.169491525423728,0.6,53.22975044943165,86.94817366721938,-33.71842321778773,-0.49069477716017235,0.0
0.8,0.01,6.0,0.4,6.169491525423728,0.6,53.420575981580015,86.94817366721938,-33.527597685639364,-0.48711624642004303,0.0
0.8,0.02,5.9,0.4,6.169491525423728,0.6,52.55038617885137,86.94817366721938,-34.39778748836801,-0.5035397900926325,0.0
0.8,0.02,6.0,0.4,6.169491525423728,0.6,52.927841648329895,86.94817366721938,-34.02033201888948,-0.49638272861237426,0.0
0.825,0.01,5.9,0.4,6.169491525423728,0.6,55.1961097154223,86.94817366721938,-31.752063951797076,-0.45441976154778724,0.0
0.825,0.01,6.0,0.4,6.169491525423728,0.6,55.39398453016472,86.94817366721938,-31.554189137054657,-0.45084123080765753,0.0
0.825,0.02,5.9,0.4,6.169491525423728,0.6,54.49164906138804,86.94817366721938,-32.45652460583134,-0.4672647744802478,0.0
0.825,0.02,6.0,0.4,6.169491525423728,0.6,54.883048106660965,86.94817366721938,-32.065125560558414,-0.4601077129999891,0.0
0.8,0.01,5.9,0.4,6.169491525423728,1.0,53.23304172558166,86.94932616967884,-33.716284444097184,-0.4906462025189319,0.0
0.8,0.01,6.0,0.4,6.169491525423728,1.0,53.42388655589447,86.94932616967884,-33.52543961378437,-0.4870675314083884,0.0
0.8,0.02,5.9,0.4,6.169491525423728,1.0,52.55360896948561,86.94932616967884,-34.39571720019323,-0.5034917193061619,0.0
0.8,0.02,6.0,0.4,6.169491525423728,1.0,52.93110244733291,86.94932616967884,-34.01822372234593,-0.4963343770850755,0.0
0.825,0.01,5.9,0.4,6.169491525423728,1.0,55.199601118736375,86.94932616967884,-31.749725050942466,-0.45436976399325496,0.0
0.825,0.01,6.0,0.4,6.169491525423728,1.0,55.3974962261237,86.94932616967884,-31.55182994355514,-0.4507910928827123,0.0
0.825,0.02,5.9,0.4,6.169491525423728,1.0,54.49506844677595,86.94932616967884,-32.45425772290289,-0.46721528078048463,0.0
0.825,0.02,6.0,0.4,6.169491525423728,1.0,54.88650746146747,86.94932616967884,-32.062818708211374,-0.4600579385593988,0.0
0.8,0.01,5.9,0.4,6.169491525423728,2.0,53.24126916196412,86.9522073097103,-33.710938147746184,-0.49052479469670196,0.0
0.8,0.01,6.0,0.4,6.169491525423728,2.0,53.43216223424331,86.9522073097103,-33.520045075466996,-0.48694577275001105,0.0
0.8,0.02,5.9,0.4,6.169491525423728,2.0,52.561665204395176,86.9522073097103,-34.39054210531513,-0.5033715707982088,0.0
0.8,0.02,6.0,0.4,6.169491525423728,2.0,52.93925369631109,86.9522073097103,-34.01295361339921,-0.4962135269048279,0.0
0.825,0.01,5.9,0.4,6.169491525423728,2.0,55.20832883784833,86.9522073097103,-31.743878471861976,-0.45424479979896903,0.0
0.825,0.01,6.0,0.4,6.169491525423728,2.0,55.40627467334664,86.9522073097103,-31.545932636363666,-0.45066577785227857,0.0
0.825,0.02,5.9,0.4,6.169491525423728,2.0,54.5036161335957,86.9522073097103,-32.448591176114604,-0.4670915759004761,0.0
0.825,0.02,6.0,0.4,6.169491525423728,2.0,54.895155064864724,86.9522073097103,-32.05705224484558,-0.45993353200709497,0.0
0.8,0.01,5.9,0.4,6.169491525423728,4.0,53.25772079994958,86.95796909219023,-33.700248292240644,-0.4902821024069763,0.0
0.8,0.01,6.0,0.4,6.169491525423728,4.0,53.448710341370415,86.95796909219023,-33.50925875081981,-0.4867023791732472,0.0
0.8,0.02,5.9,0.4,6.169491525423728,4.0,52.577774492319506,86.95796909219023,-34.38019459987072,-0.503131395754174,0.0
0.8,0.02,6.0,0.4,6.169491525423728,4.0,52.955552982946315,86.95796909219023,-34.00241610924391,-0.49597194928671534,0.0
0.825,0.01,5.9,0.4,6.169491525423728,4.0,55.22578089022439,86.95796909219023,-31.732188201965833,-0.4539949986704123,0.0
0.825,0.01,6.0,0.4,6.169491525423728,4.0,55.42382816690853,86.95796909219023,-31.534140925281697,-0.45041527543668236,0.0
0.825,0.02,5.9,0.4,6.169491525423728,4.0,54.520708175165026,86.95796909219023,-32.4372609170252,-0.46684429201760963,0.0
0.825,0.02,6.0,0.4,6.169491525423728,4.0,54.912446909662584,86.95796909219023,-32.04552218252764,-0.4596848455501505,0.0
0.8,0.01,5.9,0.4,6.4406779661016955,0.2,71.93007559612293,53.17603232822576,18.754043267897174,0.30208670015986416,0.0
0.8,0.01,6.0,0.4,6.4406779661016955,0.2,71.80003809282618,53.17603232822576,18.624005764600426,0.30027723190801786,0.0
0.8,0.02,5.9,0.4,6.4406779661016955,0.2,70.73018618003246,53.17603232822576,17.554153851806703,0.28526466862165595,0.0
0.8,0.02,6.0,0.4,6.4406779661016955,0.2,70.47468073519964,53.17603232822576,17.298648406973882,0.2816457321179633,0.0
0.825,0.01,5.9,0.4,6.4406779661016955,0.2,75.39508612240705,53.17603232822576,22.219053794181292,0.34913432741307016,0.0
0.825,0.01,6.0,0.4,6.4406779661016955,0.2,75.25878446167684,53.17603232822576,22.08275213345108,0.3473248591612238,0.0
0.825,0.02,5.9,0.4,6.4406779661016955,0.2,74.13739571802796,53.17603232822576,20.9613633898022,0.3323122958748618,0.0
0.825,0.02,6.0,0.4,6.4406779661016955,0.2,73.86958208293493,53.17603232822576,20.693549754709167,0.328693359371169,0.0
0.8,0.01,5.9,0.4,6.4406779661016955,0.6,71.93048605374636,53.17628845305178,18.75419760069458,0.30208758995096924,0.0
0.8,0.01,6.0,0.4,6.4406779661016955,0.6,71.80044789798988,53.17628845305178,18.6241594449381,0.30027812294672995,0.0
0.8,0.02,5.9,0.4,6.4406779661016955,0.6,70.7305906110517,53.17628845305178,17.554302157999913,0.2852655700113546,0.0
0.8,0.02,6.0,0.4,6.4406779661016955,0.6,70.47508388110431,53.17628845305178,17.29879542805253,0.28164663600287626,0.0
0.825,0.01,5.9,0.4,6.4406779661016955,0.6,75.39551390682698,53.17628845305178,22.219225453775195,0.3491351847653865,0.0
0.825,0.01,6.0,0.4,6.4406779661016955,0.6,75.25921156662828,53.17628845305178,22.0829231135765,0.34732571776114746,0.0
0.825,0.02,5.9,0.4,6.4406779661016955,0.6,74.13781722632874,53.17628845305178,20.961528773276953,0.3323131648257723,0.0
0.825,0.02,6.0,0.4,6.4406779661016955,0.6,73.87000225290227,53.17628845305178,20.693713799850485,0.3286942308172939,0.0
0.8,0.01,5.9,0.4,6.4406779661016955,1.0,71.93089650704322,53.17654457489055,18.754351932152666,0.30208847972873815,0.0
0.8,0.01,6.0,0.4,6.4406779661016955,1.0,71.80085769883719,53.17654457489055,18.624313123946642,0.30027901397212486,0.0
0.8,0.02,5.9,0.4,6.4406779661016955,1.0,70.7309950378383,53.17654457489055,17.55445046294775,0.28526647138789246,0.0
0.8,0.02,6.0,0.4,6.4406779661016955,1.0,70.47548702279627,53.17654457489055,17.298942447905723,0.28164753987466595,0.0
0.825,0.01,5.9,0.4,6.4406779661016955,1.0,75.39594168664719,53.17654457489055,22.219397111756642,0.3491360421038777,0.0
0.825,0.01,6.0,0.4,6.4406779661016955,1.0,75.25963866699077,53.17654457489055,22.083094092100218,0.34732657634726427,0.0
0.825,0.02,5.9,0.4,6.4406779661016955,1.0,74.1382387301292,53.17654457489055,20.961694155238654,0.3323140337630318,0.0
0.825,0.02,6.0,0.4,6.4406779661016955,1.0,73.87042241839048,53.17654457489055,20.693877843499926,0.32869510224980575,0.0
0.8,0.01,5.9,0.4,6.4406779661016955,2.0,71.93192261807602,53.1771848639417,18.754737754134318,0.30209070411578304,0.0
0.8,0.01,6.0,0.4,6.4406779661016955,2.0,71.80188217879628,53.1771848639417,18.62469731485458,0.30028124147831153,0.0
0.8,0.02,5.9,0.4,6.4406779661016955,2.0,70.73200608305723,53.1771848639417,17.55482121911553,0.2852687247725706,0.0
0.8,0.02,6.0,0.4,6.4406779661016955,2.0,70.47649485537681,53.1771848639417,17.299309991435116,0.2816497994976273,0.0
0.825,0.01,5.9,0.4,6.4406779661016955,2.0,75.39701111264678,53.1771848639417,22.219826248705083,0.3491381853907389,0.0
0.825,0.01,6.0,0.4,6.4406779661016955,2.0,75.26070639439912,53.1771848639417,22.083521530457425,0.34732872275326704,0.0
0.825,0.02,5.9,0.4,6.4406779661016955,2.0,74.13929246656787,53.1771848639417,20.96210760262617,0.3323162060475263,0.0
0.825,0.02,6.0,0.4,6.4406779661016955,2.0,73.87147280915218,53.1771848639417,20.694287945210483,0.3286972807725834,0.0
0.8,0.01,5.9,0.4,6.4406779661016955,4.0,71.9339747474486,53.178465376946676,18.755509370501926,0.30209515264987985,0.0
0.8,0.01,6.0,0.4,6.4406779661016955,4.0,71.80393104623148,53.178465376946676,18.625465669284807,0.3002856962510164,0.0
0.8,0.02,5.9,0.4,6.4406779661016955,4.0,70.7340280827379,53.178465376946676,17.555562705791218,0.2852732313049572,0.0
0.8,0.02,6.0,0.4,6.4406779661016955,4.0,70.47851043019209,53.178465376946676,17.300045053245412,0.2816543185072305,0.0
0.825,0.01,5.9,0.4,6.4406779661016955,4.0,75.39914986632849,53.178465376946676,22.22068448938181,0.34914247171601426,0.0
0.825,0.01,6.0,0.4,6.4406779661016955,4.0,75.26284175112056,53.178465376946676,22.084376374173885,0.3473330153171512,0.0
0.825,0.02,5.9,0.4,6.4406779661016955,4.0,74.14139984317507,53.178465376946676,20.96293446622839,0.3323205503710921,0.0
0.825,0.02,6.0,0.4,6.4406779661016955,4.0,73.87357349484057,53.178465376946676,20.695108117893895,0.32870163757336524,0.0
0.8,0.01,5.9,0.4,6.711864406779661,0.2,3.215538760203297,24.022491636014024,-20.806952875810726,-2.010995622299977,0.0
0.8,0.01,6.0,0.4,6.711864406779661,0.2,3.216142524699763,24.022491636014024,-20.806349111314262,-2.010807875279721,0.0
0.8,0.02,5.9,0.4,6.711864406779661,0.2,3.217005851398683,24.022491636014024,-20.805485784615342,-2.0105394758418003,0.0
0.8,0.02,6.0,0.4,6.711864406779661,0.2,3.2182140447446814,24.022491636014024,-20.804277591269344,-2.0101639818012877,0.0
0.825,0.01,5.9,0.4,6.711864406779661,0.2,3.206954750085186,24.022491636014024,-20.81553688592884,-2.013668732118085,0.0
0.825,0.01,6.0,0.4,6.711864406779661,0.2,3.2075569028080317,24.022491636014024,-20.81493473320599,-2.0134809850978286,0.0
0.825,0.02,5.9,0.4,6.711864406779661,0.2,3.2084179248215885,24.022491636014024,-20.814073711192435,-2.013212585659908,0.0
0.825,0.02,6.0,0.4,6.711864406779661,0.2,3.20962289284683,24.022491636014024,-20.812868743167193,-2.0128370916193954,0.0
0.8,0.01,5.9,0.4,6.711864406779661,0.6,3.2155526617023362,24.022531753025778,-20.80697909132344,-2.010992969059602,0.0
0.8,0.01,6.0,0.4,6.711864406779661,0.6,3.216156409054981,24.022531753025778,-20.806375343970796,-2.0108052281814692,0.0
0.8,0.02,5.9,0.4,6.711864406779661,0.6,3.2170197112333994,24.022531753025778,-20.80551204179238,-2.010536837524208,0.0
0.8,0.02,6.0,0.4,6.711864406779661,0.6,3.2182278702511513,24.022531753025778,-20.804303882774626,-2.010161355767943,0.0
0.825,0.01,5.9,0.4,6.711864406779661,0.6,3.206968894924655,24.022531753025778,-20.815562858101124,-2.013665991427203,0.0
0.825,0.01,6.0,0.4,6.711864406779661,0.6,3.207571030602103,24.022531753025778,-20.814960722423674,-2.013478250549071,0.0
0.825,0.02,5.9,0.4,6.711864406779661,0.6,3.2084320282359107,24.022531753025778,-20.814099724789866,-2.0132098598918096,0.0
0.825,0.02,6.0,0.4,6.711864406779661,0.6,3.2096369621299186,24.022531753025778,-20.81289479089586,-2.012834378135545,0.0
0.8,0.01,5.9,0.4,6.711864406779661,1.0,3.2155665630170613,24.022571869375913,-20.807005306358853,-2.010990315864905,0.0
0.8,0.01,6.0,0.4,6.711864406779661,1.0,3.216170293226006,24.022571869375913,-20.806401576149906,-2.0108025811287953,0.0
0.8,0.02,5.9,0.4,6.711864406779661,1.0,3.2170335708840994,24.022571869375913,-20.805538298491815,-2.0105341992520476,0.0
0.8,0.02,6.0,0.4,6.711864406779661,1.0,3.2182416955738495,24.022571869375913,-20.804330173802065,-2.010158729779828,0.0
0.825,0.01,5.9,0.4,6.711864406779661,1.0,3.2069830395781045,24.022571869375913,-20.815588829797807,-2.0136632507834493,0.0
0.825,0.01,6.0,0.4,6.711864406779661,1.0,3.207585158210272,24.022571869375913,-20.81498671116564,-2.013475516047339,0.0
0.825,0.02,5.9,0.4,6.711864406779661,1.0,3.208446131464502,24.022571869375913,-20.81412573791141,-2.0132071341705915,0.0
0.825,0.02,6.0,0.4,6.711864406779661,1.0,3.209651031227512,24.022571869375913,-20.8129208381484,-2.0128316646983717,0.0
0.8,0.01,5.9,0.4,6.711864406779661,2.0,3.21560131565004,24.022672158852178,-20.807070843202137,-2.010983683092822,0.0
0.8,0.01,6.0,0.4,6.711864406779661,2.0,3.2162050030003932,24.022672158852178,-20.806467155851784,-2.0107959637112924,0.0
0.8,0.02,5.9,0.4,6.711864406779661,2.0,3.2170682193586133,24.022672158852178,-20.805603939493565,-2.010527603785151,0.0
0.8,0.02,6.0,0.4,6.711864406779661,2.0,3.218276258229683,24.022672158852178,-20.804395900622495,-2.0101521650220926,0.0
0.825,0.01,5.9,0.4,6.711864406779661,2.0,3.20701840054868,24.022672158852178,-20.815653758303498,-2.0136563993954817,0.0
0.825,0.01,6.0,0.4,6.711864406779661,2.0,3.2076204765682843,24.022672158852178,-20.815051682283894,-2.0134686800139523,0.0
0.825,0.02,5.9,0.4,6.711864406779661,2.0,3.208481388874481,24.022672158852178,-20.814190769977696,-2.013200320087811,0.0
0.825,0.02,6.0,0.4,6.711864406779661,2.0,3.2096862033112847,24.022672158852178,-20.812985955540892,-2.0128248813247525,0.0
0.8,0.01,5.9,0.4,6.711864406779661,4.0,3.2156708181543925,24.02287273152609,-20.807201913371696,-2.010970418444208,0.0
0.8,0.01,6.0,0.4,6.711864406779661,4.0,3.216274419790217,24.02287273152609,-20.806598311735872,-2.0107827297698595,0.0
0.8,0.02,5.9,0.4,6.711864406779661,4.0,3.2171375135524944,24.02287273152609,-20.805735217973595,-2.0105144137420976,0.0
0.8,0.02,6.0,0.4,6.711864406779661,4.0,3.218345380791544,24.02287273152609,-20.804527350734546,-2.0101390363934004,0.0
0.825,0.01,5.9,0.4,6.711864406779661,4.0,3.2070891196910525,24.02287273152609,-20.815783611835037,-2.0136426975433075,0.0
0.825,0.01,6.0,0.4,6.711864406779661,4.0,3.2076911104881045,24.02287273152609,-20.815181621037986,-2.0134550088689593,0.0
0.825,0.02,5.9,0.4,6.711864406779661,4.0,3.2085519009019263,24.02287273152609,-20.814320830624162,-2.013186692841197,0.0
0.825,0.02,6.0,0.4,6.711864406779661,4.0,3.2097565446914946,24.02287273152609,-20.813116186834595,-2.0128113154925,0.0
0.8,0.01,5.9,0.4,7.254237288135593,0.2,3.31311739479622,3.4391049246431042,-0.12598752984688444,-0.037321683923858526,0.0
0.8,0.01,6.0,0.4,7.254237288135593,0.2,3.3131637687341526,3.4391049246431042,-0.1259411559089516,-0.037307686951261396,0.0
0.8,0.02,5.9,0.4,7.254237288135593,0.2,3.313159835968886,3.4391049246431042,-0.1259450886742184,-0.03730887396400061,0.0
0.8,0.02,6.0,0.4,7.254237288135593,0.2,3.313252585681963,3.4391049246431042,-0.12585233896114145,-0.037280880018806424,0.0
0.825,0.01,5.9,0.4,7.254237288135593,0.2,3.307262047767383,3.4391049246431042,-0.13184287687572116,-0.03909057001457193,0.0
0.825,0.01,6.0,0.4,7.254237288135593,0.2,3.3073083397476104,3.4391049246431042,-0.13179658489549384,-0.03907657304197473,0.0
0.825,0.02,5.9,0.4,7.254237288135593,0.2,3.3073044139328083,3.4391049246431042,-0.13180051071029597,-0.03907776005471403,0.0
0.825,0.02,6.0,0.4,7.254237288135593,0.2,3.3073969997272274,3.4391049246431042,-0.1317079249158768,-0.039049766109519816,0.0
0.8,0.01,5.9,0.4,7.254237288135593,0.6,3.3131180146304064,3.4391055154853563,-0.1259875008549498,-0.03732166864014693,0.0
0.8,0.01,6.0,0.4,7.254237288135593,0.6,3.313164388520291,3.4391055154853563,-0.1259411269650652,-0.03730767168467061,0.0
0.8,0.02,5.9,0.4,7.254237288135593,0.6,3.3131604557590992,3.4391055154853563,-0.12594505972625702,-0.03730885869595797,0.0
0.8,0.02,6.0,0.4,7.254237288135593,0.6,3.313253205376077,3.4391055154853563,-0.12585231010927922,-0.037280864785004864,0.0
0.825,0.01,5.9,0.4,7.254237288135593,0.6,3.3072626736618815,3.4391055154853563,-0.13184284182347472,-0.039090552567210356,0.0
0.825,0.01,6.0,0.4,7.254237288135593,0.6,3.307308965594246,3.4391055154853563,-0.13179654989111045,-0.03907655561173403,0.0
0.825,0.02,5.9,0.4,7.254237288135593,0.6,3.3073050397835027,3.4391055154853563,-0.1318004757018536,-0.039077742623021446,0.0
0.825,0.02,6.0,0.4,7.254237288135593,0.6,3.3073976254821926,3.4391055154853563,-0.13170789000316363,-0.039049748712068455,0.0
0.8,0.01,5.9,0.4,7.254237288135593,1.0,3.31311863445249,3.4391061064013226,-0.12598747194883275,-0.03732165338152814,0.0
0.8,0.01,6.0,0.4,7.254237288135593,1.0,3.3131650082943467,3.4391061064013226,-0.12594109810697596,-0.0373076564431664,0.0
0.8,0.02,5.9,0.4,7.254237288135593,1.0,3.313161075537227,3.4391061064013226,-0.12594503086409548,-0.037308843453002505,0.0
0.8,0.02,6.0,0.4,7.254237288135593,1.0,3.3132538250581454,3.4391061064013226,-0.12585228134317727,-0.03728084957627871,0.0
0.825,0.01,5.9,0.4,7.254237288135593,1.0,3.3072632995417384,3.4391061064013226,-0.13184280685958427,-0.03909053514571652,0.0
0.825,0.01,6.0,0.4,7.254237288135593,1.0,3.3073095914262605,3.4391061064013226,-0.13179651497506217,-0.039076538207354475,0.0
0.825,0.02,5.9,0.4,7.254237288135593,1.0,3.3073056656195745,3.4391061064013226,-0.13180044078174813,-0.0390777252171905,0.0
0.825,0.02,6.0,0.4,7.254237288135593,1.0,3.307398251222575,3.4391061064013226,-0.13170785517874783,-0.03904973134046669,0.0
0.8,0.01,5.9,0.4,7.254237288135593,2.0,3.3131201839393527,3.4391075836486515,-0.12598739970929884,-0.03732161524325071,0.0
0.8,0.01,6.0,0.4,7.254237288135593,2.0,3.3131665576611478,3.4391075836486515,-0.12594102598750379,-0.03730761834767288,0.0
0.8,0.02,5.9,0.4,7.254237288135593,2.0,3.3131626249142103,3.4391075836486515,-0.12594495873444123,-0.03730880535388064,0.0
0.8,0.02,6.0,0.4,7.254237288135593,2.0,3.3132553741949926,3.4391075836486515,-0.12585220945365894,-0.0372808115627251,0.0
0.825,0.01,5.9,0.4,7.254237288135593,2.0,3.307264864172208,3.4391075836486515,-0.13184271947644355,-0.03909049160054125,0.0
0.825,0.01,6.0,0.4,7.254237288135593,2.0,3.3073111559371307,3.4391075836486515,-0.1317964277115209,-0.03907649470496317,0.0
0.825,0.02,5.9,0.4,7.254237288135593,2.0,3.307307230140587,3.4391075836486515,-0.13180035350806474,-0.03907768171117113,0.0
0.825,0.02,6.0,0.4,7.254237288135593,2.0,3.3073998155043762,3.4391075836486515,-0.13170776814427532,-0.03904968792001557,0.0
0.8,0.01,5.9,0.4,7.254237288135593,4.0,3.313123282803556,3.43911053799428,-0.12598725519072396,-0.03732153895652208,0.0
0.8,0.01,6.0,0.4,7.254237288135593,4.0,3.3131696562852166,3.43911053799428,-0.12594088170906348,-0.03730754214651451,0.0
0.8,0.02,5.9,0.4,7.254237288135593,4.0,3.3131657235586442,3.43911053799428,-0.12594481443563588,-0.037308729145465576,0.0
0.8,0.02,6.0,0.4,7.254237288135593,4.0,3.3132584723591374,3.43911053799428,-0.12585206563514273,-0.03728073552545061,0.0
0.825,0.01,5.9,0.4,7.254237288135593,4.0,3.307267993324732,3.43911053799428,-0.13184254466954792,-0.03909040449975595,0.0
0.825,0.01,6.0,0.4,7.254237288135593,4.0,3.307314284850445,3.43911053799428,-0.13179625314383525,-0.039076407689748356,0.0
0.825,0.02,5.9,0.4,7.254237288135593,4.0,3.307310359074189,3.43911053799428,-0.13180017892009133,-0.039077594688699153,0.0
0.825,0.02,6.0,0.4,7.254237288135593,4.0,3.3074029439595387,3.43911053799428,-0.13170759403474142,-0.039049601068684305,0.0
