alpha,taper,boost_peak,boost_center_D,boost_sigma_D,D60_D4p814_max_abs_delta_mu,D60_D5p627_max_abs_delta_mu,D60_D6p712_max_abs_delta_mu,D60_guard_D6p169_max_abs_delta_mu,D60_guard_D6p441_max_abs_delta_mu,D21_guard_D4p0_max_abs_delta_mu,D21_guard_D6p4_max_abs_delta_mu,D21_guard_D8p0_max_abs_delta_mu,hotspot_objective,guard60_objective,guard21_objective,joint_objective
0.76,0.0175,0.0,5.9,0.1,8.888183411152404,5.317083842318489,7.241780536573703,10.276066985588301,17.98852025713368,1.0310140197683886,14.097878914354865,0.32197042897099504,8.888183411152404,17.98852025713368,14.097878914354865,17.98852025713368
0.76,0.0175,0.0,5.9,0.15,8.888183411152404,5.317083842318489,7.241780536573703,10.276066985588301,17.98852025713368,1.0310140197683886,14.097878914354865,0.32197042897099504,8.888183411152404,17.98852025713368,14.097878914354865,17.98852025713368
0.76,0.0175,0.0,5.9,0.2,8.888183411152404,5.317083842318489,7.241780536573703,10.276066985588301,17.98852025713368,1.0310140197683886,14.097878914354865,0.32197042897099504,8.888183411152404,17.98852025713368,14.097878914354865,17.98852025713368
0.76,0.0175,0.15,5.9,0.1,8.888183411152404,5.100018682758957,7.24178053657371,9.81953747880037,17.98852980095476,1.0310140197683886,14.097815871066622,0.32197042897099504,8.888183411152404,17.98852980095476,14.097815871066622,17.98852980095476
0.76,0.0175,0.3,5.9,0.1,8.888183411152404,4.8818565766813435,7.24178053657371,9.359831357620493,17.988539344777244,1.0310140197683886,14.09775282769153,0.32197042897099504,8.888183411152404,17.988539344777244,14.09775282769153,17.988539344777244
0.76,0.0175,0.15,5.9,0.15,8.888183411153086,3.569243515470035,7.241780742717356,6.764755449085158,18.020616420115196,1.0310140197683886,14.032432977617951,0.32197042897099504,8.888183411153086,18.020616420115196,14.032432977617951,18.020616420115196
0.76,0.0175,0.3,5.9,0.15,8.888183411153744,1.7514900684158832,7.24178094886101,3.0655271503457016,18.052728387425923,1.0310140197683886,13.96689348576804,0.32197042897099504,8.888183411153744,18.052728387425923,13.96689348576804,18.052728387425923
0.76,0.015,0.0,5.9,0.1,8.88801917393479,5.465512903811309,7.246533755728038,10.09295773443418,18.340334670574514,1.031014142710836,13.815061396993357,0.3219704297848516,8.88801917393479,18.340334670574514,13.815061396993357,18.340334670574514
0.76,0.015,0.0,5.9,0.15,8.88801917393479,5.465512903811309,7.246533755728038,10.09295773443418,18.340334670574514,1.031014142710836,13.815061396993357,0.3219704297848516,8.88801917393479,18.340334670574514,13.815061396993357,18.340334670574514
0.76,0.015,0.0,5.9,0.2,8.88801917393479,5.465512903811309,7.246533755728038,10.09295773443418,18.340334670574514,1.031014142710836,13.815061396993357,0.3219704297848516,8.88801917393479,18.340334670574514,13.815061396993357,18.340334670574514
0.76,0.015,0.15,5.9,0.1,8.88801917393479,5.249197835802697,7.246533755728041,9.635154120553793,18.340344265907298,1.031014142710836,13.814997964259014,0.3219704297848516,8.88801917393479,18.340344265907298,13.814997964259014,18.340344265907298
0.76,0.015,0.3,5.9,0.1,8.88801917393479,5.031789611890389,7.246533755728041,9.174165026815245,18.340353861241447,1.031014142710836,13.814934531437366,0.3219704297848516,8.88801917393479,18.340353861241447,13.814934531437366,18.340353861241447
0.76,0.015,0.15,5.9,0.15,8.888019173935447,3.7237124235425156,7.246533961905438,6.5718466409123835,18.372604068930023,1.031014142710836,13.74921117198253,0.3219704297848516,8.888019173935447,18.372604068930023,13.74921117198253,18.372604068930023
0.76,0.015,0.3,5.9,0.15,8.88801917393613,1.91207633701908,7.246534168082839,2.862294336950953,18.40488935691679,1.031014142710836,13.683266813927702,0.3219704297848516,8.88801917393613,18.40488935691679,13.683266813927702,18.40488935691679
0.76,0.0175,0.15,5.9,0.2,8.88818347526431,1.6353500206453049,7.241905618423445,2.966600260098744,18.54123292956411,1.0310140197683886,13.348537950572556,0.32197042897099504,8.88818347526431,18.54123292956411,13.348537950572556,18.54123292956411
0.76,0.0125,0.0,5.9,0.1,8.887854938057611,5.613429053028547,7.251287753071416,9.909337452137251,18.69404796213103,1.0310142656532766,13.530496791705133,0.32197043059870767,8.887854938057611,18.69404796213103,13.530496791705133,18.69404796213103
0.76,0.0125,0.0,5.9,0.15,8.887854938057611,5.613429053028547,7.251287753071416,9.909337452137251,18.69404796213103,1.0310142656532766,13.530496791705133,0.32197043059870767,8.887854938057611,18.69404796213103,13.530496791705133,18.69404796213103
0.76,0.0125,0.0,5.9,0.2,8.887854938057611,5.613429053028547,7.251287753071416,9.909337452137251,18.69404796213103,1.0310142656532766,13.530496791705133,0.32197043059870767,8.887854938057611,18.69404796213103,13.530496791705133,18.69404796213103
0.76,0.0125,0.15,5.9,0.1,8.887854938057611,5.397861484550404,7.251287753071416,9.450256175317833,18.694057609253527,1.0310142656532766,13.53043296711897,0.32197043059870767,8.887854938057611,18.694057609253527,13.53043296711897,18.694057609253527
0.76,0.0125,0.3,5.9,0.1,8.887854938057611,5.181204537684067,7.251287753071416,8.987980528431791,18.694067256377416,1.0310142656532766,13.530369142444926,0.32197043059870767,8.887854938057611,18.694067256377416,13.530369142444926,18.694067256377416
0.76,0.0125,0.15,5.9,0.15,8.887854938058275,3.877647548012604,7.251287959282564,6.378399452466127,18.72649153087867,1.0310142656532766,13.464239780954301,0.32197043059870767,8.887854938058275,18.72649153087867,13.464239780954301,18.72649153087867
0.76,0.0125,0.3,5.9,0.15,8.88785493805895,2.0721076961961487,7.2512881654937225,2.658494330493909,18.75895107502003,1.0310142656532766,13.397888055658349,0.32197043059870767,8.88785493805895,18.75895107502003,13.397888055658349,18.75895107502003
0.76,0.015,0.15,5.9,0.2,8.88801923804617,1.796337613769147,7.246658858055962,2.7630913562199737,18.896030546528912,1.031014142710836,13.061091425209675,0.3219704297848516,8.88801923804617,18.896030546528912,13.061091425209675,18.896030546528912
0.76,0.0175,0.3,5.9,0.2,8.888183539376218,2.3648551624023924,7.242030700812066,5.197841457849293,19.098632318425537,1.0310140197683886,12.58693216900437,0.32197042897099504,8.888183539376218,19.098632318425537,12.58693216900437,19.098632318425537
0.76,0.0125,0.15,5.9,0.2,8.887855002168472,1.9567689106809993,7.251412875880881,2.559014488750776,19.25274314310969,1.0310142656532766,12.771869216506104,0.32197043059870767,8.887855002168472,19.25274314310969,12.771869216506104,19.25274314310969
0.77,0.0175,0.0,5.9,0.1,8.899116104404488,4.71535823538639,7.27336774106146,9.12071665537077,19.421649136449894,1.014946767649521,12.956083080562955,0.3220763933622508,8.899116104404488,19.421649136449894,12.956083080562955,19.421649136449894
0.77,0.0175,0.0,5.9,0.15,8.899116104404488,4.71535823538639,7.27336774106146,9.12071665537077,19.421649136449894,1.014946767649521,12.956083080562955,0.3220763933622508,8.899116104404488,19.421649136449894,12.956083080562955,19.421649136449894
0.77,0.0175,0.0,5.9,0.2,8.899116104404488,4.71535823538639,7.27336774106146,9.12071665537077,19.421649136449894,1.014946767649521,12.956083080562955,0.3220763933622508,8.899116104404488,19.421649136449894,12.956083080562955,19.421649136449894
0.77,0.0175,0.15,5.9,0.1,8.899116104404488,4.495252234032144,7.273367741061463,8.656148013253926,19.421658890105725,1.014946767649521,12.95601846499624,0.3220763933622508,8.899116104404488,19.421658890105725,12.95601846499624,19.421658890105725
0.77,0.0175,0.3,5.9,0.1,8.899116104404488,4.274033919157482,7.273367741061463,8.188346818996095,19.421668643762963,1.014946767649521,12.955953849340553,0.3220763933622508,8.899116104404488,19.421668643762963,12.955953849340553,19.421668643762963
0.77,0.0175,0.15,5.9,0.15,8.89911610440517,2.9430326068565336,7.273367947429389,5.547573609175004,19.454450980062724,1.014946767649521,12.88900494412674,0.3220763933622508,8.89911610440517,19.454450980062724,12.88900494412674,19.454450980062724
0.76,0.015,0.3,5.9,0.2,8.888019302157549,2.1898803505282274,7.2467839609228655,5.424235150943517,19.456438434930895,1.031014142710836,12.29478087047793,0.3219704297848516,8.888019302157549,19.456438434930895,12.29478087047793,19.456438434930895
0.77,0.0175,0.3,5.9,0.15,8.899116104405827,1.1004797562256883,7.273368153797321,1.7832047303328835,19.487268975485783,1.014946767649521,12.821830919344407,0.3220763933622508,8.899116104405827,19.487268975485783,12.821830919344407,19.487268975485783
0.77,0.015,0.0,5.9,0.1,8.898951777958253,4.865866623172941,7.27812613161975,8.934382990398689,19.78119869933871,1.014946891509727,12.666212189228837,0.3220763941760638,8.898951777958253,19.78119869933871,12.666212189228837,19.78119869933871
0.77,0.015,0.0,5.9,0.15,8.898951777958253,4.865866623172941,7.27812613161975,8.934382990398689,19.78119869933871,1.014946891509727,12.666212189228837,0.3220763941760638,8.898951777958253,19.78119869933871,12.666212189228837,19.78119869933871
0.77,0.015,0.0,5.9,0.2,8.898951777958253,4.865866623172941,7.27812613161975,8.934382990398689,19.78119869933871,1.014946891509727,12.666212189228837,0.3220763941760638,8.898951777958253,19.78119869933871,12.666212189228837,19.78119869933871
0.77,0.015,0.15,5.9,0.1,8.898951777958253,4.646521221319155,7.27812613161975,8.468517805138305,19.78120850563878,1.014946891509727,12.666147174503415,0.3220763941760638,8.898951777958253,19.78120850563878,12.666147174503415,19.78120850563878
0.77,0.015,0.3,5.9,0.1,8.898951777958253,4.426067349661615,7.278126131619757,7.999411046156567,19.781218311940258,1.014946891509727,12.666082159688457,0.3220763941760638,8.898951777958253,19.781218311940258,12.666082159688457,19.781218311940258
0.77,0.015,0.15,5.9,0.15,8.898951777958914,3.0996654527650307,7.278126338021462,5.3512678244826475,19.814177587156102,1.014946891509727,12.598719681704836,0.3220763941760638,8.898951777958914,19.814177587156102,12.598719681704836,19.814177587156102
0.76,0.0125,0.3,5.9,0.2,8.887855066279329,2.0155101825696704,7.251537999229409,5.651260871017982,19.816175769084957,1.0310142656532766,12.000824825162162,0.32197043059870767,8.887855066279329,19.816175769084957,12.000824825162162,19.816175769084957
0.77,0.015,0.3,5.9,0.15,8.898951777959578,1.2633156054556878,7.278126544423181,1.5763931425854025,19.847172713961307,1.014946891509727,12.531130693490312,0.3220763941760638,8.898951777959578,19.847172713961307,12.531130693490312,19.847172713961307
0.77,0.0175,0.15,5.9,0.2,8.899116168551227,0.9827127548946635,7.273492958997657,1.6825358132365693,19.986513997533514,1.014946767649521,12.188053804614377,0.3220763933622508,8.899116168551227,19.986513997533514,12.188053804614377,19.986513997533514
0.77,0.0125,0.0,5.9,0.1,8.898787452853156,5.015854913352669,7.282885301213732,8.7475292954163,20.142688889928912,1.0149470153699265,12.374550638181432,0.32207639498987684,8.898787452853156,20.142688889928912,12.374550638181432,20.142688889928912
0.77,0.0125,0.0,5.9,0.15,8.898787452853156,5.015854913352669,7.282885301213732,8.7475292954163,20.142688889928912,1.0149470153699265,12.374550638181432,0.32207639498987684,8.898787452853156,20.142688889928912,12.374550638181432,20.142688889928912
0.77,0.0125,0.0,5.9,0.2,8.898787452853156,5.015854913352669,7.282885301213732,8.7475292954163,20.142688889928912,1.0149470153699265,12.374550638181432,0.32207639498987684,8.898787452853156,20.142688889928912,12.374550638181432,20.142688889928912
0.77,0.0125,0.15,5.9,0.1,8.898787452853156,4.797267482667522,7.282885301213735,8.280363948550047,20.142698749157354,1.0149470153699265,12.374485221831513,0.32207639498987684,8.898787452853156,20.142698749157354,12.374485221831513,20.142698749157354
0.77,0.0125,0.3,5.9,0.1,8.898787452853156,4.577575412612937,7.282885301213735,7.80994798120426,20.14270860838723,1.0149470153699265,12.374419805391511,0.32207639498987684,8.898787452853156,20.14270860838723,12.374419805391511,20.14270860838723
0.77,0.0125,0.15,5.9,0.15,8.898787452853835,3.255757037355714,7.282885507649237,5.154414179052154,20.175845777526753,1.0149470153699265,12.306641199817584,0.32207639498987684,8.898787452853835,20.175845777526753,12.306641199817584,20.175845777526753
0.77,0.0125,0.3,5.9,0.15,8.898787452854496,1.4255887717835876,7.282885714084745,1.3690043739398021,20.20901899176051,1.0149470153699265,12.238634684759667,0.32207639498987684,8.898787452854496,20.20901899176051,12.238634684759667,20.20901899176051
0.77,0.015,0.15,5.9,0.2,8.898951842104466,1.1459555506195684,7.278251370056413,1.4754432732628402,20.34911235399658,1.014946891509727,11.893438459372788,0.3220763941760638,8.898951842104466,20.34911235399658,11.893438459372788,20.34911235399658
0.77,0.0175,0.3,5.9,0.2,8.899116232697963,3.07419620258613,7.2736181774733275,6.626303540252849,20.556168619297033,1.014946767649521,11.40745383044029,0.3220763933622508,8.899116232697963,20.556168619297033,11.40745383044029,20.556168619297033
0.77,0.0125,0.15,5.9,0.2,8.898787516998844,1.308634257229663,7.283010560154217,1.2677727682944493,20.71366779367616,1.0149470153699265,11.597003145843907,0.32207639498987684,8.898787516998844,20.71366779367616,11.597003145843907,20.71366779367616
0.78,0.0175,0.0,5.9,0.1,8.910054737292569,4.105203121027969,7.3049893117732125,7.945021489783741,20.886287429923648,0.9987595743681434,11.785811241850212,0.32218235214649305,8.910054737292569,20.886287429923648,11.785811241850212,20.886287429923648
0.78,0.0175,0.0,5.9,0.15,8.910054737292569,4.105203121027969,7.3049893117732125,7.945021489783741,20.886287429923648,0.9987595743681434,11.785811241850212,0.32218235214649305,8.910054737292569,20.886287429923648,11.785811241850212,20.886287429923648
0.78,0.0175,0.0,5.9,0.2,8.910054737292569,4.105203121027969,7.3049893117732125,7.945021489783741,20.886287429923648,0.9987595743681434,11.785811241850212,0.32218235214649305,8.910054737292569,20.886287429923648,11.785811241850212,20.886287429923648
0.78,0.0175,0.15,5.9,0.1,8.910054737292569,3.8820136790629007,7.3049893117732125,7.472272149315458,20.886297398027715,0.9987595743681434,11.785745014792944,0.32218235214649305,8.910054737292569,20.886297398027715,11.785745014792944,20.886297398027715
0.78,0.0175,0.3,5.9,0.1,8.910054737292569,3.6576963413004293,7.30498931177322,6.996233333936246,20.886307366133245,0.9987595743681434,11.785678787644486,0.32218235214649305,8.910054737292569,20.886307366133245,11.785678787644486,20.886307366133245
0.78,0.0175,0.15,5.9,0.15,8.91005473729323,2.3086750913196497,7.304989518365662,4.308958128316235,20.919810469578515,0.9987595743681434,11.717060199201953,0.32218235214649305,8.91005473729323,20.919810469578515,11.717060199201953,20.919810469578515
0.77,0.015,0.3,5.9,0.2,8.898951906250662,2.8967701879393104,7.278376609032637,6.856685094333955,20.921841621520635,1.014946891509727,11.1080163765713,0.3220763941760638,8.898951906250662,20.921841621520635,11.1080163765713,20.921841621520635
0.78,0.0175,0.3,5.9,0.15,8.910054737293894,0.44034973411953615,7.304989724958119,0.47830159359422453,20.953350016164585,0.9987595743681434,11.648210876784397,0.32218235214649305,8.910054737293894,20.953350016164585,11.648210876784397,20.953350016164585
0.78,0.015,0.0,5.9,0.1,8.909890321569204,4.257819964160241,7.3097528793618345,7.755406631533305,21.253742210724603,0.9987596991529593,11.488711067763653,0.32218235296026343,8.909890321569204,21.253742210724603,11.488711067763653,21.253742210724603
0.78,0.015,0.0,5.9,0.15,8.909890321569204,4.257819964160241,7.3097528793618345,7.755406631533305,21.253742210724603,0.9987596991529593,11.488711067763653,0.32218235296026343,8.909890321569204,21.253742210724603,11.488711067763653,21.253742210724603
0.78,0.015,0.0,5.9,0.2,8.909890321569204,4.257819964160241,7.3097528793618345,7.755406631533305,21.253742210724603,0.9987596991529593,11.488711067763653,0.32218235296026343,8.909890321569204,21.253742210724603,11.488711067763653,21.253742210724603
0.78,0.015,0.15,5.9,0.1,8.909890321569204,4.035401776849817,7.309752879361842,7.2813379167886865,21.253752232630397,0.9987596991529593,11.488644431592796,0.32218235296026343,8.909890321569204,21.253752232630397,11.488644431592796,21.253752232630397
0.78,0.015,0.3,5.9,0.1,8.909890321569204,3.8118595913048807,7.309752879361842,6.803970546689655,21.253762254537627,0.9987596991529593,11.488577795330173,0.32218235296026343,8.909890321569204,21.253762254537627,11.488577795330173,21.253762254537627
0.78,0.015,0.15,5.9,0.15,8.90989032156985,2.467335994671984,7.309753085988113,4.109195548946801,21.28744618715732,0.9987596991529593,11.419535319751752,0.32218235296026343,8.90989032156985,21.28744618715732,11.419535319751752,21.28744618715732
0.77,0.0125,0.3,5.9,0.2,8.898787581144536,2.7199572875977367,7.283135819634364,7.087709808372182,21.289488302010064,1.0149470153699265,10.80672916613375,0.32207639498987684,8.898787581144536,21.289488302010064,10.80672916613375,21.289488302010064
0.78,0.015,0.3,5.9,0.15,8.90989032157053,0.6054666773369703,7.309753292614385,0.2678482120157497,21.321166759615558,0.9987596991529593,11.350260684853268,0.32218235296026343,8.90989032157053,21.321166759615558,11.350260684853268,21.321166759615558
0.78,0.0175,0.15,5.9,0.2,8.91005480147414,0.3209329879692717,7.3051146659439254,0.37585997388849535,21.46357166312918,0.9987595743681434,10.998627573501537,0.32218235214649305,8.91005480147414,21.46357166312918,10.998627573501537,21.46357166312918
0.78,0.0125,0.0,5.9,0.1,8.909725907187724,4.409909423695787,7.314517226833722,7.565262585941952,21.623180286737785,0.998759823937768,11.18977557551149,0.32218235377403337,8.909725907187724,21.623180286737785,11.18977557551149,21.623180286737785
0.78,0.0125,0.0,5.9,0.15,8.909725907187724,4.409909423695787,7.314517226833722,7.565262585941952,21.623180286737785,0.998759823937768,11.18977557551149,0.32218235377403337,8.909725907187724,21.623180286737785,11.18977557551149,21.623180286737785
0.78,0.0125,0.0,5.9,0.2,8.909725907187724,4.409909423695787,7.314517226833722,7.565262585941952,21.623180286737785,0.998759823937768,11.18977557551149,0.32218235377403337,8.909725907187724,21.623180286737785,11.18977557551149,21.623180286737785
0.78,0.0125,0.15,5.9,0.1,8.909725907187724,4.188259825888245,7.314517226833729,7.089870814740365,21.623190362735663,0.998759823937768,11.189708527699757,0.32218235377403337,8.909725907187724,21.623190362735663,11.189708527699757,21.623190362735663
0.78,0.0125,0.3,5.9,0.1,8.909725907187724,3.9654901139405965,7.314517226833729,6.611171182119605,21.62320043873499,0.998759823937768,11.189641479795696,0.32218235377403337,8.909725907187724,21.62320043873499,11.189641479795696,21.62320043873499
0.78,0.0125,0.15,5.9,0.15,8.909725907188403,2.6254486417406113,7.31451743349383,3.9088754614307817,21.657066176533995,0.998759823937768,11.120172498544513,0.32218235377403337,8.909725907188403,21.657066176533995,11.120172498544513,21.657066176533995
0.78,0.0125,0.3,5.9,0.15,8.909725907189063,0.7700130552812539,7.314517640153937,0.056807485825117965,21.69096875193079,0.998759823937768,11.050469923823265,0.32218235377403337,8.909725907189063,21.69096875193079,11.050469923823265,21.69096875193079
0.78,0.015,0.15,5.9,0.2,8.909890385750248,0.4864625784115475,7.309878254055324,0.16512069273002794,21.834142269647025,0.9987596991529593,10.696664620419256,0.32218235296026343,8.909890385750248,21.834142269647025,10.696664620419256,21.834142269647025
0.78,0.0175,0.3,5.9,0.2,8.910054865655727,3.7934743228893026,7.305240020654704,8.079927578945274,22.04575096684068,0.9987595743681434,10.198559697932197,0.32218235214649305,8.910054865655727,22.04575096684068,10.198559697932197,22.04575096684068
0.78,0.0125,0.15,5.9,0.2,8.909725971368264,0.6514201776689887,7.314642622053352,0.08210781266618028,22.206712988690548,0.998759823937768,10.392836309651337,0.32218235377403337,8.909725971368264,22.206712988690548,10.392836309651337,22.206712988690548
0.79,0.0175,0.0,5.9,0.1,8.920999313043545,3.486500411206748,7.336645286098705,6.748623231841933,22.383127917663423,0.9824515445700079,10.586353216210142,0.3222883053240193,8.920999313043545,22.383127917663423,10.586353216210142,22.383127917663423
0.79,0.0175,0.0,5.9,0.15,8.920999313043545,3.486500411206748,7.336645286098705,6.748623231841933,22.383127917663423,0.9824515445700079,10.586353216210142,0.3222883053240193,8.920999313043545,22.383127917663423,10.586353216210142,22.383127917663423
0.79,0.0175,0.0,5.9,0.2,8.920999313043545,3.486500411206748,7.336645286098705,6.748623231841933,22.383127917663423,0.9824515445700079,10.586353216210142,0.3222883053240193,8.920999313043545,22.383127917663423,10.586353216210142,22.383127917663423
0.79,0.0175,0.15,5.9,0.1,8.920999313043545,3.260184333052649,7.336645286098708,6.267549137183252,22.3831381049307,0.9824515445700079,10.58628533747229,0.3222883053240193,8.920999313043545,22.3831381049307,10.58628533747229,22.3831381049307
0.79,0.0175,0.3,5.9,0.1,8.920999313043545,3.0327245585337153,7.336645286098708,5.78312764247714,22.383148292199444,0.9824515445700079,10.586217458640974,0.3222883053240193,8.920999313043545,22.383148292199444,10.586217458640974,22.383148292199444
0.79,0.0175,0.15,5.9,0.15,8.920999313044227,1.6654701328746242,7.3366454929159275,3.04853157649039,22.417388009899916,0.9824515445700079,10.515887545630328,0.3222883053240193,8.920999313044227,22.417388009899916,10.515887545630328,22.417388009899916
0.78,0.015,0.3,5.9,0.2,8.909890449931314,3.6135627668414685,7.310003629288964,8.314367239058754,22.419463819659406,0.9987596991529593,9.891654374451576,0.32218235296026343,8.909890449931314,22.419463819659406,9.891654374451576,22.419463819659406
0.79,0.0175,0.3,5.9,0.15,8.920999313044891,0.2323136361415763,7.336645699733143,0.8862204459801006,22.451664971996415,0.9824515445700079,10.445321144216734,0.3222883053240193,8.920999313044891,22.451664971996415,10.445321144216734,22.451664971996415
0.79,0.015,0.0,5.9,0.1,8.920834807994588,3.6412552468022383,7.341414036350159,6.555669401009894,22.758661724042277,0.9824516702863337,10.281843463485373,0.32228830613774617,8.920834807994588,22.758661724042277,10.281843463485373,22.758661724042277
0.79,0.015,0.0,5.9,0.15,8.920834807994588,3.6412552468022383,7.341414036350159,6.555669401009894,22.758661724042277,0.9824516702863337,10.281843463485373,0.32228830613774617,8.920834807994588,22.758661724042277,10.281843463485373,22.758661724042277
0.79,0.015,0.0,5.9,0.2,8.920834807994588,3.6412552468022383,7.341414036350159,6.555669401009894,22.758661724042277,0.9824516702863337,10.281843463485373,0.32228830613774617,8.920834807994588,22.758661724042277,10.281843463485373,22.758661724042277
0.79,0.015,0.15,5.9,0.1,8.920834807994588,3.4157212277238855,7.341414036350166,6.0732526989033175,22.75867196629418,0.9824516702863337,10.281775165430773,0.32228830613774617,8.920834807994588,22.75867196629418,10.281775165430773,22.75867196629418
0.79,0.015,0.3,5.9,0.1,8.920834807994588,3.1890474644441014,7.341414036350166,5.587479254645274,22.75868220854756,0.9824516702863337,10.281706867282118,0.32228830613774617,8.920834807994588,22.75868220854756,10.281706867282118,22.75868220854756
0.79,0.015,0.15,5.9,0.15,8.920834807995249,1.826353645280122,7.341414243201243,2.8452513309343743,22.79310673121376,0.9824516702863337,10.210942495532677,0.32228830613774617,8.920834807995249,22.79310673121376,10.210942495532677,22.79310673121376
0.78,0.0125,0.3,5.9,0.2,8.909726035548804,3.4342729141493322,7.314768017813208,8.549461388210403,22.795193744919324,0.998759823937768,9.582853162094331,0.32218235377403337,8.909726035548804,22.795193744919324,9.582853162094331,22.795193744919324
0.79,0.015,0.3,5.9,0.15,8.92083480799591,0.0647080464129175,7.34141445005233,1.1005773160913748,22.82756869929839,0.9824516702863337,10.139940174487613,0.32228830613774617,8.92083480799591,22.82756869929839,10.139940174487613,22.82756869929839
0.79,0.0175,0.15,5.9,0.2,8.92099937726002,0.3535302430488372,7.3367707766521555,0.9905621294310833,22.97310458087521,0.9824515445700079,9.779537451342918,0.3222883053240193,8.92099937726002,22.97310458087521,9.779537451342918,22.97310458087521
0.79,0.0125,0.0,5.9,0.1,8.920670304288233,3.7954753107426384,7.346183567333387,6.362177064252776,23.136222431251205,0.9824517960026542,9.975452620375869,0.32228830695147304,8.920670304288233,23.136222431251205,9.975452620375869,23.136222431251205
0.79,0.0125,0.0,5.9,0.15,8.920670304288233,3.7954753107426384,7.346183567333387,6.362177064252776,23.136222431251205,0.9824517960026542,9.975452620375869,0.32228830695147304,8.920670304288233,23.136222431251205,9.975452620375869,23.136222431251205
0.79,0.0125,0.0,5.9,0.2,8.920670304288233,3.7954753107426384,7.346183567333387,6.362177064252776,23.136222431251205,0.9824517960026542,9.975452620375869,0.32228830695147304,8.920670304288233,23.136222431251205,9.975452620375869,23.136222431251205
0.79,0.0125,0.15,5.9,0.1,8.920670304288233,3.570720648252383,7.346183567333387,5.878414007677236,23.13623272878447,0.9824517960026542,9.975383900414208,0.32228830695147304,8.920670304288233,23.13623272878447,9.975383900414208,23.13623272878447
0.79,0.0125,0.3,5.9,0.1,8.920670304288233,3.3448301800670492,7.346183567333387,5.3912848407737926,23.136243026319256,0.9824517960026542,9.975315180357903,0.32228830695147304,8.920670304288233,23.136243026319256,9.975315180357903,23.136243026319256
0.79,0.0125,0.15,5.9,0.15,8.920670304288901,1.986681221126851,7.3461837742183285,2.6414037599398483,23.170853351414927,0.9824517960026542,9.90411366602735,0.32228830695147304,8.920670304288901,23.170853351414927,9.90411366602735,23.170853351414927
0.79,0.0125,0.3,5.9,0.15,8.920670304289562,0.10525367417253761,7.346183981103277,1.3155326097871267,23.20550132403637,0.9824517960026542,9.83267273248395,0.32228830695147304,8.920670304289562,23.20550132403637,9.83267273248395,23.20550132403637
0.79,0.015,0.15,5.9,0.2,8.920834872210499,0.1855057765512953,7.341539547448722,1.205210291928708,23.35182271891231,0.9824516702863337,9.470043643546155,0.32228830613774617,8.920834872210499,23.35182271891231,9.470043643546155,23.35182271891231
0.79,0.0175,0.3,5.9,0.2,8.92099944147646,4.522828730767436,7.3368962677462655,9.559156794682892,23.568083939808055,0.9824515445700079,8.959516151450728,0.3222883053240193,8.92099944147646,23.568083939808055,8.959516151450728,23.568083939808055
0.79,0.0125,0.15,5.9,0.2,8.920670368503625,0.018061936317913307,7.346309098980409,1.4204576912164981,23.732584944845918,0.9824517960026542,9.15863795666909,0.32228830695147304,8.920670368503625,23.732584944845918,9.15863795666909,23.732584944845918
0.8,0.0175,0.0,5.9,0.1,8.931949834886197,2.8591796882396423,7.36833570146835,5.531157315928681,23.912878611551882,0.9660217762170884,9.356981109935354,0.32239425289512535,8.931949834886197,23.912878611551882,9.356981109935354,23.912878611551882
0.8,0.0175,0.0,5.9,0.15,8.931949834886197,2.8591796882396423,7.36833570146835,5.531157315928681,23.912878611551882,0.9660217762170884,9.356981109935354,0.32239425289512535,8.931949834886197,23.912878611551882,9.356981109935354,23.912878611551882
0.8,0.0175,0.0,5.9,0.2,8.931949834886197,2.8591796882396423,7.36833570146835,5.531157315928681,23.912878611551882,0.9660217762170884,9.356981109935354,0.32239425289512535,8.931949834886197,23.912878611551882,9.356981109935354,23.912878611551882
0.8,0.0175,0.15,5.9,0.1,8.931949834886197,2.6299332619326776,7.368335701468357,5.04161187452749,23.912889022801004,0.9660217762170884,9.356911538324567,0.32239425289512535,8.931949834886197,23.912889022801004,9.356911538324567,23.912889022801004
0.8,0.0175,0.3,5.9,0.1,8.931949834886197,2.3995283586538037,7.368335701468364,4.548660087925057,23.912899434051603,0.9660217762170884,9.35684196661797,0.32239425289512535,8.931949834886197,23.912899434051603,9.35684196661797,23.912899434051603
0.8,0.0175,0.15,5.9,0.15,8.931949834886861,1.0132548061947446,7.368335908510588,1.7659098774251163,23.947891961538552,0.9660217762170884,9.28475804917877,0.32239425289512535,8.931949834886861,23.947891961538552,9.28475804917877,23.947891961538552
0.79,0.015,0.3,5.9,0.2,8.920834936426452,4.340396813644212,7.341665059088012,9.79772604322072,23.950013410982216,0.9824516702863337,8.644956712196517,0.32228830613774617,8.920834936426452,23.950013410982216,8.644956712196517,23.950013410982216
0.8,0.0175,0.3,5.9,0.15,8.931949834887526,0.9117801381215642,7.368336115552825,2.238734541544048,23.982922552293537,0.9660217762170884,9.212431745395207,0.32239425289512535,8.931949834887526,23.982922552293537,9.212431745395207,23.982922552293537
0.8,0.015,0.0,5.9,0.1,8.931785240463075,3.0160531425624626,7.37310964002128,5.3348057157625135,24.29666907258764,0.9660219028718817,9.044876986167708,0.3223942537088096,8.931785240463075,24.29666907258764,9.044876986167708,24.29666907258764
0.8,0.015,0.0,5.9,0.15,8.931785240463075,3.0160531425624626,7.37310964002128,5.3348057157625135,24.29666907258764,0.9660219028718817,9.044876986167708,0.3223942537088096,8.931785240463075,24.29666907258764,9.044876986167708,24.29666907258764
0.8,0.015,0.0,5.9,0.2,8.931785240463075,3.0160531425624626,7.37310964002128,5.3348057157625135,24.29666907258764,0.9660219028718817,9.044876986167708,0.3223942537088096,8.931785240463075,24.29666907258764,9.044876986167708,24.29666907258764
0.8,0.015,0.15,5.9,0.1,8.931785240463075,2.7874840505244975,7.37310964002128,4.843894024623481,24.296679540030276,0.9660219028718817,9.044806984782547,0.3223942537088096,8.931785240463075,24.296679540030276,9.044806984782547,24.296679540030276
0.8,0.015,0.3,5.9,0.1,8.931785240463075,2.5578753165182704,7.373109640021287,4.3495664816718715,24.296690007474417,0.9660219028718817,9.044736983300986,0.3223942537088096,8.931785240463075,24.296690007474417,9.044736983300986,24.296690007474417
0.8,0.015,0.15,5.9,0.15,8.931785240463736,1.1763920631814102,7.373109847097407,1.5590500222723023,24.331871403131977,0.9660219028718817,8.97220777186783,0.3223942537088096,8.931785240463736,24.331871403131977,8.97220777186783,24.331871403131977
0.79,0.0125,0.3,5.9,0.2,8.920670432719035,4.158595309250167,7.346434631168254,10.036961309436421,24.334004302856705,0.9824517960026542,8.328454101233312,0.32228830695147304,8.920670432719035,24.334004302856705,8.328454101233312,24.334004302856705
0.8,0.015,0.3,5.9,0.15,8.9317852404644,0.7418265802375998,7.373110054173537,2.456867247403707,24.367091067499707,0.9660219028718817,8.89943467676349,0.3223942537088096,8.9317852404644,24.367091067499707,8.89943467676349,24.367091067499707
0.8,0.0175,0.15,5.9,0.2,8.931949899137543,1.0346948550582553,7.368461328552932,2.344914174290608,24.51582676622734,0.9660217762170884,8.530043630650724,0.32239425289512535,8.931949899137543,24.51582676622734,8.530043630650724,24.51582676622734
0.8,0.0125,0.0,5.9,0.1,8.931620647383312,3.1724336583089325,7.3778843601553845,5.1379061269939115,24.682530998803962,0.9660220295266679,8.730844858252397,0.32239425452249293,8.931620647383312,24.682530998803962,8.730844858252397,24.682530998803962
0.8,0.0125,0.0,5.9,0.15,8.931620647383312,3.1724336583089325,7.3778843601553845,5.1379061269939115,24.682530998803962,0.9660220295266679,8.730844858252397,0.32239425452249293,8.931620647383312,24.682530998803962,8.730844858252397,24.682530998803962
0.8,0.0125,0.0,5.9,0.2,8.931620647383312,3.1724336583089325,7.3778843601553845,5.1379061269939115,24.682530998803962,0.9660220295266679,8.730844858252397,0.32239425452249293,8.931620647383312,24.682530998803962,8.730844858252397,24.682530998803962
0.8,0.0125,0.15,5.9,0.1,8.931620647383312,2.9445304326285537,7.3778843601553845,4.6456243731138045,24.682541522743428,0.9660220295266679,8.730774424437946,0.32239425452249293,8.931620647383312,24.682541522743428,8.730774424437946,24.682541522743428
0.8,0.0125,0.3,5.9,0.1,8.931620647383312,2.715675102944644,7.377884360155392,4.1499172342782344,24.6825520466844,0.9660220295266679,8.730703990526514,0.32239425452249293,8.931620647383312,24.6825520466844,8.730703990526514,24.6825520466844
0.8,0.0125,0.15,5.9,0.15,8.931620647383973,1.338965595744753,7.377884567265415,1.3516128515140906,24.71792332990696,0.9660220295266679,8.65772673432297,0.32239425452249293,8.931620647383973,24.71792332990696,8.65772673432297,24.71792332990696
0.8,0.0125,0.3,5.9,0.15,8.931620647384637,0.5724603147965013,7.3778847743754525,2.6756089179103526,24.753333088390654,0.9660220295266679,8.5845040878718,0.32239425452249293,8.931620647384637,24.753333088390654,8.5845040878718,24.753333088390654
0.8,0.015,0.15,5.9,0.2,8.931785304713895,0.8643165524071392,7.37323528767331,2.5633433035697806,24.90287157106504,0.9660219028718817,8.212831151150162,0.3223942537088096,8.931785304713895,24.90287157106504,8.212831151150162,24.90287157106504
0.8,0.0175,0.3,5.9,0.2,8.93194996338887,5.262400583817907,7.368586956178746,11.06444221543019,25.123887608135227,0.9660217762170884,7.689571274729204,0.32239425289512535,8.93194996338887,25.123887608135227,7.689571274729204,25.123887608135227
0.8,0.0125,0.15,5.9,0.2,8.931620711633585,0.6945270099492191,7.378010028378238,2.782382225026012,25.29200540603231,0.9660220295266679,7.893659110946672,0.32239425452249293,8.931620711633585,25.29200540603231,7.893659110946672,25.29200540603231
0.8,0.015,0.3,5.9,0.2,8.931785368964697,5.0774129981599145,7.373360935866664,11.307213793926621,25.514214351920252,0.9660219028718817,7.367166828622636,0.3223942537088096,8.931785368964697,25.514214351920252,7.367166828622636,25.514214351920252
0.8,0.0125,0.3,5.9,0.2,8.931620775883882,4.893064656613291,7.378135697142511,11.550663121814225,25.906647839725515,0.9660220295266679,7.042770748756745,0.32239425452249293,8.931620775883882,25.906647839725515,7.042770748756745,25.906647839725515
