D,eta,mu_ee,mu_mumu,mu_tautau,chi2_mumu
4.0,0.2,0.4132484485314904,1.964970299349544,28.29691740059108,1.9949464946694586
4.8,0.2,0.2059257757977897,10.896475677492816,19.395632810808415,563.6440643325789
5.6,0.2,32.950357243032165,53.22904444925941,94.99416080255723,16789.061553270676
6.4,0.2,81.37117150557243,67.7832077590689,129.96369061599066,27542.06420239815
7.2,0.2,15.601167545069158,2.4616151248146423,10.911836345655644,7.0439167077200535
8.0,0.2,19.677182184912116,2.3115228821572114,6.910636423426941,5.192962279351184
8.8,0.2,14.497228284873291,1.3896404903772879,3.678946252595117,0.0006707464976441457
9.600000000000001,0.2,1.0000000096721853,1.00000000143404,0.999999980463913,0.9999999928297996
10.4,0.2,0.476029047033538,0.3684719561928809,0.15872510550091792,6.650313157253384
11.2,0.2,0.1802565351078012,0.11310461600021524,0.04318983076781307,10.350623308499708
12.0,0.2,0.058762995006188375,0.030828496939990433,0.00992481772971919,11.716441279947535
12.8,0.2,0.010421809935496443,0.0004325870755239493,0.002148648857135822,12.242430895750688
13.600000000000001,0.2,0.002636711147518608,0.00010371585725893123,0.0005773364383225058,12.248185039729083
14.4,0.2,0.0005815651720740368,2.1664112130870447e-05,0.0001369183297193437,12.249620880971042
15.200000000000001,0.2,0.00020289234629737436,2.841702522883066e-06,2.942495343993355e-05,12.249950270256317
16.0,0.2,3.4665667764001755e-05,4.941900274587747e-07,1.4215965399125941e-05,12.24999135167604
16.8,0.2,4.216902052749533e-06,4.493065747653887e-08,1.421596540053317e-05,12.249999213713505
17.6,0.2,9.246000984603079e-07,4.493065747653961e-08,1.4215965400533405e-05,12.249999213713505
18.4,0.2,9.246000984603079e-07,4.493065747653961e-08,1.4215965400533405e-05,12.249999213713505
19.200000000000003,0.2,9.246000984603079e-07,4.493065747653961e-08,1.4215965400533405e-05,12.249999213713505
20.0,0.2,9.246000984603079e-07,4.493065747653961e-08,1.4215965400533405e-05,12.249999213713505
4.0,0.29500000000000004,0.41915046359677377,1.9792994358631124,28.288453145477117,2.0974239774457524
4.8,0.29500000000000004,0.2064350441960905,10.916497773790637,19.422491383434405,566.0233117410132
5.6,0.29500000000000004,32.95534172365987,53.23427226160943,95.00081610066061,16792.44863056658
6.4,0.29500000000000004,81.37146606432604,67.78314756092537,129.96332397402978,27542.014250597444
7.2,0.29500000000000004,15.601174984793749,2.461615302021436,10.911835518940881,7.043919059287906
8.0,0.29500000000000004,19.677182943719075,2.311522880494714,6.910636331248457,5.192962260408631
8.8,0.29500000000000004,14.49722829857177,1.3896404883344602,3.678946256945749,0.0006707467621778349
9.600000000000001,0.29500000000000004,1.000000000188345,0.9999999999346034,0.9999999997130469,1.0000000003269824
10.4,0.29500000000000004,0.47602906946389806,0.36847195927410237,0.15872507954520704,6.650313117523805
11.2,0.29500000000000004,0.18025652394055802,0.11310462317182897,0.043189835130777274,10.350623193135752
12.0,0.29500000000000004,0.058763165188407025,0.03082848377973327,0.009924750757021728,11.716441505180649
12.8,0.29500000000000004,0.010422135355661184,0.0004325721022983462,0.0021486718237591733,12.242431157701175
13.600000000000001,0.29500000000000004,0.0026362727347735903,0.00010374228748127634,0.0005771997605348478,12.248184577234463
14.4,0.29500000000000004,0.0005816245639173032,2.166695457511174e-05,0.0001368627347079158,12.249620831229036
15.200000000000001,0.29500000000000004,0.00020297686622023874,2.8473300507364657e-06,2.9191159370691867e-05,12.249950171774781
16.0,0.29500000000000004,3.487246968951109e-05,4.838252788081698e-07,1.4215965399158344e-05,12.249991533059083
16.8,0.29500000000000004,5.469533511689411e-06,4.493065747653859e-08,1.4215965400533082e-05,12.249999213713505
17.6,0.29500000000000004,9.246000984603079e-07,4.493065747653961e-08,1.4215965400533405e-05,12.249999213713505
18.4,0.29500000000000004,9.246000984603079e-07,4.493065747653961e-08,1.4215965400533405e-05,12.249999213713505
19.200000000000003,0.29500000000000004,9.246000984603079e-07,4.493065747653961e-08,1.4215965400533405e-05,12.249999213713505
20.0,0.29500000000000004,9.246000984603079e-07,4.493065747653961e-08,1.4215965400533405e-05,12.249999213713505
4.0,0.39,0.4251199707518727,1.9936742807304517,28.279995187052666,2.2028071975051207
4.8,0.39,0.20694532151681697,10.936544596996919,19.449368781705264,568.4105178156946
5.6,0.39,32.960326739298544,53.23950028674823,95.00747141510162,16795.83618737356
6.4,0.39,81.37176062324633,67.7830873629883,129.96295733390232,27541.964299013343
7.2,0.39,15.601182422558576,2.461615479245421,10.911834692386941,7.043921411084279
8.0,0.39,19.67718369754526,2.3115228790618927,6.910636239372846,5.192962244083011
8.8,0.39,14.497228359831851,1.389640489295737,3.6789462418292795,0.0006707466376983583
9.600000000000001,0.39,1.000000000690053,1.000000004530877,0.9999999901763684,0.9999999773456146
10.4,0.39,0.47602905755534475,0.3684719562783195,0.15872509284911074,6.6503131561517295
11.2,0.39,0.18025663709102716,0.11310456816512077,0.04318981655410748,10.350624077984248
12.0,0.39,0.05876318583821328,0.03082844207874923,0.009924776585336066,11.716442218878152
12.8,0.39,0.01042200931385423,0.0004325733532921617,0.002148727957075251,12.242431135815547
13.600000000000001,0.39,0.002636639731496879,0.00010372344884634245,0.0005772453023325837,12.248184906886149
14.4,0.39,0.0005815939417003577,2.1668139809175745e-05,0.00013683497316691469,12.249620810487766
15.200000000000001,0.39,0.0002028079869656727,2.8472383721779763e-06,2.927219294986935e-05,12.249950173379151
16.0,0.39,3.4629417073905214e-05,4.945878744753502e-07,1.42159653991247e-05,12.249991344713722
16.8,0.39,5.469533511689408e-06,4.493065747653859e-08,1.4215965400533082e-05,12.249999213713505
17.6,0.39,9.246000984603079e-07,4.493065747653961e-08,1.4215965400533405e-05,12.249999213713505
18.4,0.39,9.246000984603079e-07,4.493065747653961e-08,1.4215965400533405e-05,12.249999213713505
19.200000000000003,0.39,9.246000984603079e-07,4.493065747653961e-08,1.4215965400533405e-05,12.249999213713505
20.0,0.39,9.246000984603079e-07,4.493065747653961e-08,1.4215965400533405e-05,12.249999213713505
4.0,0.48500000000000004,0.43115746247704234,2.0080943446566617,28.271543845885137,2.3111170750213437
4.8,0.48500000000000004,0.2074566090984035,10.956616152557045,19.476264988523035,570.8057017957137
5.6,0.48500000000000004,32.965312289852484,53.2447285246017,95.01412674572065,16799.2242236853
6.4,0.48500000000000004,81.37205518117906,67.783027165356,129.9625906954942,27541.914347727452
7.2,0.48500000000000004,15.601189860052108,2.461615656481456,10.911833865855707,7.043923763040954
8.0,0.48500000000000004,19.677184443698867,2.3115228779255044,6.91063614797576,5.192962231134963
8.8,0.48500000000000004,14.497228401505998,1.3896404877383786,3.6789462383663607,0.0006707468393667695
9.600000000000001,0.48500000000000004,0.9999999966809164,1.0000000030122493,0.9999999999821624,0.999999984938753
10.4,0.48500000000000004,0.4760290206665293,0.36847198487070837,0.15872509105631807,6.650312787478599
11.2,0.48500000000000004,0.18025652020654187,0.11310464940702487,0.04318980813005707,10.350622771111349
12.0,0.48500000000000004,0.05876319755411798,0.03082841627129553,0.009924792152770728,11.716442660563553
12.8,0.48500000000000004,0.010422053405095623,0.0004325776164264193,0.0021486275081670976,12.242431061233747
13.600000000000001,0.48500000000000004,0.002636315465988665,0.0001037352204109445,0.0005772823976901248,12.24818470089903
14.4,0.48500000000000004,0.0005816036336177763,2.166830435999108e-05,0.00013681261288415105,12.24962080760817
15.200000000000001,0.48500000000000004,0.00020287587787406778,2.8495772735408147e-06,2.916012375008898e-05,12.249950132448461
16.0,0.48500000000000004,3.4761713314786424e-05,4.882122835004284e-07,1.421596539914463e-05,12.249991456286526
16.8,0.48500000000000004,5.469533511689408e-06,4.493065747653859e-08,1.4215965400533082e-05,12.249999213713505
17.6,0.48500000000000004,9.246000984603079e-07,4.493065747653961e-08,1.4215965400533405e-05,12.249999213713505
18.4,0.48500000000000004,9.246000984603079e-07,4.493065747653961e-08,1.4215965400533405e-05,12.249999213713505
19.200000000000003,0.48500000000000004,9.246000984603079e-07,4.493065747653961e-08,1.4215965400533405e-05,12.249999213713505
20.0,0.48500000000000004,9.246000984603079e-07,4.493065747653961e-08,1.4215965400533405e-05,12.249999213713505
4.0,0.5800000000000001,0.43726343077830987,2.0225591329896107,28.26309943896264,2.422374212929849
4.8,0.5800000000000001,0.20796890827966655,10.976712445881827,19.503179986761083,573.2088829444242
5.6,0.5800000000000001,32.970298375228865,53.24995697501131,95.02078209231685,16802.612739440774
6.4,0.5800000000000001,81.37234974063193,67.78296696783595,129.96222405932156,27541.86439657998
7.2,0.5800000000000001,15.60119729877708,2.461615833688487,10.911833039233494,7.043926114613131
8.0,0.5800000000000001,19.677185195047898,2.311522876207318,6.910636056786318,5.192962211557885
8.8,0.5800000000000001,14.497228420628689,1.3896404882693691,3.6789462332336478,0.0006707467706067278
9.600000000000001,0.5800000000000001,1.0000000050184,0.9999999954199654,1.000000000951125,1.0000000229001726
10.4,0.5800000000000001,0.47602906263094374,0.3684719574281384,0.15872508896903045,6.650313141325851
11.2,0.5800000000000001,0.1802565778605361,0.11310459617470903,0.04318982864718188,10.350623627416615
12.0,0.5800000000000001,0.05876308376519953,0.030828487998840564,0.009924782071633942,11.71644143297213
12.8,0.5800000000000001,0.010421982023152856,0.0004325775522909189,0.002148672500048509,12.242431062355775
13.600000000000001,0.5800000000000001,0.00263634470371882,0.00010373485203435922,0.0005772627684785564,12.248184707345143
14.4,0.5800000000000001,0.0005818567988672301,2.1656388029402782e-05,0.00013685560026841846,12.249621016140727
15.200000000000001,0.5800000000000001,0.00020281028049036793,2.8495874658164203e-06,2.922417151631486e-05,12.249950132270097
16.0,0.5800000000000001,3.4616973264119595e-05,4.947242089466165e-07,1.4215965399124274e-05,12.249991342327869
16.8,0.5800000000000001,5.469533511689408e-06,4.493065747653859e-08,1.4215965400533082e-05,12.249999213713505
17.6,0.5800000000000001,9.246000984603079e-07,4.493065747653961e-08,1.4215965400533405e-05,12.249999213713505
18.4,0.5800000000000001,9.246000984603079e-07,4.493065747653961e-08,1.4215965400533405e-05,12.249999213713505
19.200000000000003,0.5800000000000001,9.246000984603079e-07,4.493065747653961e-08,1.4215965400533405e-05,12.249999213713505
20.0,0.5800000000000001,9.246000984603079e-07,4.493065747653961e-08,1.4215965400533405e-05,12.249999213713505
4.0,0.675,0.4434383671290857,2.037068145787692,28.254662279699875,2.536598889858549
4.8,0.675,0.20848222039962724,10.996833482331139,19.530113759244934,575.62008054745
5.6,0.675,32.97528499553047,53.25518563798644,95.02743745492329,16806.001734687718
6.4,0.675,81.37264430079114,67.78290677051986,129.96185742547942,27541.814445647058
7.2,0.675,15.601204736338294,2.46161601085436,10.911832212754845,7.043928465639528
8.0,0.675,19.677185945626047,2.3115228746383876,6.910635965496089,5.192962193681435
8.8,0.675,14.497228486190945,1.3896404878432007,3.6789462214078092,0.0006707468257929401
9.600000000000001,0.675,1.0000000043065589,0.9999999983890526,0.999999994944865,1.0000000080547364
10.4,0.675,0.4760290422344375,0.3684719830919441,0.15872507465971428,6.650312810414163
11.2,0.675,0.18025649901919852,0.1131046486024251,0.04318982012711139,10.350622784054295
12.0,0.675,0.058763106550607874,0.030828462993684493,0.00992479248523095,11.716441860926473
12.8,0.675,0.010422100070421316,0.0004325723505929804,0.00214867921916308,12.242431153357362
13.600000000000001,0.675,0.002636557083870413,0.00010372542576134842,0.0005772825054120204,12.248184872292697
14.4,0.675,0.000581607929152152,2.166939531263232e-05,0.0001367938684142358,12.249620788516793
15.200000000000001,0.675,0.0002027362404889678,2.8492162973565254e-06,2.9266329257738855e-05,12.24995013876553
16.0,0.675,3.4713599959246445e-05,4.901263845939834e-07,1.4215965399138647e-05,12.249991422789767
16.8,0.675,5.35195409753926e-06,4.493065747653862e-08,1.421596540053309e-05,12.249999213713505
17.6,0.675,9.246000984603079e-07,4.493065747653961e-08,1.4215965400533405e-05,12.249999213713505
18.4,0.675,9.246000984603079e-07,4.493065747653961e-08,1.4215965400533405e-05,12.249999213713505
19.200000000000003,0.675,9.246000984603079e-07,4.493065747653961e-08,1.4215965400533405e-05,12.249999213713505
20.0,0.675,9.246000984603079e-07,4.493065747653961e-08,1.4215965400533405e-05,12.249999213713505
4.0,0.77,0.4496827624116212,2.051620877888962,28.246232677944413,2.653811053129887
4.8,0.77,0.2089965467976235,11.016979267218975,19.55706628875932,578.0393139132475
5.6,0.77,32.98027215074774,53.260414513537306,95.03409283350243,16809.391209474445
6.4,0.77,81.3729388611935,67.78284657341185,129.9614907935994,27541.764494932097
7.2,0.77,15.60121217475377,2.4616161880752934,10.911831386149547,7.043930817396979
8.0,0.77,19.677186695658058,2.3115228728851176,6.910635874618751,5.192962173704615
8.8,0.77,14.497228521442322,1.3896404854674644,3.6789462209438675,0.0006707471334363355
9.600000000000001,0.77,1.0000000016173445,0.9999999984724866,1.0000000008151346,1.0000000076375666
10.4,0.77,0.476029071188781,0.36847196264483373,0.15872507511234987,6.650313074061257
11.2,0.77,0.1802565594038841,0.11310461760433756,0.04318981256925056,10.350623282695487
12.0,0.77,0.05876312964235425,0.030828447268958725,0.009924801330574412,11.716442130049563
12.8,0.77,0.010421942872953642,0.0004325786277979629,0.002148686592871857,12.242431043540217
13.600000000000001,0.77,0.0026364071592842766,0.00010373433273828909,0.0005772365840750831,12.248184716432151
14.4,0.77,0.0005817981028402305,2.1660283683745297e-05,0.00013682856077608065,12.249620947967829
15.200000000000001,0.77,0.0002027878252168811,2.8504454232777527e-06,2.919646888491616e-05,12.249950117255873
16.0,0.77,3.49077019401429e-05,4.883649600302705e-07,1.4215965399144142e-05,12.249991453614687
16.8,0.77,5.128856122560934e-06,4.493065747653867e-08,1.4215965400533105e-05,12.249999213713505
17.6,0.77,9.246000984603079e-07,4.493065747653961e-08,1.4215965400533405e-05,12.249999213713505
18.4,0.77,9.246000984603079e-07,4.493065747653961e-08,1.4215965400533405e-05,12.249999213713505
19.200000000000003,0.77,9.246000984603079e-07,4.493065747653961e-08,1.4215965400533405e-05,12.249999213713505
20.0,0.77,9.246000984603079e-07,4.493065747653961e-08,1.4215965400533405e-05,12.249999213713505
4.0,0.865,0.45599710685829115,2.0662168189814354,28.237810939983436,2.7740303118358924
4.8,0.865,0.20951188881327243,11.03714980581717,19.584037558051367,580.4666023735119
5.6,0.865,32.98525984096373,53.265643601646204,95.04074822805964,16812.78116383115
6.4,0.865,81.37323342231944,67.78278637654412,129.96112416449458,27541.71454446182
7.2,0.865,15.601219613193857,2.4616163652904888,10.911830559543944,7.043933169078678
8.0,0.865,19.677187445266554,2.31152287124295,6.910635783555117,5.192962154993696
8.8,0.865,14.497228588091842,1.3896404851121607,3.6789462083644935,0.0006707471794460205
9.600000000000001,0.865,1.0000000017109691,1.0000000007297372,0.9999999964186846,0.9999999963513138
10.4,0.865,0.4760290489178895,0.3684719779073313,0.1587250760250169,6.65031287726508
11.2,0.865,0.18025648963133295,0.11310464971477222,0.04318982745081064,10.350622766160864
12.0,0.865,0.05876314235505469,0.0308284322141102,0.009924807336709475,11.716442387707943
12.8,0.865,0.010422039288838022,0.00043257445049065365,0.002148690288060066,12.242431116620505
13.600000000000001,0.865,0.002636368386117826,0.00010373228237992008,0.0005772840687597443,12.248184752310765
14.4,0.865,0.0005815604746769709,2.166814924838931e-05,0.00013686037173480108,12.249620810322579
15.200000000000001,0.865,0.00020273252314024676,2.8500614053967745e-06,2.9232393728935947e-05,12.24995012397617
16.0,0.865,3.429414362265802e-05,4.955002149320624e-07,1.4215965399121872e-05,12.24999132874777
16.8,0.865,5.163195339097779e-06,4.493065747653866e-08,1.4215965400533102e-05,12.249999213713505
17.6,0.865,9.246000984603079e-07,4.493065747653961e-08,1.4215965400533405e-05,12.249999213713505
18.4,0.865,9.246000984603079e-07,4.493065747653961e-08,1.4215965400533405e-05,12.249999213713505
19.200000000000003,0.865,9.246000984603079e-07,4.493065747653961e-08,1.4215965400533405e-05,12.249999213713505
20.0,0.865,9.246000984603079e-07,4.493065747653961e-08,1.4215965400533405e-05,12.249999213713505
4.0,0.96,0.46238188999292584,2.0808554536747654,28.229397368550746,2.897275929991692
4.8,0.96,0.21002824778650053,11.057345103349064,19.611027549824822,582.9019652823757
5.6,0.96,32.99024806615798,53.270872902247675,95.04740363849932,16816.171597757075
6.4,0.96,81.37352798335625,67.78272617988917,129.96075753704088,27541.66459421338
7.2,0.96,15.601227050659716,2.4616165424404652,10.911829733095278,7.0439355198953
8.0,0.96,19.67718819810647,2.311522869875931,6.910635691647923,5.192962139417834
8.8,0.96,14.497228623056014,1.3896404845232797,3.6789462032308937,0.0006707472557025341
9.600000000000001,0.96,1.0000000015363466,1.0000000022905229,0.9999999926426485,0.9999999885473851
10.4,0.96,0.47602904531566476,0.3684719742290168,0.15872508151214032,6.650312924693636
11.2,0.96,0.18025653899388835,0.11310462474164668,0.043189820664034886,10.35062316788336
12.0,0.96,0.05876307907002133,0.03082847397182606,0.009924799743432288,11.716441673039489
12.8,0.96,0.010421939566310124,0.0004325801220981929,0.0021486612809801255,12.242431017398044
13.600000000000001,0.96,0.0026365154221613574,0.0001037259107953593,0.0005772958493584343,12.24818486380523
14.4,0.96,0.000581762707699621,2.1662640301170172e-05,0.0001368122403122667,12.249620906727664
15.200000000000001,0.96,0.0002027742618926106,2.8509637281084376e-06,2.9179741698281768e-05,12.249950108185553
16.0,0.96,3.449010882497062e-05,4.935514936215293e-07,1.4215965399127952e-05,12.249991362850379
16.8,0.96,5.191246974411599e-06,4.493065747653865e-08,1.42159654005331e-05,12.249999213713505
17.6,0.96,9.246000984603079e-07,4.493065747653961e-08,1.4215965400533405e-05,12.249999213713505
18.4,0.96,9.246000984603079e-07,4.493065747653961e-08,1.4215965400533405e-05,12.249999213713505
19.200000000000003,0.96,9.246000984603079e-07,4.493065747653961e-08,1.4215965400533405e-05,12.249999213713505
20.0,0.96,9.246000984603079e-07,4.493065747653961e-08,1.4215965400533405e-05,12.249999213713505
4.0,1.055,0.46883760057199253,2.09553626157311,28.22099226283426,3.0235668197693606
4.8,1.055,0.21054562505744867,11.077565164992157,19.63803624674158,585.3454220166853
5.6,1.055,32.99523682635219,53.27610241533901,95.05405906479488,16819.562511292133
6.4,1.055,81.37382254526901,67.78266598339222,129.96039091164542,27541.61464414136
7.2,1.055,15.60123448897476,2.4616167196653227,10.911828906493385,7.043937871706003
8.0,1.055,19.677188951102917,2.3115228680548925,6.9106356004911715,5.192962118668857
8.8,1.055,14.497228666024446,1.3896404842321017,3.678946195690599,0.0006707472934083182
9.600000000000001,1.055,1.0000000039080053,0.9999999964067932,1.0000000012193724,1.0000000179660335
10.4,1.055,0.47602905253773165,0.3684719740821501,0.15872507667971783,6.650312926587352
11.2,1.055,0.18025657946696713,0.11310460426633896,0.04318981509963182,10.350623497253096
12.0,1.055,0.05876311514591188,0.030828470292662644,0.009924781970468729,11.716441736007061
12.8,1.055,0.010422018888209435,0.0004325765613859854,0.002148666584234325,12.24243107969125
13.600000000000001,1.055,0.002636410456871308,0.00010373239576325611,0.0005772612858257752,12.248184750326702
14.4,1.055,0.0005815632885519512,2.1668588085291435e-05,0.00013683796303959388,12.24962080264305
15.200000000000001,1.055,0.00020274737303727303,2.8508443665620666e-06,2.9213176400599673e-05,12.249950110274376
16.0,1.055,3.43479368029555e-05,4.954102089946943e-07,1.4215965399122148e-05,12.249991330322873
16.8,1.055,5.2145928523596645e-06,4.493065747653865e-08,1.4215965400533099e-05,12.249999213713505
17.6,1.055,9.246000984603079e-07,4.493065747653961e-08,1.4215965400533405e-05,12.249999213713505
18.4,1.055,9.246000984603079e-07,4.493065747653961e-08,1.4215965400533405e-05,12.249999213713505
19.200000000000003,1.055,9.246000984603079e-07,4.493065747653961e-08,1.4215965400533405e-05,12.249999213713505
20.0,1.055,9.246000984603079e-07,4.493065747653961e-08,1.4215965400533405e-05,12.249999213713505
4.0,1.15,0.47536472652568845,2.110258717349265,28.21259591848381,3.152921534816394
4.8,1.15,0.2110640219666182,11.097809995881645,19.665063631427458,587.7969919763871
5.6,1.15,33.00022612154445,53.28133214086444,95.06071450686792,16822.95390444183
6.4,1.15,81.37411710729572,67.78260578716724,129.96002428871964,27541.564694340304
7.2,1.15,15.60124192714336,2.4616168968556007,10.911828079937191,7.04394022305822
8.0,1.15,19.677189699510556,2.3115228664295566,6.910635509542226,5.192962100149721
8.8,1.15,14.497228715370944,1.389640482504234,3.6789461905959633,0.0006707475171567359
9.600000000000001,1.15,0.9999999965878472,1.0000000023405504,1.0000000019443513,0.9999999882972475
10.4,1.15,0.47602904989758565,0.3684719718430382,0.1587250814282434,6.650312955458682
11.2,1.15,0.1802565253284753,0.11310462952079751,0.04318982608411941,10.350623091005021
12.0,1.15,0.05876312628193197,0.030828457264269703,0.009924788150992842,11.71644195898337
12.8,1.15,0.01042208513137262,0.00043257359007876423,0.0021486710167554573,12.242431131673062
13.600000000000001,1.15,0.002636529682446959,0.00010372706590447633,0.0005772729929439957,12.248184843592318
14.4,1.15,0.000581694305812191,2.1662553677688133e-05,0.00013685755217685884,12.24962090824355
15.200000000000001,1.15,0.00020271097169056605,2.850548438628196e-06,2.92390839835261e-05,12.249950115453109
16.0,1.15,3.4506989554939094e-05,4.93793055906289e-07,1.4215965399127195e-05,12.24999135862304
16.8,1.15,5.1678349994218464e-06,4.493065747653866e-08,1.4215965400533102e-05,12.249999213713505
17.6,1.15,9.246000984603079e-07,4.493065747653961e-08,1.4215965400533405e-05,12.249999213713505
18.4,1.15,9.246000984603079e-07,4.493065747653961e-08,1.4215965400533405e-05,12.249999213713505
19.200000000000003,1.15,9.246000984603079e-07,4.493065747653961e-08,1.4215965400533405e-05,12.249999213713505
20.0,1.15,9.246000984603079e-07,4.493065747653961e-08,1.4215965400533405e-05,12.249999213713505
4.0,1.2449999999999999,0.4819637548990684,2.125022290819976,28.204208627619273,3.285358263661538
4.8,1.2449999999999999,0.2115834398546669,11.118079601101432,19.692109686460253,590.2566945833984
5.6,1.2449999999999999,33.00521595177655,53.286562078799555,95.06736996469344,16826.345777232
6.4,1.2449999999999999,81.37441167010445,67.78254559105781,129.95965766731396,27541.514744680426
7.2,1.2449999999999999,15.60124936516213,2.4616170740560706,10.911827253388683,7.043942574546079
8.0,1.2449999999999999,19.67719045274456,2.311522864763079,6.910635418082181,5.192962081161815
8.8,1.2449999999999999,14.497228763474345,1.389640482209085,3.678946181976265,0.000670747555376754
9.600000000000001,1.2449999999999999,1.000000000463238,0.9999999988389965,1.0000000022301907,1.000000005805017
10.4,1.2449999999999999,0.4760290556127193,0.368471971857962,0.15872507732131322,6.650312955266255
11.2,1.2449999999999999,0.18025656066730214,0.11310461180532387,0.04318982095523075,10.350623375979538
12.0,1.2449999999999999,0.058763138730725965,0.030828447804435527,0.009924793897059685,11.716442120885066
12.8,1.2449999999999999,0.01042198944708308,0.00043257739431133187,0.002148676285180491,12.242431065119565
13.600000000000001,1.2449999999999999,0.002636439648093992,0.00010373247303040378,0.0005772454488818775,12.248184748974628
14.4,1.2449999999999999,0.0005817324582172491,2.166461037180423e-05,0.00013679535282498762,12.249620872251962
15.200000000000001,1.2449999999999999,0.00020274479318257123,2.851207036406207e-06,2.919797088067212e-05,12.249950103927667
16.0,1.2449999999999999,3.456968834580208e-05,4.913868403898499e-07,1.4215965399134717e-05,12.2499914007318
16.8,1.2449999999999999,5.258792922699702e-06,4.493065747653864e-08,1.4215965400533097e-05,12.249999213713505
17.6,1.2449999999999999,9.246000984603079e-07,4.493065747653961e-08,1.4215965400533405e-05,12.249999213713505
18.4,1.2449999999999999,9.246000984603079e-07,4.493065747653961e-08,1.4215965400533405e-05,12.249999213713505
19.200000000000003,1.2449999999999999,9.246000984603079e-07,4.493065747653961e-08,1.4215965400533405e-05,12.249999213713505
20.0,1.2449999999999999,9.246000984603079e-07,4.493065747653961e-08,1.4215965400533405e-05,12.249999213713505
4.0,1.34,0.48863517179307997,2.1398264470224695,28.195830678839155,3.420894823211819
4.8,1.34,0.21210388006260122,11.138373985694464,19.71917439438328,592.7245492828166
5.6,1.34,33.01020631709867,53.29179222915629,95.07402543827368,16829.738129712034
6.4,1.34,81.37470623310858,67.7824853952199,129.95929104846144,27541.464795291133
7.2,1.34,15.60125680365548,2.4616172512493284,10.911826426801712,7.043944925938622
8.0,1.34,19.67719120456895,2.311522863387768,6.910635326344853,5.192962065491473
8.8,1.34,14.49722881150703,1.3896404802198437,3.6789461779608756,0.0006707478129715546
9.600000000000001,1.34,1.0000000004423195,1.0000000001069425,0.9999999991286869,0.9999999994652873
10.4,1.34,0.4760290531254737,0.36847197009135413,0.1587250813499053,6.650312978045074
11.2,1.34,0.1802565223129596,0.11310463719550967,0.043189817242654,10.350622967548128
12.0,1.34,0.05876309364913326,0.03082847661513145,0.009924789409917246,11.71644162780026
12.8,1.34,0.010422048362002235,0.0004325747843143788,0.0021486793967787346,12.242431110780396
13.600000000000001,1.34,0.0026364170312498324,0.00010373146684315917,0.0005772765050819133,12.248184766581602
14.4,1.34,0.000581683664342236,2.1663920256346413e-05,0.00013684174828264113,12.249620884328795
15.200000000000001,1.34,0.00020271215566442703,2.8509050782933683e-06,2.9221049782634656e-05,12.249950109211925
16.0,1.34,3.4519054807949906e-05,4.939657089899495e-07,1.4215965399126655e-05,12.249991355601614
16.8,1.34,5.272460241949416e-06,4.493065747653864e-08,1.4215965400533097e-05,12.249999213713505
17.6,1.34,9.246000984603079e-07,4.493065747653961e-08,1.4215965400533405e-05,12.249999213713505
18.4,1.34,9.246000984603079e-07,4.493065747653961e-08,1.4215965400533405e-05,12.249999213713505
19.200000000000003,1.34,9.246000984603079e-07,4.493065747653961e-08,1.4215965400533405e-05,12.249999213713505
20.0,1.34,9.246000984603079e-07,4.493065747653961e-08,1.4215965400533405e-05,12.249999213713505
4.0,1.435,0.49537946230561014,2.1546706462921246,28.187462357229442,3.559548652343582
4.8,1.435,0.21262534393170615,11.158693154656207,19.746257737697626,595.200575542087
5.6,1.435,33.015197217483085,53.2970225918693,95.0806809275067,16833.130961881205
6.4,1.435,81.37500079666324,67.78242519958322,129.9589244318069,27541.41484611412
7.2,1.435,15.601264241648401,2.4616174284255417,10.911825600277115,7.043947277105375
8.0,1.435,19.677191954250414,2.311522861544246,6.910635235602361,5.192962044486315
8.8,1.435,14.497228863132719,1.3896404799393463,3.678946168547639,0.000670747849294285
9.600000000000001,1.435,1.0000000005765453,1.0000000013593817,0.9999999965902091,0.999999993203091
10.4,1.435,0.4760290408997796,0.36847197880081317,0.1587250814881409,6.650312865744434
11.2,1.435,0.18025655304841168,0.11310462123975056,0.04318981334846483,10.350623224215534
12.0,1.435,0.05876310399659656,0.030828465755699284,0.009924793870444936,11.716441813655575
12.8,1.435,0.010422033131988456,0.00043257549738078617,0.0021486714503686976,12.24243109830559
13.600000000000001,1.435,0.0026365072201859816,0.00010372706334229177,0.0005772838017186073,12.248184843637153
14.4,1.435,0.0005816873171393139,2.166449112979965e-05,0.00013683522915575917,12.249620874338664
15.200000000000001,1.435,0.000202741419873839,2.8514528989649075e-06,2.9186582451226526e-05,12.249950099625083
16.0,1.435,3.457260579188935e-05,4.918681653467927e-07,1.421596539913321e-05,12.249991392308617
16.8,1.435,5.284462900691094e-06,4.493065747653863e-08,1.4215965400533095e-05,12.249999213713505
17.6,1.435,9.246000984603079e-07,4.493065747653961e-08,1.4215965400533405e-05,12.249999213713505
18.4,1.435,9.246000984603079e-07,4.493065747653961e-08,1.4215965400533405e-05,12.249999213713505
19.200000000000003,1.435,9.246000984603079e-07,4.493065747653961e-08,1.4215965400533405e-05,12.249999213713505
20.0,1.435,9.246000984603079e-07,4.493065747653961e-08,1.4215965400533405e-05,12.249999213713505
4.0,1.53,0.5021971104725778,2.169554344341257,28.179103944372837,3.7013368055906386
4.8,1.53,0.21314783280347133,11.179037112935331,19.773359698862194,597.684792851041
5.6,1.53,33.02018865297334,53.302253166915044,95.08733643236872,16836.524273765892
6.4,1.53,81.3752953608052,67.78236500412702,129.95855781714485,27541.364897132164
7.2,1.53,15.601271679545059,2.4616176056116683,10.911824773753352,7.043949628404074
8.0,1.53,19.677192705980293,2.3115228599018693,6.9106351443011516,5.192962025773019
8.8,1.53,14.497228914260514,1.3896404781734548,3.678946163265842,0.0006707480779666511
9.600000000000001,1.53,1.000000003482385,0.9999999985710001,0.9999999971552501,1.0000000071449988
10.4,1.53,0.4760290550540054,0.36847196838951396,0.15872508112508657,6.650312999988773
11.2,1.53,0.1802565510585953,0.11310462309864602,0.04318981557732946,10.350623194312982
12.0,1.53,0.05876311279278997,0.030828456105120416,0.009924797732076844,11.716441978821798
12.8,1.53,0.010422032863189596,0.0004325761857511483,0.002148664341651533,12.242431086262831
13.600000000000001,1.53,0.002636435352927567,0.00010373146347554153,0.0005772607172527355,12.248184766640527
14.4,1.53,0.0005816756221679809,2.1664945878366342e-05,0.00013682985942515213,12.249620866380686
15.200000000000001,1.53,0.0002027249226662148,2.85134019928574e-06,2.9209210051707477e-05,12.249950101597323
16.0,1.53,3.466748340968182e-05,4.907120872653477e-07,1.4215965399136819e-05,12.249991412539977
16.8,1.53,5.295087551234911e-06,4.493065747653863e-08,1.4215965400533095e-05,12.249999213713505
17.6,1.53,9.246000984603079e-07,4.493065747653961e-08,1.4215965400533405e-05,12.249999213713505
18.4,1.53,9.246000984603079e-07,4.493065747653961e-08,1.4215965400533405e-05,12.249999213713505
19.200000000000003,1.53,9.246000984603079e-07,4.493065747653961e-08,1.4215965400533405e-05,12.249999213713505
20.0,1.53,9.246000984603079e-07,4.493065747653961e-08,1.4215965400533405e-05,12.249999213713505
4.0,1.625,0.509088599209013,2.184476992339081,28.170755718358322,3.846275946933569
4.8,1.625,0.21367134801965026,11.199405865435702,19.800480260296602,600.1772207220978
5.6,1.625,33.02518062360945,53.30748395430026,95.09399195285143,16839.918065412116
6.4,1.625,81.37558992537654,67.78230480889124,129.95819120474292,27541.314948378396
7.2,1.625,15.601279117852116,2.4616177827935872,10.911823947194383,7.0439519796473276
8.0,1.625,19.67719345669253,2.311522858493116,6.910635052741769,5.19296200972163
8.8,1.625,14.497228951766608,1.3896404779485725,3.6789461564670884,0.0006707481070875696
9.600000000000001,1.625,1.0000000009650911,0.9999999989985713,1.000000000544151,1.0000000050071431
10.4,1.625,0.4760290441875037,0.368471976213004,0.158725081274464,6.650312899111906
11.2,1.625,0.18025654172694372,0.113104625026815,0.04318981803783579,10.350623163296087
12.0,1.625,0.058763120811864654,0.030828447714784497,0.009924801184649078,11.716442122419416
12.8,1.625,0.010422008604190245,0.0004325762472421723,0.0021486782507785717,12.242431085187071
13.600000000000001,1.625,0.002636417411416144,0.00010373071077797201,0.0005772855346810172,12.248184779811757
14.4,1.625,0.0005816737333510107,2.1665181958199356e-05,0.0001368234847144913,12.249620862249355
15.200000000000001,1.625,0.00020269917473289895,2.8510834131604373e-06,2.9227585157727316e-05,12.249950106091072
16.0,1.625,3.462125149871283e-05,4.928972191564518e-07,1.4215965399129989e-05,12.24999137430018
16.8,1.625,5.294473776410536e-06,4.493065747653863e-08,1.4215965400533095e-05,12.249999213713505
17.6,1.625,9.246000984603079e-07,4.493065747653961e-08,1.4215965400533405e-05,12.249999213713505
18.4,1.625,9.246000984603079e-07,4.493065747653961e-08,1.4215965400533405e-05,12.249999213713505
19.200000000000003,1.625,9.246000984603079e-07,4.493065747653961e-08,1.4215965400533405e-05,12.249999213713505
20.0,1.625,9.246000984603079e-07,4.493065747653961e-08,1.4215965400533405e-05,12.249999213713505
4.0,1.72,0.5160544102501433,2.1994380369926883,28.162417953791035,3.9943823436920183
4.8,1.72,0.21419589092226118,11.219799417014666,19.827619404379586,602.6778786900098
5.6,1.72,33.03017312936145,53.31271495392522,95.10064748883063,16843.31233679682
6.4,1.72,81.37588449030426,67.78224461384534,129.9578245942073,27541.264999827483
7.2,1.72,15.601286555862114,2.4616179600087555,10.911823120630785,7.043954331332198
8.0,1.72,19.677194207709412,2.3115228568073722,6.910634961594939,5.192961990514209
8.8,1.72,14.497229009870413,1.3896404767204618,3.6789461483432064,0.0006707482661205806
9.600000000000001,1.72,1.000000001048233,1.0000000001047336,0.9999999983481456,0.9999999994763318
10.4,1.72,0.47602905704185555,0.36847196743937904,0.15872508111178316,6.6503130122399075
11.2,1.72,0.18025656640076698,0.11310461245190605,0.04318981476977082,10.350623365578492
12.0,1.72,0.058763153201167206,0.030828447141830494,0.009924789874258221,11.716442132225316
12.8,1.72,0.010422010008850376,0.00043257683014749865,0.002148671611275502,12.24243107498938
13.600000000000001,1.72,0.0026364335707711613,0.00010373082913130615,0.0005772781906695276,12.248184777740727
14.4,1.72,0.0005816395486854729,2.1664634681364096e-05,0.00013685821954708495,12.249620871826552
15.200000000000001,1.72,0.00020272430380056697,2.8515306021142224e-06,2.9198465686315184e-05,12.24995009826528
16.0,1.72,3.465903729871926e-05,4.91188455699112e-07,1.421596539913533e-05,12.249991404203532
16.8,1.72,5.268175605237171e-06,4.493065747653864e-08,1.4215965400533097e-05,12.249999213713505
17.6,1.72,9.246000984603079e-07,4.493065747653961e-08,1.4215965400533405e-05,12.249999213713505
18.4,1.72,9.246000984603079e-07,4.493065747653961e-08,1.4215965400533405e-05,12.249999213713505
19.200000000000003,1.72,9.246000984603079e-07,4.493065747653961e-08,1.4215965400533405e-05,12.249999213713505
20.0,1.72,9.246000984603079e-07,4.493065747653961e-08,1.4215965400533405e-05,12.249999213713505
4.0,1.815,0.5230950240926419,2.214436920629146,28.154090921802503,4.145671860524287
4.8,1.815,0.21472146285362045,11.240217772484666,19.854777113451206,605.1867863120192
5.6,1.815,33.03516617031604,53.31794616585476,95.10730304036764,16846.707088003703
6.4,1.815,81.37617905569965,67.7821844190224,129.9574579860009,27541.21505150687
7.2,1.815,15.601293993993119,2.4616181371796952,10.911822294100292,7.04395668243054
8.0,1.815,19.677194958446975,2.311522855170503,6.910634870396471,5.192961971863661
8.8,1.815,14.497229051742048,1.3896404754249412,3.6789461435978916,0.0006707484338827862
9.600000000000001,1.815,1.0000000034847067,0.9999999978314793,0.9999999987440591,1.0000000108426028
10.4,1.815,0.47602904716827715,0.3684719744622098,0.15872508123269236,6.6503129216868215
11.2,1.815,0.18025653278205284,0.11310462802491206,0.04318982174690581,10.350623115068124
12.0,1.815,0.05876317051525353,0.03082844652534089,0.009924780097902972,11.71644214277632
12.8,1.815,0.010421989469495265,0.00043257685080609056,0.002148683680553561,12.242431074627966
13.600000000000001,1.815,0.002636436733515301,0.00010373094121118131,0.000577272138184911,12.24818477577948
14.4,1.815,0.0005816685513567051,2.1665935208934084e-05,0.00013681550648413478,12.24962084906767
15.200000000000001,1.815,0.00020270128376485329,2.851290713385879e-06,2.9215476952281835e-05,12.249950102463327
16.0,1.815,3.4618042651186944e-05,4.931176179240079e-07,1.4215965399129299e-05,12.249991370443205
16.8,1.815,5.177894017852278e-06,4.493065747653866e-08,1.4215965400533102e-05,12.249999213713505
17.6,1.815,9.246000984603079e-07,4.493065747653961e-08,1.4215965400533405e-05,12.249999213713505
18.4,1.815,9.246000984603079e-07,4.493065747653961e-08,1.4215965400533405e-05,12.249999213713505
19.200000000000003,1.815,9.246000984603079e-07,4.493065747653961e-08,1.4215965400533405e-05,12.249999213713505
20.0,1.815,9.246000984603079e-07,4.493065747653961e-08,1.4215965400533405e-05,12.249999213713505
4.0,1.91,0.5302109199358521,2.2294730812785972,28.145774890061222,4.3001599535363155
4.8,1.91,0.215248065156231,11.260660936610941,19.88195336980925,607.703963167531
5.6,1.91,33.04015974643936,53.32317758998108,95.11395860732999,16850.102319004454
6.4,1.91,81.37647362180863,67.78212422439309,129.95709138005665,27541.165103392213
7.2,1.91,15.601301432151127,2.461618314376913,10.91182146754121,7.043959033877989
8.0,1.91,19.677195709798397,2.311522853565891,6.910634779062851,5.192961953580654
8.8,1.91,14.497229107340727,1.389640474952891,3.6789461338337706,0.0006707484950104802
9.600000000000001,1.91,1.0000000044152362,0.9999999998666328,0.9999999927786053,1.0000000006668355
10.4,1.91,0.47602904584572964,0.36847197309515156,0.1587250838652962,6.6503129393138085
11.2,1.91,0.18025655544631417,0.11310461655179009,0.043189818619453674,10.350623299626967
12.0,1.91,0.05876317425290526,0.030828439751258915,0.009924783876269482,11.716442258712323
12.8,1.91,0.010422040783682935,0.0004325754610625768,0.002148668443650015,12.24243109894096
13.600000000000001,1.91,0.0026365031237716888,0.0001037276436549849,0.000577277752142798,12.248184833482433
14.4,1.91,0.0005816720830302515,2.1666265070409807e-05,0.00013681192407857543,12.249620843295183
15.200000000000001,1.91,0.00020272380807314353,2.8516831244976208e-06,2.918986058569233e-05,12.249950095596144
16.0,1.91,3.465228263211376e-05,4.91569633233366e-07,1.4215965399134139e-05,12.249991397532927
16.8,1.91,5.191246974411599e-06,4.493065747653865e-08,1.42159654005331e-05,12.249999213713505
17.6,1.91,9.246000984603079e-07,4.493065747653961e-08,1.4215965400533405e-05,12.249999213713505
18.4,1.91,9.246000984603079e-07,4.493065747653961e-08,1.4215965400533405e-05,12.249999213713505
19.200000000000003,1.91,9.246000984603079e-07,4.493065747653961e-08,1.4215965400533405e-05,12.249999213713505
20.0,1.91,9.246000984603079e-07,4.493065747653961e-08,1.4215965400533405e-05,12.249999213713505
4.0,2.005,0.5374025756231241,2.244545952758387,28.137470122783434,4.4578616645035725
4.8,2.005,0.21577569917285674,11.281128914112765,19.909148155711488,610.2294288582207
5.6,2.005,33.04515385777852,53.32840922632457,95.12061418972365,16853.498029853938
6.4,2.005,81.37676818806288,67.78206402997148,129.9567247759489,27541.115155495198
7.2,2.005,15.601308870361182,2.4616184915743506,10.911820640976748,7.043961385328748
8.0,2.005,19.677196460890443,2.3115228520007864,6.910634687708998,5.192961935747798
8.8,2.005,14.497229152418829,1.3896404737533312,3.6789461282823144,0.0006707486503463596
9.600000000000001,2.005,1.0000000024392435,1.0000000002601872,0.9999999958410007,0.9999999986990635
10.4,2.005,0.47602904958651177,0.3684719730450913,0.1587250811996362,6.650312939959292
11.2,2.005,0.18025653006037162,0.11310463329590077,0.04318981624890435,10.350623030277985
12.0,2.005,0.05876317784008509,0.030828433725984945,0.00992478733099449,11.716442361832746
12.8,2.005,0.010421983470608569,0.00043257773467234495,0.0021486718371099035,12.242431059165083
13.600000000000001,2.005,0.0026364484755736005,0.00010373097382032616,0.0005772604230636102,12.248184775208859
14.4,2.005,0.0005816423324422125,2.166572554710393e-05,0.00013684214689533582,12.249620852736696
15.200000000000001,2.005,0.00020270299306975937,2.851458728522438e-06,2.9205665514173466e-05,12.249950099523065
16.0,2.005,3.473066908856917e-05,4.908392334715872e-07,1.4215965399136416e-05,12.249991410314918
16.8,2.005,5.20343089925777e-06,4.493065747653865e-08,1.42159654005331e-05,12.249999213713505
17.6,2.005,9.246000984603079e-07,4.493065747653961e-08,1.4215965400533405e-05,12.249999213713505
18.4,2.005,9.246000984603079e-07,4.493065747653961e-08,1.4215965400533405e-05,12.249999213713505
19.200000000000003,2.005,9.246000984603079e-07,4.493065747653961e-08,1.4215965400533405e-05,12.249999213713505
20.0,2.005,9.246000984603079e-07,4.493065747653961e-08,1.4215965400533405e-05,12.249999213713505
4.0,2.1,0.544670467583315,2.259654964758168,28.129176880744378,4.618791615208543
4.8,2.1,0.21630436624650837,11.301621709663497,19.936361453375792,612.7632030079966
5.6,2.1,33.050148504368316,53.33364107484846,95.12726978750973,16856.894220569917
6.4,2.1,81.37706275494578,67.78200383575607,129.95635817415152,27541.06520781458
7.2,2.1,15.60131630848794,2.4616186687770503,10.911819814414937,7.043963736849728
8.0,2.1,19.677197211713892,2.311522850365153,6.910634596504541,5.192961917111333
8.8,2.1,14.49722920045081,1.3896404727439915,3.6789461215209593,0.000670748781049883
9.600000000000001,2.1,1.000000004482126,0.9999999982884129,0.999999996296602,1.0000000085579348
10.4,2.1,0.47602904827202625,0.3684719718641236,0.1587250835948137,6.650312955186806
11.2,2.1,0.1802565463839682,0.11310461985323833,0.04318982175093252,10.350623246519236
12.0,2.1,0.058763147109498134,0.030828452644530838,0.009924784731876251,11.716442038048559
12.8,2.1,0.01042202133432722,0.0004325760538444392,0.002148674023829987,12.242431088570484
13.600000000000001,2.1,0.0026364339996859517,0.0001037304135649549,0.0005772796404153576,12.248184785012604
14.4,2.1,0.0005816673036313147,2.1666801339992042e-05,0.0001368059689670494,12.249620833910612
15.200000000000001,2.1,0.00020273205567802077,2.8519297827482486e-06,2.918405940871625e-05,12.249950091279631
16.0,2.1,3.46467575553233e-05,4.918815604475169e-07,1.4215965399133163e-05,12.249991392074202
16.8,2.1,5.206897848574796e-06,4.493065747653865e-08,1.4215965400533099e-05,12.249999213713505
17.6,2.1,9.246000984603079e-07,4.493065747653961e-08,1.4215965400533405e-05,12.249999213713505
18.4,2.1,9.246000984603079e-07,4.493065747653961e-08,1.4215965400533405e-05,12.249999213713505
19.200000000000003,2.1,9.246000984603079e-07,4.493065747653961e-08,1.4215965400533405e-05,12.249999213713505
20.0,2.1,9.246000984603079e-07,4.493065747653961e-08,1.4215965400533405e-05,12.249999213713505
4.0,2.1950000000000003,0.552015070772355,2.27479954292597,28.12089542128969,4.782964001896791
4.8,2.1950000000000003,0.21683406772045602,11.32213932789146,19.963593244981304,615.3053052630648
5.6,2.1950000000000003,33.055143686197724,53.33887313550902,95.13392540061218,16860.290891165627
6.4,2.1950000000000003,81.37735732230587,67.78194364174887,129.9559915745396,27541.015260352007
7.2,2.1950000000000003,15.601323746569879,2.4616188459641375,10.911818987873808,7.043966088163919
8.0,2.1950000000000003,19.67719796232534,2.311522848765849,6.910634505263119,5.192961898888803
8.8,2.1950000000000003,14.497229248240409,1.389640471630558,3.6789461151752305,0.000670748925232958
9.600000000000001,2.1950000000000003,1.0000000063481755,0.9999999964873155,0.9999999967127654,1.0000000175634218
10.4,2.1950000000000003,0.4760290423057637,0.36847197888721933,0.15872507932187102,6.650312864630307
11.2,2.1950000000000003,0.18025654942678895,0.11310462380752709,0.043189815174179386,10.350623182909787
12.0,2.1950000000000003,0.05876315345509435,0.030828447576500023,0.009924788170440856,11.716442124786104
12.8,2.1950000000000003,0.010422021884031529,0.00043257651897888266,0.0021486690040780436,12.242431080433144
13.600000000000001,2.1950000000000003,0.002636445921379306,0.00010373051828310903,0.0005772741359039407,12.248184783180168
14.4,2.1950000000000003,0.0005816361391338542,2.1666129045137168e-05,0.00013683284586469096,12.249620845675592
15.200000000000001,2.1950000000000003,0.0002027136495179838,2.8517276885518096e-06,2.9198885326660162e-05,12.249950094816272
16.0,2.1950000000000003,3.456246399329844e-05,4.928817151847684e-07,1.4215965399130041e-05,12.249991374571499
16.8,2.1950000000000003,5.3123990376753825e-06,4.4930657476538625e-08,1.4215965400533094e-05,12.249999213713505
17.6,2.1950000000000003,9.246000984603079e-07,4.493065747653961e-08,1.4215965400533405e-05,12.249999213713505
18.4,2.1950000000000003,9.246000984603079e-07,4.493065747653961e-08,1.4215965400533405e-05,12.249999213713505
19.200000000000003,2.1950000000000003,9.246000984603079e-07,4.493065747653961e-08,1.4215965400533405e-05,12.249999213713505
20.0,2.1950000000000003,9.246000984603079e-07,4.493065747653961e-08,1.4215965400533405e-05,12.249999213713505
4.0,2.29,0.5594368586149688,2.289979108955203,28.11262599834722,4.9503925898543555
4.8,2.29,0.2173648049381615,11.342681773376897,19.99084351266452,617.8557552915072
5.6,2.29,33.06013940328378,53.344105408275965,95.14058102898349,16863.688041663023
6.4,2.29,81.37765189009824,67.78188344794157,129.95562497696466,27540.965313100613
7.2,2.29,15.601331184587096,2.4616190231567434,10.911818161332032,7.0439684395517395
8.0,2.29,19.677198713898964,2.3115228470594693,6.910634414066945,5.192961879446255
8.8,2.29,14.497229295328479,1.3896404712302215,3.6789461069775364,0.0006707489770741667
9.600000000000001,2.29,1.0000000052612434,0.9999999976954088,0.9999999957351298,1.0000000115229555
10.4,2.29,0.4760290520385449,0.3684719721864218,0.1587250792806591,6.6503129510310615
11.2,2.29,0.18025654287246834,0.11310462514622957,0.043189816936846016,10.350623161375161
12.0,2.29,0.05876315728025881,0.03082844188289437,0.009924790986944288,11.716442222230139
12.8,2.29,0.010422004921374356,0.00043257654033179575,0.0021486786386589445,12.242431080059587
13.600000000000001,2.29,0.002636447916729734,0.00010373062004202028,0.0005772695072401715,12.248184781399521
14.4,2.29,0.0005816404310328489,2.1666396125627738e-05,0.0001368291374240825,12.249620841001754
15.200000000000001,2.29,0.0002025314187627771,2.8532966909034203e-06,2.92304550717497e-05,12.24995006735879
16.0,2.29,3.449371626243289e-05,4.937663308954053e-07,1.421596539912728e-05,12.24999135909073
16.8,2.29,5.318432892104994e-06,4.4930657476538625e-08,1.4215965400533094e-05,12.249999213713505
17.6,2.29,9.246000984603079e-07,4.493065747653961e-08,1.4215965400533405e-05,12.249999213713505
18.4,2.29,9.246000984603079e-07,4.493065747653961e-08,1.4215965400533405e-05,12.249999213713505
19.200000000000003,2.29,9.246000984603079e-07,4.493065747653961e-08,1.4215965400533405e-05,12.249999213713505
20.0,2.29,9.246000984603079e-07,4.493065747653961e-08,1.4215965400533405e-05,12.249999213713505
4.0,2.3850000000000002,0.5669363029465737,2.3051930806725305,28.10436886243907,5.121090708108915
4.8,2.3850000000000002,0.21789657924337186,11.363249050655646,20.018112238524495,620.4145727836914
5.6,2.3850000000000002,33.06513565569155,53.34933789316103,95.14723667263702,16867.08567211135
6.4,2.3850000000000002,81.37794645829449,67.78182325434057,129.95525838148427,27540.915366065678
7.2,2.3850000000000002,15.601338622885537,2.4616192003464774,10.911817334768378,7.04397079090184
8.0,2.3850000000000002,19.67719946481471,2.311522845520058,6.91063432269455,5.192961861906149
8.8,2.3850000000000002,14.49722934260738,1.3896404699007974,3.6789461013711136,0.0006707491492267712
9.600000000000001,2.3850000000000002,1.0000000052505946,0.9999999986455682,0.9999999944434977,1.0000000067721584
10.4,2.3850000000000002,0.47602904472405916,0.3684719773418136,0.158725079445635,6.650312884556922
11.2,2.3850000000000002,0.18025654118191015,0.11310462566897746,0.04318981802741943,10.350623152966142
12.0,2.3850000000000002,0.058763160971954206,0.030828436732714078,0.009924793607997874,11.716442310373646
12.8,2.3850000000000002,0.01042204538803123,0.00043257543923179084,0.002148666634684967,12.242431099322884
13.600000000000001,2.3850000000000002,0.002636432231050802,0.00010373002429156211,0.0005772854179888463,12.248184791824379
14.4,2.3850000000000002,0.0005816352178395563,2.1666627899203103e-05,0.00013682603491744558,12.24962083694578
15.200000000000001,2.3850000000000002,0.00020255621425475898,2.853531274225997e-06,2.9209333048821138e-05,12.24995006325359
16.0,2.3850000000000002,3.456480036834009e-05,4.930518458429957e-07,1.4215965399129509e-05,12.249991371594216
16.8,2.3850000000000002,5.2472302677771215e-06,4.4930657476538645e-08,1.4215965400533099e-05,12.249999213713505
17.6,2.3850000000000002,9.246000984603079e-07,4.493065747653961e-08,1.4215965400533405e-05,12.249999213713505
18.4,2.3850000000000002,9.246000984603079e-07,4.493065747653961e-08,1.4215965400533405e-05,12.249999213713505
19.200000000000003,2.3850000000000002,9.246000984603079e-07,4.493065747653961e-08,1.4215965400533405e-05,12.249999213713505
20.0,2.3850000000000002,9.246000984603079e-07,4.493065747653961e-08,1.4215965400533405e-05,12.249999213713505
4.0,2.4800000000000004,0.57250406488395,2.312323325578498,27.99783621584469,5.202086564966315
4.8,2.4800000000000004,0.2184293919800449,11.383841164216648,20.045399404619392,622.9817774519175
5.6,2.4800000000000004,33.07013244341565,53.35457059009969,95.15389233148726,16870.48378251032
6.4,2.4800000000000004,81.37824102694518,67.78176306094183,129.9548917881054,27540.865419243873
7.2,2.4800000000000004,15.601346060897894,2.4616193775447317,10.911816508221529,7.043973142365399
8.0,2.4800000000000004,19.67720021659742,2.311522843877396,6.9106342313745905,5.192961843189599
8.8,2.4800000000000004,14.497229386770092,1.3896404692903248,3.678946094263539,0.0006707492282793845
9.600000000000001,2.4800000000000004,1.0000000042889592,0.9999999996784095,0.999999993627668,1.000000001607952
10.4,2.4800000000000004,0.4760290536186206,0.36847197121363934,0.15872507940286387,6.650312963574218
11.2,2.4800000000000004,0.18025653623834453,0.11310462733125268,0.04318981973569685,10.350623126226461
12.0,2.4800000000000004,0.058763144561524684,0.03082845734065732,0.009924781448603981,11.716441957676022
12.8,2.4800000000000004,0.010421998875892072,0.0004325772782064588,0.0021486694474798004,12.242431067150767
13.600000000000001,2.4800000000000004,0.0026364565521709575,0.00010373067098016092,0.0005772602373608843,12.24818478050817
14.4,2.4800000000000004,0.0005816392163611712,2.1666855392492704e-05,0.00013682287184926155,12.249620832964707
15.200000000000001,2.4800000000000004,0.0002025458157621582,2.8532788491178525e-06,2.922137080115057e-05,12.249950067671021
16.0,2.4800000000000004,3.459407745900195e-05,4.918724832777552e-07,1.4215965399133195e-05,12.249991392233053
16.8,2.4800000000000004,5.255074692840329e-06,4.493065747653864e-08,1.4215965400533097e-05,12.249999213713505
17.6,2.4800000000000004,9.246000984603079e-07,4.493065747653961e-08,1.4215965400533405e-05,12.249999213713505
18.4,2.4800000000000004,9.246000984603079e-07,4.493065747653961e-08,1.4215965400533405e-05,12.249999213713505
19.200000000000003,2.4800000000000004,9.246000984603079e-07,4.493065747653961e-08,1.4215965400533405e-05,12.249999213713505
20.0,2.4800000000000004,9.246000984603079e-07,4.493065747653961e-08,1.4215965400533405e-05,12.249999213713505
4.0,2.575,0.5778643103993716,2.31844689411797,27.880154379172648,5.272154358218413
4.8,2.575,0.21896324449234666,11.404458118502825,20.072704992967562,625.5573890304818
5.6,2.575,33.07512976646437,53.35980349906534,95.16054800548328,16873.88237288427
6.4,2.575,81.3785355961074,67.78170286775334,129.95452519695672,27540.81547264181
7.2,2.575,15.601353499088857,2.461619554726649,10.911815681675584,7.043975493612552
8.0,2.575,19.677200967103726,2.311522842308129,6.91063414010996,5.192961825309315
8.8,2.575,14.497229436259557,1.3896404680339776,3.678946087998923,0.0006707493909689932
9.600000000000001,2.575,1.0000000059711673,0.9999999981762339,0.9999999941652932,1.0000000091188301
10.4,2.575,0.4760290467873434,0.36847197602591075,0.15872507955175624,6.650312901524306
11.2,2.575,0.18025655292217907,0.11310461884680098,0.04318981749016161,10.35062326270898
12.0,2.575,0.058763148440211826,0.030828451995039054,0.009924784226494744,11.716442049164378
12.8,2.575,0.010422029186685946,0.00043257592427604506,0.0021486713189839265,12.24243109083723
13.600000000000001,2.575,0.0026364444671830617,0.00010373022597383333,0.0005772759206007145,12.248184788295202
14.4,2.575,0.000581694900798856,2.1664223500708786e-05,0.00013683217005979937,12.249620879022102
15.200000000000001,2.575,0.00020257530460686572,2.8535961350619458e-06,2.9203162191292377e-05,12.249950062118524
16.0,2.575,3.4566789631091986e-05,4.931967190101777e-07,1.4215965399129055e-05,12.249991369058934
16.8,2.575,5.256087539160657e-06,4.493065747653864e-08,1.4215965400533097e-05,12.249999213713505
17.6,2.575,9.246000984603079e-07,4.493065747653961e-08,1.4215965400533405e-05,12.249999213713505
18.4,2.575,9.246000984603079e-07,4.493065747653961e-08,1.4215965400533405e-05,12.249999213713505
19.200000000000003,2.575,9.246000984603079e-07,4.493065747653961e-08,1.4215965400533405e-05,12.249999213713505
20.0,2.575,9.246000984603079e-07,4.493065747653961e-08,1.4215965400533405e-05,12.249999213713505
4.0,2.6700000000000004,0.583264075479828,2.324567437672009,27.76355080033345,5.34265591752115
4.8,2.6700000000000004,0.21949813812468655,11.425099917909971,20.100028985546892,628.1414272754906
5.6,2.6700000000000004,33.08012762487444,53.36503662004813,95.16720369460413,16877.28144326839
6.4,2.6700000000000004,81.37883016566998,67.78164267477713,129.9541586079454,27540.76552626119
7.2,2.6700000000000004,15.601360937105849,2.461619731930024,10.911814855124128,7.043977845144849
8.0,2.6700000000000004,19.677201718427344,2.311522840643074,6.910634048880363,5.1929618063376175
8.8,2.6700000000000004,14.497229487718965,1.3896404669275035,3.6789460808234407,0.0006707495342509136
9.600000000000001,2.6700000000000004,1.0000000050528517,0.9999999991528032,0.999999993417944,1.0000000042359831
10.4,2.6700000000000004,0.47602904585300787,0.3684719749909491,0.15872508149421385,6.650312914869206
11.2,2.6700000000000004,0.18025655105449495,0.11310461953788462,0.04318981844463727,10.350623251592076
12.0,2.6700000000000004,0.05876315345658334,0.03082844777147616,0.009924787045474214,11.716442121449154
12.8,2.6700000000000004,0.010422014553112176,0.00043257597100296086,0.0021486795360314854,12.242431090019766
13.600000000000001,2.6700000000000004,0.0026364332234686664,0.00010372981189879414,0.000577290484081212,12.248184795540977
14.4,2.6700000000000004,0.0005816377706568764,2.166723426752659e-05,0.00013681740293556668,12.2496208263345
15.200000000000001,2.6700000000000004,0.0002025649654901094,2.853359360016574e-06,2.921456190313103e-05,12.249950066262079
16.0,2.6700000000000004,3.459389843524576e-05,4.920965351589486e-07,1.4215965399132494e-05,12.249991388312147
16.8,2.6700000000000004,5.2405993889787256e-06,4.4930657476538645e-08,1.4215965400533099e-05,12.249999213713505
17.6,2.6700000000000004,9.246000984603079e-07,4.493065747653961e-08,1.4215965400533405e-05,12.249999213713505
18.4,2.6700000000000004,9.246000984603079e-07,4.493065747653961e-08,1.4215965400533405e-05,12.249999213713505
19.200000000000003,2.6700000000000004,9.246000984603079e-07,4.493065747653961e-08,1.4215965400533405e-05,12.249999213713505
20.0,2.6700000000000004,9.246000984603079e-07,4.493065747653961e-08,1.4215965400533405e-05,12.249999213713505
4.0,2.765,0.5887035236085589,2.3306848136562017,27.648015017279135,5.4135888898142435
4.8,2.765,0.22003407422170196,11.44576656678922,20.127371364297407,630.7339119651255
5.6,2.765,33.085126018664305,53.37026995301056,95.1738593987995,16880.680993679955
6.4,2.765,81.37912473587228,67.78158248198658,129.95379202105178,27540.71558007991
7.2,2.765,15.601368375269745,2.4616199091339013,10.911814028558897,7.043980196684205
8.0,2.765,19.677202469548266,2.3115228390088673,6.9106339576231015,5.192961787717411
8.8,2.765,14.497229533914778,1.3896404662414636,3.6789460735881643,0.0006707496230890783
9.600000000000001,2.765,1.0000000066008214,0.9999999977795134,0.9999999939334333,1.0000000111024323
10.4,2.765,0.4760290485918969,0.36847197491007505,0.1587250796515723,6.650312915912003
11.2,2.765,0.18025654621266307,0.11310462119641906,0.043189819946059665,10.350623224912574
12.0,2.765,0.05876315677192343,0.030828443126580916,0.009924789441668637,11.716442200944888
12.8,2.765,0.010422015222495685,0.00043257634309747274,0.002148675361686227,12.24243108351012
13.600000000000001,2.765,0.0026364552740964268,0.00010373040987080608,0.0005772677838607843,12.248184785077246
14.4,2.765,0.0005816863964171482,2.1664647891211626e-05,0.00013682547794403337,12.249620871595383
15.200000000000001,2.765,0.0002025553380142695,2.8531388855863507e-06,2.9225179235117053e-05,12.249950070120377
16.0,2.765,3.4568503787674675e-05,4.933215705897237e-07,1.4215965399128664e-05,12.249991366874035
16.8,2.765,5.247875693115341e-06,4.4930657476538645e-08,1.4215965400533099e-05,12.249999213713505
17.6,2.765,9.246000984603079e-07,4.493065747653961e-08,1.4215965400533405e-05,12.249999213713505
18.4,2.765,9.246000984603079e-07,4.493065747653961e-08,1.4215965400533405e-05,12.249999213713505
19.200000000000003,2.765,9.246000984603079e-07,4.493065747653961e-08,1.4215965400533405e-05,12.249999213713505
20.0,2.765,9.246000984603079e-07,4.493065747653961e-08,1.4215965400533405e-05,12.249999213713505
4.0,2.8600000000000003,0.59418281751028,2.336798879212265,27.53353667205892,5.484950875583477
4.8,2.8600000000000003,0.22057105412824454,11.466458069444045,20.154732111118044,633.3348628992193
5.6,2.8600000000000003,33.090124947855074,53.375503497923276,95.18051511802442,16884.081024141466
6.4,2.8600000000000003,81.3794193064206,67.78152228941583,129.9534254363276,27540.665634126308
7.2,2.8600000000000003,15.601375813402388,2.4616200863256887,10.911813202008467,7.043982548063518
8.0,2.8600000000000003,19.677203221069828,2.311522837397914,6.9106338662851226,5.192961769362153
8.8,2.8600000000000003,14.497229579911094,1.3896404654410695,3.6789460666689795,0.0006707497267354659
9.600000000000001,2.8600000000000003,1.0000000057225977,0.9999999987043833,0.999999993243436,1.000000006478083
10.4,2.8600000000000003,0.47602904739358715,0.36847197377495544,0.15872508137294153,6.650312930548351
11.2,2.8600000000000003,0.180256548553661,0.11310462418664799,0.04318981495846785,10.350623176811174
12.0,2.8600000000000003,0.058763134907685526,0.03082845670575357,0.009924787463175202,11.716441968542176
12.8,2.8600000000000003,0.010422008670997015,0.00043257664866109814,0.0021486715064315655,12.24243107816441
13.600000000000001,2.8600000000000003,0.0026364419492126176,0.00010372992004680289,0.0005772811092600107,12.248184793648532
14.4,2.8600000000000003,0.0005816182388608573,2.1666881903278394e-05,0.00013683520086718814,12.249620832500776
15.200000000000001,2.8600000000000003,0.00020257522089903035,2.8533397245414175e-06,2.9207742743714247e-05,12.249950066605702
16.0,2.8600000000000003,3.4593690258983264e-05,4.922899073665885e-07,1.421596539913189e-05,12.249991384928133
16.8,2.8600000000000003,5.191246974411599e-06,4.493065747653865e-08,1.42159654005331e-05,12.249999213713505
17.6,2.8600000000000003,9.246000984603079e-07,4.493065747653961e-08,1.4215965400533405e-05,12.249999213713505
18.4,2.8600000000000003,9.246000984603079e-07,4.493065747653961e-08,1.4215965400533405e-05,12.249999213713505
19.200000000000003,2.8600000000000003,9.246000984603079e-07,4.493065747653961e-08,1.4215965400533405e-05,12.249999213713505
20.0,2.8600000000000003,9.246000984603079e-07,4.493065747653961e-08,1.4215965400533405e-05,12.249999213713505
4.0,2.955,0.5997021191369654,2.3429094912302975,27.420105509861056,5.556739429076116
4.8,2.955,0.22110907918935208,11.487174430131772,20.182111207868044,635.9442998994014
5.6,2.955,33.09512441246938,53.38073725476034,95.18717085223876,16887.48153467768
6.4,2.955,81.37971387735297,67.78146209705179,129.95305885366844,27540.615688389513
7.2,2.955,15.60138325150706,2.4616202635064672,10.91181237547087,7.043984899297131
8.0,2.955,19.677203971824113,2.3115228357459876,6.910633775111758,5.192961750540043
8.8,2.955,14.497229632616078,1.3896404642994955,3.678946059405703,0.0006707498745626584
9.600000000000001,2.955,1.0000000071495239,0.9999999974338271,0.9999999937314091,1.000000012830864
10.4,2.955,0.4760290547710115,0.3684719687453123,0.1587250812745636,6.650312995401072
11.2,2.955,0.1802565397648277,0.11310462286669644,0.043189821942107326,10.350623198044167
12.0,2.955,0.05876313860652897,0.030828452072470328,0.009924789691929491,11.716442047839168
12.8,2.955,0.010422009328132314,0.0004325769684728609,0.002148667826007835,12.242431072569433
13.600000000000001,2.955,0.0026364623014065013,0.00010373047609126782,0.0005772601702975726,12.248184783918472
14.4,2.955,0.0005816820570601754,2.166513211922415e-05,0.00013682036887386768,12.249620863121523
15.200000000000001,2.955,0.00020256588223110253,2.853134061966726e-06,2.9217895567164368e-05,12.249950070204793
16.0,2.955,3.464801242082114e-05,4.917615985378282e-07,1.421596539913354e-05,12.249991394173534
16.8,2.955,5.199489791335056e-06,4.493065747653865e-08,1.42159654005331e-05,12.249999213713505
17.6,2.955,9.246000984603079e-07,4.493065747653961e-08,1.4215965400533405e-05,12.249999213713505
18.4,2.955,9.246000984603079e-07,4.493065747653961e-08,1.4215965400533405e-05,12.249999213713505
19.200000000000003,2.955,9.246000984603079e-07,4.493065747653961e-08,1.4215965400533405e-05,12.249999213713505
20.0,2.955,9.246000984603079e-07,4.493065747653961e-08,1.4215965400533405e-05,12.249999213713505
4.0,3.0500000000000003,0.6052615896537721,2.3490165063711284,27.307711378059928,5.628952058530388
4.8,3.0500000000000003,0.22164815075032493,11.507915653063893,20.209508636368355,638.5622428090878
5.6,3.0500000000000003,33.10012441254527,53.38597122351928,95.1938266014272,16890.88252532859
6.4,3.0500000000000003,81.38000844889925,67.78140190488037,129.95269227316578,27540.565742857838
7.2,3.0500000000000003,15.601390689641553,2.4616204407034,10.911811548915297,7.043987250745507
8.0,3.0500000000000003,19.67720472297706,2.311522834116984,6.910633683857512,5.192961731979118
8.8,3.0500000000000003,14.49722967821719,1.389640463325146,3.6789460530920364,0.0006707500007352684
9.600000000000001,3.0500000000000003,1.0000000077145403,0.9999999963697455,0.9999999944963094,1.000000018151272
10.4,3.0500000000000003,0.47602904896766807,0.3684719728849678,0.15872508134194915,6.65031294202394
11.2,3.0500000000000003,0.18025654216098191,0.11310462561872059,0.04318981720308277,10.35062315377458
12.0,3.0500000000000003,0.058763141941033104,0.030828447657560324,0.009924791759225384,11.716442123398783
12.8,3.0500000000000003,0.010421997136702922,0.0004325769768719036,0.0021486751281603604,12.242431072422496
13.600000000000001,3.0500000000000003,0.002636451658667605,0.00010373009619859167,0.0005772733560133743,12.248184790566102
14.4,3.0500000000000003,0.0005816182798507639,2.1667211927333963e-05,0.00013682964516790024,12.249620826725446
15.200000000000001,3.0500000000000003,0.00020259020084395068,2.8534070774007353e-06,2.9202639280059335e-05,12.249950065427027
16.0,3.0500000000000003,3.459355794809551e-05,4.924597778431604e-07,1.4215965399131359e-05,12.2499913819554
16.8,3.0500000000000003,5.289759235738135e-06,4.493065747653863e-08,1.4215965400533095e-05,12.249999213713505
17.6,3.0500000000000003,9.246000984603079e-07,4.493065747653961e-08,1.4215965400533405e-05,12.249999213713505
18.4,3.0500000000000003,9.246000984603079e-07,4.493065747653961e-08,1.4215965400533405e-05,12.249999213713505
19.200000000000003,3.0500000000000003,9.246000984603079e-07,4.493065747653961e-08,1.4215965400533405e-05,12.249999213713505
20.0,3.0500000000000003,9.246000984603079e-07,4.493065747653961e-08,1.4215965400533405e-05,12.249999213713505
4.0,3.145,0.6108613894250511,2.355119781088643,27.19634422526904,5.701586226417606
4.8,3.145,0.22218827015663822,11.528681742405332,20.236924378399916,641.1887114933444
5.6,3.145,33.105124948063306,53.391205404125365,95.20048236548902,16894.28399608722
6.4,3.145,81.38030302078444,67.78134171292335,129.9523256947649,27540.51579754935
7.2,3.145,15.601398127832587,2.4616206178903473,10.911810722364798,7.043989602061768
8.0,3.145,19.677205473960626,2.311522832512745,6.910633592579903,5.192961713700361
8.8,3.145,14.497229728145168,1.3896404620731748,3.67894604662205,0.0006707501628582968
9.600000000000001,3.145,1.0000000069580548,0.9999999973291837,0.9999999939276311,1.000000013354081
10.4,3.145,0.47602904810864444,0.3684719721012411,0.15872508293697402,6.650312952129391
11.2,3.145,0.18025653823314283,0.11310462693103132,0.04318981857505095,10.350623132664497
12.0,3.145,0.05876314652563146,0.03082844427088093,0.009924793946787434,11.7164421813606
12.8,3.145,0.010422022006504349,0.0004325758774293478,0.0021486764888781294,12.242431091656796
13.600000000000001,3.145,0.00263644189658376,0.00010372974860858583,0.000577285797450117,12.248184796648477
14.4,3.145,0.0005816648475104199,2.1665058957316043e-05,0.00013683713455881085,12.249620864401836
15.200000000000001,3.145,0.0002025809729397324,2.853211799951656e-06,2.9212332234832423e-05,12.249950068844377
16.0,3.145,3.4644578847679217e-05,4.919584687512436e-07,1.4215965399132923e-05,12.249991390728306
16.8,3.145,5.275611869212526e-06,4.493065747653863e-08,1.4215965400533095e-05,12.249999213713505
17.6,3.145,9.246000984603079e-07,4.493065747653961e-08,1.4215965400533405e-05,12.249999213713505
18.4,3.145,9.246000984603079e-07,4.493065747653961e-08,1.4215965400533405e-05,12.249999213713505
19.200000000000003,3.145,9.246000984603079e-07,4.493065747653961e-08,1.4215965400533405e-05,12.249999213713505
20.0,3.145,9.246000984603079e-07,4.493065747653961e-08,1.4215965400533405e-05,12.249999213713505
4.0,3.24,0.6165016780004705,2.361219171652127,27.085994100399468,5.774639349697507
4.8,3.24,0.22272943875398699,11.549472702274352,20.264358415704297,643.8237258388265
5.6,3.24,33.11012601907232,53.39643979658408,95.20713814442091,16897.685946998707
6.4,3.24,81.38059759310711,67.7812815211713,129.95195911847756,27540.46585245623
7.2,3.24,15.601405565902368,2.461620795080965,10.911809895821532,7.043991953427128
8.0,3.24,19.67720622529332,2.3115228309257927,6.910633501227799,5.192961695618571
8.8,3.24,14.497229775482324,1.3896404611445414,3.6789460398289653,0.0006707502831109629
9.600000000000001,3.24,1.0000000087950447,0.9999999967825175,0.9999999919424607,1.0000000160874118
10.4,3.24,0.47602905037986143,0.368471972116953,0.15872508132216967,6.6503129519268
11.2,3.24,0.18025654802522006,0.11310461806071849,0.043189821941578194,10.350623275354057
12.0,3.24,0.05876313451452736,0.030828459890141418,0.009924784651007254,11.71644191404251
12.8,3.24,0.010422022359202579,0.0004325761977166048,0.002148673015865313,12.2424310860535
13.600000000000001,3.24,0.002636460459492823,0.0001037302607456851,0.0005772665625775647,12.248184787686743
14.4,3.24,0.0005816803722837051,2.166577578973737e-05,0.00013681383254752184,12.249620851857465
15.200000000000001,3.24,0.00020257228705663165,2.853027994592177e-06,2.922145752389602e-05,12.249950072060967
16.0,3.24,3.459344124555642e-05,4.926096337617172e-07,1.421596539913089e-05,12.249991379332922
16.8,3.24,5.280858394666145e-06,4.493065747653863e-08,1.4215965400533095e-05,12.249999213713505
17.6,3.24,9.246000984603079e-07,4.493065747653961e-08,1.4215965400533405e-05,12.249999213713505
18.4,3.24,9.246000984603079e-07,4.493065747653961e-08,1.4215965400533405e-05,12.249999213713505
19.200000000000003,3.24,9.246000984603079e-07,4.493065747653961e-08,1.4215965400533405e-05,12.249999213713505
20.0,3.24,9.246000984603079e-07,4.493065747653961e-08,1.4215965400533405e-05,12.249999213713505
4.0,3.3350000000000004,0.6221826141012505,2.3673145341686417,26.97665115172403,5.848108800086853
4.8,3.3350000000000004,0.22327165788825737,11.570288536742678,20.291810729983535,646.4673057537469
5.6,3.3350000000000004,33.11512762558969,53.40167440085524,95.21379393817054,16901.088378078523
6.4,3.3350000000000004,81.38089216597614,67.78122132963342,129.95159254450294,27540.41590758611
7.2,3.3350000000000004,15.601413004095848,2.4616209722728266,10.91180906926598,7.043994304809385
8.0,3.3350000000000004,19.67720697596922,2.3115228293026093,6.9106334100266595,5.192961677123963
8.8,3.3350000000000004,14.497229818552524,1.3896404605411388,3.6789460329295367,0.0006707503612481316
9.600000000000001,3.3350000000000004,1.0000000074890423,0.9999999971137005,0.9999999938141143,1.0000000144314969
10.4,3.3350000000000004,0.476029049530936,0.3684719714008261,0.15872508282734885,6.650312961160612
11.2,3.3350000000000004,0.18025654998116064,0.11310462071437577,0.04318981760751899,10.350623232666814
12.0,3.3350000000000004,0.05876313768063749,0.030828455629825047,0.009924786685231501,11.716441986956308
12.8,3.3350000000000004,0.0104220165375416,0.00043257646390007845,0.0021486697765327146,12.242431081396727
13.600000000000001,3.3350000000000004,0.002636448899670936,0.00010372984552119544,0.0005772780280612207,12.248184794952634
14.4,3.3350000000000004,0.0005816594886479286,2.1665362493426538e-05,0.0001368312985088421,12.249620859090037
15.200000000000001,3.3350000000000004,0.0002025894902762264,2.853212313646247e-06,2.920670340702176e-05,12.249950068835387
16.0,3.3350000000000004,3.464153906497395e-05,4.92132796581815e-07,1.4215965399132377e-05,12.249991387677571
16.8,3.3350000000000004,5.2858285307342905e-06,4.493065747653863e-08,1.4215965400533095e-05,12.249999213713505
17.6,3.3350000000000004,9.246000984603079e-07,4.493065747653961e-08,1.4215965400533405e-05,12.249999213713505
18.4,3.3350000000000004,9.246000984603079e-07,4.493065747653961e-08,1.4215965400533405e-05,12.249999213713505
19.200000000000003,3.3350000000000004,9.246000984603079e-07,4.493065747653961e-08,1.4215965400533405e-05,12.249999213713505
20.0,3.3350000000000004,9.246000984603079e-07,4.493065747653961e-08,1.4215965400533405e-05,12.249999213713505
4.0,3.43,0.6279043556065084,2.3734057246053584,26.86830562594751,5.921991904340518
4.8,3.43,0.22381492890555924,11.591129249836216,20.319281302901473,649.1194711679204
5.6,3.43,33.12012976764386,53.406909216919885,95.22044974670467,16904.491289355912
6.4,3.43,81.38118673928435,67.78116113829248,129.95122597254263,27540.365962924687
7.2,3.43,15.601420442176218,2.46162114946791,10.911808242717392,7.043996656234792
8.0,3.43,19.677207727760045,2.311522827665177,6.910633318691639,5.1929616584669995
8.8,3.43,14.497229867667135,1.389640459642736,3.678946025758635,0.0006707504775861125
9.600000000000001,3.43,1.000000006801659,0.9999999979728131,0.9999999933115833,1.0000000101359339
10.4,3.43,0.47602904587847533,0.36847197606320203,0.15872508018101406,6.650312901043467
11.2,3.43,0.18025654616309666,0.11310462205348237,0.04318981885428895,10.350623211125688
12.0,3.43,0.05876314079014955,0.030828451667819487,0.009924788626835105,11.716442054764627
12.8,3.43,0.010422017021829785,0.0004325767501870113,0.0021486666817529935,12.242431076388256
13.600000000000001,3.43,0.0026364184571177583,0.00010373173119952359,0.000577267890664522,12.248184761955706
14.4,3.43,0.0005816617066447546,2.1665562063529837e-05,0.00013682886549740204,12.249620855597614
15.200000000000001,3.43,0.0002025810492370019,2.8530386771310073e-06,2.9215478377907336e-05,12.249950071874022
16.0,3.43,3.4659920954469385e-05,4.912975697889895e-07,1.421596539913499e-05,12.249991402294036
16.8,3.43,5.237320829950262e-06,4.4930657476538645e-08,1.4215965400533099e-05,12.249999213713505
17.6,3.43,9.246000984603079e-07,4.493065747653961e-08,1.4215965400533405e-05,12.249999213713505
18.4,3.43,9.246000984603079e-07,4.493065747653961e-08,1.4215965400533405e-05,12.249999213713505
19.200000000000003,3.43,9.246000984603079e-07,4.493065747653961e-08,1.4215965400533405e-05,12.249999213713505
20.0,3.43,9.246000984603079e-07,4.493065747653961e-08,1.4215965400533405e-05,12.249999213713505
4.0,3.5250000000000004,0.6336670595397447,2.3794925988119244,26.760947867282255,5.99628594454586
4.8,3.5250000000000004,0.22435925315217994,11.61199484553379,20.346770116082002,651.7802420325543
5.6,3.5250000000000004,33.1251324452334,53.41214424474074,95.2271055699592,16907.894680848232
6.4,3.5250000000000004,81.381481313114,67.78110094714073,129.95085940261364,27540.316018465535
7.2,3.5250000000000004,15.601427880312293,2.461621326654135,10.911807416172172,7.043999007543034
8.0,3.5250000000000004,19.67720847861804,2.3115228260810685,6.910633227397802,5.192961640417612
8.8,3.5250000000000004,14.497229918421983,1.389640458297882,3.678946019337967,0.0006707506517369907
9.600000000000001,3.5250000000000004,1.0000000096492914,0.9999999957113354,0.9999999926584685,1.000000021443323
10.4,3.5250000000000004,0.476029051887834,0.36847197161803474,0.1587250800586605,6.650312958359902
11.2,3.5250000000000004,0.18025654487354442,0.11310462245472906,0.043189819526822666,10.350623204671159
12.0,3.5250000000000004,0.05876312348137241,0.03082846245505846,0.009924787043549517,11.716441870144864
12.8,3.5250000000000004,0.010422006265868677,0.00043257676333657554,0.0021486730307573917,12.242431076158207
13.600000000000001,3.5250000000000004,0.002636457137665594,0.000103730010276802,0.0005772715320092119,12.248184792069623
14.4,3.5250000000000004,0.0005816573199316127,2.166573062551765e-05,0.00013682670617076053,12.249620852647825
15.200000000000001,3.5250000000000004,0.0002026016413210002,2.8532768773219455e-06,2.9202338041749746e-05,12.249950067705528
16.0,3.5250000000000004,3.454233088854356e-05,4.933440830704224e-07,1.4215965399128598e-05,12.249991366480064
16.8,3.5250000000000004,5.238511472210216e-06,4.4930657476538645e-08,1.4215965400533099e-05,12.249999213713505
17.6,3.5250000000000004,9.246000984603079e-07,4.493065747653961e-08,1.4215965400533405e-05,12.249999213713505
18.4,3.5250000000000004,9.246000984603079e-07,4.493065747653961e-08,1.4215965400533405e-05,12.249999213713505
19.200000000000003,3.5250000000000004,9.246000984603079e-07,4.493065747653961e-08,1.4215965400533405e-05,12.249999213713505
20.0,3.5250000000000004,9.246000984603079e-07,4.493065747653961e-08,1.4215965400533405e-05,12.249999213713505
4.0,3.62,0.6394708820553913,2.385575012542794,26.654568316530142,6.070988158429556
4.8,3.62,0.22490463197461222,11.632885327767765,20.374277151110178,654.4496383202799
5.6,3.62,33.130135658393144,53.417379484285206,95.23376140789743,16911.29855257585
6.4,3.62,81.38177588730109,67.78104075620836,129.95049283485776,27540.26607423371
7.2,3.62,15.601435318476996,2.461621503853869,10.91180658961226,7.044001359030939
8.0,3.62,19.677209228883374,2.3115228244619637,6.910633136235593,5.192961621969474
8.8,3.62,14.497229963275736,1.3896404576412809,3.6789460123453637,0.0006707507367630896
9.600000000000001,3.62,1.0000000089412948,0.9999999965621591,0.9999999922126412,1.0000000171892038
10.4,3.62,0.4760290470739903,0.3684719750305156,0.15872508014736128,6.650312914359031
11.2,3.62,0.18025654085005682,0.11310462333913664,0.043189820528434834,10.350623190444406
12.0,3.62,0.058763127949120926,0.03082845912458075,0.009924789067870572,11.71644192714481
12.8,3.62,0.010422027632794949,0.00043257581376266217,0.0021486742679712764,12.242431092770616
13.600000000000001,3.62,0.002636448306192542,0.000103729702423878,0.0005772823435234313,12.24818479745665
14.4,3.62,0.0005816594785206018,2.1665910051319334e-05,0.00013682452153976376,12.249620849507922
15.200000000000001,3.62,0.00020259332377311226,2.8531106554592613e-06,2.9210766532616776e-05,12.249950070614403
16.0,3.62,3.456233131354247e-05,4.925194913245509e-07,1.4215965399131173e-05,12.249991380910414
16.8,3.62,5.22757647685194e-06,4.4930657476538645e-08,1.4215965400533099e-05,12.249999213713505
17.6,3.62,9.246000984603079e-07,4.493065747653961e-08,1.4215965400533405e-05,12.249999213713505
18.4,3.62,9.246000984603079e-07,4.493065747653961e-08,1.4215965400533405e-05,12.249999213713505
19.200000000000003,3.62,9.246000984603079e-07,4.493065747653961e-08,1.4215965400533405e-05,12.249999213713505
20.0,3.62,9.246000984603079e-07,4.493065747653961e-08,1.4215965400533405e-05,12.249999213713505
4.0,3.7150000000000003,0.6453159784255746,2.3916528214795476,26.54915751017022,6.146095739677173
4.8,3.7150000000000003,0.22545106671952944,11.653800700423881,20.401802389531916,657.1276800250829
5.6,3.7150000000000003,33.135139407152444,53.42261493555076,95.24041726049819,16914.70290457868
6.4,3.7150000000000003,81.38207046203661,67.78098056548288,129.95012626934226,27540.216130218836
7.2,3.7150000000000003,15.601442756564504,2.4616216810352283,10.911805763076575,7.044003710275399
8.0,3.7150000000000003,19.677209980909176,2.311522822744182,6.91063304499651,5.192961602397011
8.8,3.7150000000000003,14.49723001332501,1.3896404566868519,3.678946005032274,0.0006707508603561884
9.600000000000001,3.7150000000000003,1.0000000094235177,0.9999999957750089,0.9999999929436242,1.0000000211249553
10.4,3.7150000000000003,0.47602905297011516,0.3684719710130143,0.1587250801070425,6.650312966161094
11.2,3.7150000000000003,0.18025654278941156,0.11310462558637664,0.04318981667383496,10.350623154294873
12.0,3.7150000000000003,0.05876313095926608,0.03082845531962066,0.009924790781070541,11.716441992265345
12.8,3.7150000000000003,0.010421996911089988,0.0004325770265914202,0.0021486759245327334,12.242431071552673
13.600000000000001,3.7150000000000003,0.002636464332248494,0.00010373015028132348,0.0005772656565318737,12.248184789619726
14.4,3.7150000000000003,0.0005816437258345912,2.1665627265463563e-05,0.00013684050754865008,12.249620854456598
15.200000000000001,3.7150000000000003,0.00020267600457934517,2.8518354722096e-06,2.9207563920608753e-05,12.249950092930066
16.0,3.7150000000000003,3.4540233984732304e-05,4.933632974820121e-07,1.4215965399128537e-05,12.24999136614381
16.8,3.7150000000000003,5.233285275449633e-06,4.4930657476538645e-08,1.4215965400533099e-05,12.249999213713505
17.6,3.7150000000000003,9.246000984603079e-07,4.493065747653961e-08,1.4215965400533405e-05,12.249999213713505
18.4,3.7150000000000003,9.246000984603079e-07,4.493065747653961e-08,1.4215965400533405e-05,12.249999213713505
19.200000000000003,3.7150000000000003,9.246000984603079e-07,4.493065747653961e-08,1.4215965400533405e-05,12.249999213713505
20.0,3.7150000000000003,9.246000984603079e-07,4.493065747653961e-08,1.4215965400533405e-05,12.249999213713505
4.0,3.81,0.6512025030269086,2.397725881253173,26.444706079452278,6.221605838265129
4.8,3.81,0.22599855873380137,11.67474096734156,20.429345812854613,659.8143871622934
5.6,3.81,33.14014369152128,53.42785059848626,95.2470731276962,16918.107736865044
6.4,3.81,81.38236503723118,67.78092037495885,129.9497597059198,27540.16618641641
7.2,3.81,15.601450194682302,2.46162185822958,10.911804936525824,7.044006061692664
8.0,3.81,19.677210731379837,2.3115228211643353,6.9106329537474345,5.192961584396181
8.8,3.81,14.49723005991019,1.3896404555457464,3.6789459990123095,0.000670751008122836
9.600000000000001,3.81,1.0000000087561023,0.9999999965814604,0.9999999925125646,1.000000017092697
10.4,3.81,0.4760290483693461,0.3684719742704046,0.15872508019011355,6.650312924159979
11.2,3.81,0.18025655441779478,0.11310462021935738,0.04318981535614197,10.350623240629774
12.0,3.81,0.05876313392623597,0.030828451760510495,0.009924792426896646,11.716442053178254
12.8,3.81,0.010422022450272744,0.00043257632552636807,0.0021486684795553727,12.24243108381752
13.600000000000001,3.81,0.0026364541040248485,0.00010372978906522117,0.0005772757122977002,12.24818479594054
14.4,3.81,0.0005816577206995268,2.1666232582961146e-05,0.0001368206691746207,12.249620843863704
15.200000000000001,3.81,0.00020266624217836745,2.85171354098931e-06,2.9215443509752965e-05,12.249950095063856
16.0,3.81,3.45637995100013e-05,4.926440613764744e-07,1.4215965399130785e-05,12.24999137873044
16.8,3.81,5.238730925061855e-06,4.4930657476538645e-08,1.4215965400533099e-05,12.249999213713505
17.6,3.81,9.246000984603079e-07,4.493065747653961e-08,1.4215965400533405e-05,12.249999213713505
18.4,3.81,9.246000984603079e-07,4.493065747653961e-08,1.4215965400533405e-05,12.249999213713505
19.200000000000003,3.81,9.246000984603079e-07,4.493065747653961e-08,1.4215965400533405e-05,12.249999213713505
20.0,3.81,9.246000984603079e-07,4.493065747653961e-08,1.4215965400533405e-05,12.249999213713505
4.0,3.9050000000000002,0.6571306093274809,2.4037940474663495,26.341204749496654,6.297515560805475
4.8,3.9050000000000002,0.22654710936447245,11.695706132313061,20.456907402546086,662.5097797684297
5.6,3.9050000000000002,33.145148511521406,53.43308647307534,95.25372900945602,16921.51304946585
6.4,3.9050000000000002,81.38265961282134,67.78086018464208,129.94939314458128,27540.116242831245
7.2,3.9050000000000002,15.601457632907538,2.4616220354248886,10.91180410996455,7.044008413123022
8.0,3.9050000000000002,19.677211482165184,2.311522819597642,6.910632862435154,5.19296156654522
8.8,3.9050000000000002,14.497230106051772,1.389640454815463,3.6789459918674097,0.0006707511026903798
9.600000000000001,3.9050000000000002,1.000000008121521,0.9999999973490338,0.9999999921028376,1.0000000132548306
10.4,3.9050000000000002,0.47602904769319904,0.36847197360638295,0.15872508150311124,6.650312932721939
11.2,3.9050000000000002,0.18025653858023205,0.11310462695263256,0.04318981846413503,10.350623132317015
12.0,3.9050000000000002,0.05876311846878097,0.030828461495776078,0.009924790905234581,11.716441886562643
12.8,3.9050000000000002,0.010422012601132003,0.0004325763474037999,0.002148674165396378,12.242431083434784
13.600000000000001,3.9050000000000002,0.002636427238379387,0.00010373144676197349,0.0005772668644780986,12.248184766932994
14.4,3.9050000000000002,0.0005816916660222909,2.166442564670262e-05,0.00013682630740232977,12.2496208754846
15.200000000000001,3.9050000000000002,0.00020265695559806013,2.851597552327778e-06,2.9222940162093355e-05,12.249950097093656
16.0,3.9050000000000002,3.4601690978042216e-05,4.921799783291815e-07,1.4215965399132233e-05,12.249991386851889
16.8,3.9050000000000002,5.243931149855397e-06,4.4930657476538645e-08,1.4215965400533099e-05,12.249999213713505
17.6,3.9050000000000002,9.246000984603079e-07,4.493065747653961e-08,1.4215965400533405e-05,12.249999213713505
18.4,3.9050000000000002,9.246000984603079e-07,4.493065747653961e-08,1.4215965400533405e-05,12.249999213713505
19.200000000000003,3.9050000000000002,9.246000984603079e-07,4.493065747653961e-08,1.4215965400533405e-05,12.249999213713505
20.0,3.9050000000000002,9.246000984603079e-07,4.493065747653961e-08,1.4215965400533405e-05,12.249999213713505
4.0,4.0,0.6631004498739554,2.409857175715636,26.238644338399972,6.373821970902257
4.8,4.0,0.22709671995879682,11.716696199084895,20.484487140036723,665.2138779013294
5.6,4.0,33.150153867172634,53.438322559282014,95.26038490572863,16924.91884239925
6.4,4.0,81.38295418889159,67.78079999453577,129.9490265854506,27540.066299465987
7.2,4.0,15.601465070984116,2.461622212614323,10.911803283422694,7.044010764475815
8.0,4.0,19.677212233494327,2.3115228179682292,6.910632771152518,5.1929615479796345
8.8,4.0,14.497230159027303,1.3896404535231945,3.6789459849573394,0.000670751270031816
9.600000000000001,4.0,1.000000010713909,0.9999999954851796,0.999999991670247,1.0000000225741015
10.4,4.0,0.4760290495232359,0.3684719735682561,0.15872508022266654,6.65031293321355
11.2,4.0,0.18025654926471263,0.1131046214996852,0.04318981704874316,10.350623220034175
12.0,4.0,0.05876312715019454,0.030828460875273463,0.009924786444769473,11.716441897182326
12.8,4.0,0.010422013110205054,0.0004325765956743992,0.0021486714074404087,12.242431079091391
13.600000000000001,4.0,0.00263646111653883,0.00010372993693767918,0.000577270097669879,12.24818479335296
14.4,4.0,0.0005816428074956776,2.166602822843898e-05,0.0001368332396028657,12.249620847439855
15.200000000000001,4.0,0.0002026733069707354,2.8518416195096282e-06,2.9211180286373153e-05,12.249950092822486
16.0,4.0,3.456512734975694e-05,4.92756734137711e-07,1.4215965399130432e-05,12.249991376758668
16.8,4.0,5.26626354469455e-06,4.493065747653864e-08,1.4215965400533097e-05,12.249999213713505
17.6,4.0,9.246000984603079e-07,4.493065747653961e-08,1.4215965400533405e-05,12.249999213713505
18.4,4.0,9.246000984603079e-07,4.493065747653961e-08,1.4215965400533405e-05,12.249999213713505
19.200000000000003,4.0,9.246000984603079e-07,4.493065747653961e-08,1.4215965400533405e-05,12.249999213713505
20.0,4.0,9.246000984603079e-07,4.493065747653961e-08,1.4215965400533405e-05,12.249999213713505
