p_part,p_tree,mean_objective,max_objective,max_abs_det_ratio_residual,max_abs_schur_residual,max_abs_weight_residual,mean_abs_xi_residual,max_abs_xi_residual,"corr(xi_gen, xi_target)",part_anchor_leak,tree_anchor_leak,part_onset_residual,tree_onset_residual
1.0,1.0,0.0328883508855363,0.11980197819140737,4.440892098500626e-16,4.440892098500626e-16,1.1102230246251565e-16,4.825284792542471e-18,8.326672684688674e-17,0.9999999999999998,0.0,0.0,6.938893903907228e-17,1.1102230246251565e-16
0.75,1.0,0.032887057831359416,0.11980197819140737,0.0008248720976493651,0.0005512427925307151,9.79556874433074e-05,0.0012102793943989923,0.007851734132779453,0.9998772970529662,0.0,0.0,0.002021327297322517,0.008233330302492792
1.25,1.0,0.032889710672759295,0.11980197819140737,0.0008841264002836802,0.0005908410615791393,0.00010543443989052825,0.0012808153000635877,0.008447045653038526,0.999875092375337,0.0,0.0,0.002043799239615618,0.00860908841065694
0.5,1.0,0.032885827433209024,0.11980197819140737,0.0015948740955753493,0.0010658171766082525,0.00018902014800681322,0.0023546244397904285,0.015154432655211436,0.9995140488958113,0.0,0.0,0.004020448207145588,0.01610830042325806
1.5,1.0,0.032891141582343665,0.11980197819140737,0.0018336346018408278,0.001224459549031609,0.00021898899582395437,0.002637127014791909,0.01753983197641029,0.9994964446204574,0.0,0.0,0.004110339072852576,0.017612157170167564
-0.5,1.25,0.0328828732975672,0.11980197819140737,0.0033159732639425066,0.002170188385864913,0.00039543507663486466,0.005005910466229944,0.03171930428747305,0.9950218476480227,0.0,0.0,0.006574022947306191,0.04231719855086308
-1.0,1.25,0.03288090331927594,0.11980197819140737,0.004432238686217893,0.002918402630068817,0.0005283814703498368,0.006781216807072551,0.04239706305584219,0.9918361035492564,0.0,0.0,0.007553255198445408,0.05478254110240696
0.0,1.0,0.0328835397111045,0.11980197819140737,0.002986118557462447,0.001995553416261453,0.00035258429927320645,0.004462286759517852,0.028279153275411265,0.9980983334300622,0.0,0.0,0.007953117809913646,0.030848850583188148
2.0,1.0,0.032894236054397855,0.11980197819140737,0.003960800967128808,0.002634126371334977,0.00047332498013086255,0.005598059792717311,0.037887474083280026,0.9979585519542511,0.0,0.0,0.008312730820810188,0.03687748212356706
2.0,0.75,0.03289243449087244,0.11980197819140737,0.0026375440464359023,0.0017261802195520648,0.00032022631286865444,0.003825716855928462,0.025229715537883918,0.9973037645922992,0.0,0.0,0.008891584641288974,0.03423270695114716
0.0,1.25,0.03288503533161482,0.11980197819140737,0.0020334949194702467,0.001330851217932194,0.0002444713134941434,0.003076260123494697,0.01945161766503857,0.997445464427563,0.0,0.0,0.00965809379000887,0.028712160552853416
-0.5,1.0,0.03288146045584125,0.11980197819140737,0.004202435566061702,0.002808389716984383,0.0004944854021498024,0.006353617658262114,0.03967400465450367,0.9958246776074186,0.0,0.0,0.011800072632316194,0.04434570959835188
1.5,0.75,0.032889455209599246,0.11980197819140737,0.0007247170519604218,0.00047032636016663965,0.00010482583190019046,0.0012792510207601032,0.007720974263645583,0.999023507418329,0.0,0.0,0.011869653187738693,0.01511979340824271
0.5,1.25,0.03288741400449952,0.11980197819140737,0.0006299688969106931,0.0004088367694683459,9.160668244501124e-05,0.001164483047034472,0.00675025663826509,0.9990254066625914,0.0,0.0,0.012793625946678489,0.013853463072787675
1.25,0.75,0.032888077587185295,0.11980197819140737,0.0008939519435084975,0.0006506169315017019,9.447430615638908e-05,0.0007328382011878838,0.007886786571345866,0.9994902719011491,0.0,0.0,0.013340234055321587,0.006294489796552394
0.75,1.25,0.03288869327462575,0.11980197819140737,0.001000892896764416,0.0007284484026053306,0.0001058293627846929,0.0007724816438892499,0.008830260636347953,0.9994757608484909,0.0,0.0,0.014380979320217091,0.006016070949957597
1.0,0.75,0.03288676845875015,0.11980197819140737,0.0015120519045068725,0.0011004232712266138,0.00015976862645061818,0.0015713660975019911,0.013339823236521525,0.9997010619665468,0.0,0.0,0.014798658287378696,0.0032197247712819066
-1.0,1.0,0.032879566018260274,0.11980197819140737,0.005268252742669954,0.0035206504886053924,0.00061791643253295,0.008055059396287555,0.04959205016480073,0.9927738919925254,0.0,0.0,0.015563329144437088,0.05671193533168109
1.0,1.25,0.03289003766345217,0.11980197819140737,0.001717755999747883,0.0012501440399237396,0.00018166013481812904,0.0016956121383934469,0.015154612967851394,0.9996886491600757,0.0,0.0,0.015981547213172076,0.0032813487057845037
0.75,0.75,0.03288552360039399,0.11980197819140737,0.0020976360765549984,0.0015265429599371494,0.00022570969247615036,0.0027235271915410425,0.018506040958242015,0.9996617639028563,0.0,0.0,0.016245033927091035,0.010677599129181259
1.25,1.25,0.03289145141171734,0.11980197819140737,0.002474878516282697,0.0018010790422406942,0.0002635531187172857,0.0030426866383037664,0.02183419883977375,0.9996567835516792,0.0,0.0,0.017595448150139248,0.011218293721075079
0.5,0.75,0.03288433908807863,0.11980197819140737,0.0026897368184140014,0.0019302949330675112,0.00030674949792974804,0.0038128886219631164,0.024967136499776,0.9993792246116339,0.0,0.0,0.017679642650060334,0.018350777436333843
1.5,1.25,0.03289293908586481,0.11980197819140737,0.0033363829464452266,0.002383034613856694,0.0003811387976191405,0.00446911824345023,0.030969546116612817,0.9993737844236373,0.0,0.0,0.019222888804349414,0.020137268130183572
-1.0,1.5,0.03288233086689955,0.11980197819140737,0.003605739080340342,0.002359829965972171,0.000432262822541829,0.0055668669806268,0.034491090840270244,0.9902099557372745,0.0,0.0,0.020132211988800996,0.052827772040119514
0.0,0.75,0.03288213676388729,0.11980197819140737,0.00397436231632442,0.002675740265773552,0.0004530909888299517,0.0058191969735374915,0.03689150766421302,0.9981160963117304,0.0,0.0,0.020513936897225915,0.03295783069788322
2.0,1.25,0.03289615628131086,0.11980197819140737,0.0056249040016371765,0.0037589922103251627,0.0006471962615308691,0.0075829774618316765,0.05221244883349305,0.998033882534003,0.0,0.0,0.02251940217494297,0.03955700702947329
2.0,0.5,0.032890742182506066,0.11980197819140737,0.0015568374541192753,0.0010103552706346441,0.00022477145350718875,0.0026912743402153386,0.016551195048069373,0.9961077322927787,0.0,0.0,0.02287971704267472,0.031622197576022026
-0.5,0.75,0.03288013523680701,0.11980197819140737,0.005097466045103083,0.0034065177204325447,0.0005846693128013225,0.007619476909541516,0.04731657375538448,0.9959822870857823,0.0,0.0,0.023301703040108812,0.04634791366204705
-0.5,1.5,0.03288438139828998,0.11980197819140737,0.0024022041885203294,0.001572158523439171,0.00030760404743401804,0.0038595400727174933,0.023444264049216804,0.9935388618905834,0.0,0.0,0.02332964263744164,0.04026200911473049
1.5,0.5,0.032887871170404905,0.11980197819140737,0.001692106410699168,0.0012315125982977904,0.00017878660851666783,0.0014315947086506271,0.014928411100944117,0.9979932451463588,0.0,0.0,0.02571639879518628,0.012879516052693496
0.0,1.5,0.032886631706976414,0.11980197819140737,0.0011760621598622123,0.0008480318476582482,0.00017168027748870607,0.0022316904914923418,0.012648942012208814,0.9961221538955938,0.0,0.0,0.02658035416547222,0.026547369395284903
-1.0,0.75,0.032878311732174134,0.11980197819140737,0.006081603598703023,0.004064193903990043,0.0006994403192016607,0.009238921904946885,0.05645170417672385,0.9930578260793865,0.0,0.0,0.026740707859239876,0.05861630798526113
1.25,0.5,0.03288654363836831,0.11980197819140737,0.0022843567120638397,0.001662551511018684,0.00024132528122167152,0.001952829102140667,0.020153470185601277,0.9985405881086589,0.0,0.0,0.027117162359758362,0.004537421994900093
1.0,0.5,0.03288528213212309,0.11980197819140737,0.0028452380266665855,0.002070661686083053,0.00030053109132621714,0.0030294629658737054,0.025101633236546156,0.9988300722530538,0.0,0.0,0.02850634643728034,0.006379065329924272
0.75,0.5,0.0328840825825675,0.11980197819140737,0.0033765449281202287,0.0024572617464699853,0.0003566005293111907,0.004127642376760315,0.029788998880945355,0.9988673489702264,0.0,0.0,0.029884053941474753,0.013306739620760843
0.5,1.5,0.032889107375366905,0.11980197819140737,0.002121375352111432,0.0015439339129770246,0.00022437046041834385,0.0015899187039271434,0.018715586180326788,0.9978776073566731,0.0,0.0,0.02988530760138758,0.01176534204527735
0.5,0.5,0.03288294120890052,0.11980197819140737,0.0038799202246537767,0.0028235903120958916,0.0004194507143898685,0.0051659361658215565,0.034229942645755934,0.9986590526010645,0.0,0.0,0.03125038689377141,0.02084318947446545
0.75,1.5,0.032890438769204264,0.11980197819140737,0.0028758874755387964,0.002093066745105343,0.00030423371303878177,0.00226512487161872,0.025372181231295893,0.998421308873157,0.0,0.0,0.03155842996906261,0.00432123760698877
1.0,1.5,0.03289183791155535,0.11980197819140737,0.003672337424125427,0.0026726627414221937,0.0003885678559176764,0.0035276679216079293,0.03239857835346813,0.9987310242815504,0.0,0.0,0.033245480872363176,0.006625585886145979
0.0,0.5,0.032880819172631366,0.11980197819140737,0.004867269242620154,0.0034999409869058695,0.0005547468899572694,0.0070781156942916834,0.045179801506250214,0.9975366837326047,0.0,0.0,0.03394975467388894,0.03512018310546977
1.25,1.5,0.032893309218749896,0.11980197819140737,0.004513479618988292,0.0032846596290920793,0.0004776756882736155,0.00494625377188666,0.03981941368511227,0.9987992405895083,0.0,0.0,0.03494658524008937,0.014120837846233247
-0.5,0.5,0.03287889072442708,0.11980197819140737,0.005906152066902592,0.004108300899435147,0.0006729580250971479,0.008793843177453731,0.05482309787086989,0.9955323627773723,0.0,0.0,0.03660518189649714,0.04832417710163747
1.5,1.5,0.03289485744732616,0.11980197819140737,0.005401891178457241,0.003931196188408759,0.0005719973682576374,0.006448359360998338,0.04765727502391448,0.9986193232992905,0.0,0.0,0.03666186909368474,0.023007623060602778
-1.0,0.5,0.0328771339099614,0.11980197819140737,0.006816489709841278,0.004656280953668102,0.0007764859968223403,0.010337150543700428,0.06327319010165502,0.9927253062292101,0.0,0.0,0.03921707517336076,0.060496007521820994
2.0,1.5,0.03289820557994218,0.11980197819140737,0.007491959775875134,0.005336245458167799,0.0008568586654728039,0.009727244393636368,0.06954315422034252,0.9974934256275926,0.0,0.0,0.04013555487217707,0.04227177226937173
2.0,0.0,0.03288765204297033,0.11980197819140737,0.0030391498309900733,0.002211888851264554,0.00032099911626215505,0.002744975850397649,0.0268125442865276,0.992250650708534,0.0,0.0,0.04785614119368575,0.026972275685891223
1.5,0.0,0.032884978948906005,0.11980197819140737,0.004107308731950088,0.002989293354432654,0.00043369632758971655,0.0036417266955748938,0.03623625138546528,0.9944205285778761,0.0,0.0,0.05044037062208273,0.00929944680600786
1.25,0.0,0.03288374299330754,0.11980197819140737,0.004598928259181179,0.003347025019613703,0.00048553995028055574,0.004589525767921748,0.040573269920196234,0.9951067970931835,0.0,0.0,0.05171647232879989,0.007077115809268286
1.0,0.0,0.032882568555882424,0.11980197819140737,0.005064508222814013,0.0036857274620021307,0.0005346282235546562,0.0056444306982235,0.04468077072676169,0.9955323937585947,0.0,0.0,0.05298202507239347,0.012521431465710886
0.75,0.0,0.032881451849006524,0.11980197819140737,0.005505463201939342,0.004006570151060984,0.0005811089731035946,0.00664566593987001,0.04857102175535512,0.9957025301745447,0.0,0.0,0.05423712260771277,0.018448950813173493
0.5,0.0,0.03288038935251328,0.11980197819140737,0.005923236512935581,0.004310602348962078,0.000625136115086633,0.007592255020987597,0.05225675642161126,0.9956234385430857,0.0,0.0,0.05548185787672463,0.025851325960711602
-1.0,2.0,0.0328854895443512,0.11980197819140737,0.002361527091735205,0.001911719918041399,0.0003031710831267187,0.0041471833497708785,0.02317389272819967,0.9847730264965997,0.0,0.0,0.05743561148665133,0.048840672004255015
0.0,0.0,0.03287841412296442,0.11980197819140737,0.006694569374534165,0.004871935538642624,0.000729855601428353,0.009335419444320004,0.05946662240147085,0.9947471101843655,0.0,0.0,0.057940609360540074,0.039745355031093166
-0.5,0.0,0.03287661930033735,0.11980197819140737,0.007388363303762802,0.005376840202587108,0.00083146446730753,0.010899346586914943,0.06776235503906172,0.9929704300109988,0.0,0.0,0.06035938267182214,0.0526241713598532
-0.5,2.0,0.03288771806904083,0.11980197819140737,0.0032219653327389963,0.0025076784872837266,0.00037861555326212937,0.0032996281254358134,0.03039810994942732,0.9884103974663466,0.0,0.0,0.061001562081836436,0.03608351609907867
-1.0,0.0,0.03287498442663278,0.11980197819140737,0.008083238505853796,0.005831632964951705,0.0009204591570358689,0.012305978249263902,0.0750316230719563,0.9903709428712476,0.0,0.0,0.06273885042910332,0.0644980044279464
0.0,2.0,0.03289016345273214,0.11980197819140737,0.004780524705690237,0.003479258966402554,0.0005059777901542661,0.0033823992206105736,0.04217562065454017,0.9913397622273119,0.0,0.0,0.06462693444545098,0.02250759260210733
0.5,2.0,0.0328928535009639,0.11980197819140737,0.0065132268788659076,0.004740317101914471,0.0006896881299627289,0.0049015571945980494,0.057462183126682914,0.9934777842625123,0.0,0.0,0.06831280036935206,0.008434366076566974
2.0,-0.5,0.032884906471007835,0.11980197819140737,0.0051082988156618825,0.0037178124895573816,0.0005392487600114348,0.004443228734726545,0.04506736944230316,0.9867088261531928,0.0,0.0,0.06933643703413062,0.022990993307149876
0.75,2.0,0.03289430011631434,0.11980197819140737,0.007451684356495125,0.005423325096777898,0.0007892593260413472,0.006168185401346782,0.06574161457273112,0.9942258148706922,0.0,0.0,0.07017875849587618,0.007663747184638248
1.5,-0.5,0.03288240954024558,0.11980197819140737,0.006004609008025241,0.004370076634140574,0.0006337104383895564,0.005968106315090262,0.05297465155310248,0.9891032940347634,0.0,0.0,0.07170355169162193,0.00884529513776533
1.0,2.0,0.03289582030864489,0.11980197819140737,0.008442263070447709,0.00614422298543893,0.0008944083536770453,0.007656922102226961,0.07448044391880518,0.9947480750538573,0.0,0.0,0.07206025049173537,0.013507910865339534
1.25,-0.5,0.032881255103126936,0.11980197819140737,0.006417202629390939,0.004670223517299732,0.0006771802499095925,0.006942382690189728,0.05661468928006587,0.9899001625772093,0.0,0.0,0.07287244135026713,0.012897170355770371
1.25,2.0,0.03289741888649496,0.11980197819140737,0.009488445389735478,0.0069053692583169735,0.001005525524771289,0.009236399669972762,0.08371021121109967,0.9950366043550879,0.0,0.0,0.07395741568440156,0.020057970068348696
1.0,-0.5,0.0328801581749038,0.11980197819140737,0.006807843544136549,0.004954404349739594,0.000718328402161017,0.007912962036576342,0.060061052950604474,0.9904346620185221,0.0,0.0,0.07403166831992786,0.018436537743785508
0.75,-0.5,0.03287911521712158,0.11980197819140737,0.007177823074748346,0.005223620724729372,0.0007572923179497426,0.00882995140478411,0.06332513503983742,0.9907116095165485,0.0,0.0,0.07518131847861309,0.02379549619383725
1.5,2.0,0.03289910103147858,0.11980197819140737,0.010593419639564061,0.0077093020820826474,0.0011229550163515123,0.010908747669850588,0.09345866040763892,0.9950842530978943,0.0,0.0,0.0758703946199229,0.02911147282316978
0.5,-0.5,0.032878122940513815,0.11980197819140737,0.0075283522235762845,0.005478716358512603,0.0007942007811851948,0.009696854564841526,0.06641761941201975,0.990736871919949,0.0,0.0,0.07632147695974378,0.030712712212962234
0.0,-0.5,0.032876278404486696,0.11980197819140737,0.008175532510883876,0.005949698204430476,0.0008736894424266062,0.011293173185424407,0.07212725848532246,0.9900605809860364,0.0,0.0,0.07857365573787897,0.04436246126815435
2.0,2.0,0.03290273881944213,0.11980197819140737,0.012994742875585441,0.00945685167919974,0.0013783912875816595,0.014558838905252936,0.11464393017700808,0.9944328652406859,0.0,0.0,0.0797443620592388,0.048429617536270564
-0.5,-0.5,0.032874602536842504,0.11980197819140737,0.008757654415451732,0.006373334175023615,0.0009616709033556381,0.012725232774437807,0.07839896023356673,0.9884705615816469,0.0,0.0,0.08078887106821,0.05690622919854274
-1.0,-0.5,0.032873076208872275,0.11980197819140737,0.009282000589922124,0.006754924180151001,0.0010387347887933496,0.014013154262303772,0.08469754187074903,0.9860426899104118,0.0,0.0,0.08296840372964603,0.0685400723467787
2.0,-1.0,0.03288245648054565,0.11980197819140737,0.00674581122713791,0.004909591654184364,0.0007118002287322955,0.006382801358643544,0.05951413136392179,0.979799595734728,0.0,0.0,0.08784695841342821,0.01953278687816118
1.5,-1.0,0.032880117066545166,0.11980197819140737,0.007506252070506925,0.005462820450477857,0.0007918739801897612,0.008063062222995267,0.06622264453412854,0.9823640289631925,0.0,0.0,0.09002697566600187,0.013605760716926124
1.25,-1.0,0.03287903552270775,0.11980197819140737,0.007856205206703937,0.005717395073750353,0.0008287153741858289,0.008997862160286143,0.06931004713189495,0.9832454661072316,0.0,0.0,0.09110347595893745,0.01871521397037551
1.0,-1.0,0.03287800790355285,0.11980197819140737,0.008187538523951599,0.005958435513504057,0.0008635902556327624,0.00989061796644109,0.07223317951331266,0.9838637673245108,0.0,0.0,0.09217107730452978,0.02413345598922856
0.75,-1.0,0.03287703089256233,0.11980197819140737,0.008501347294522343,0.006186808096735774,0.000896614915293692,0.010734047700950593,0.07500170453352659,0.9842234036881541,0.0,0.0,0.093229858792966,0.029375241206219455
0.5,-1.0,0.03287610140626599,0.11980197819140737,0.008798658664860515,0.006403174788923938,0.000927898345196243,0.011531378184462064,0.07762468401901472,0.9843299175567684,0.0,0.0,0.09427989882869764,0.03543198867391506
0.0,-1.0,0.032874373731860744,0.11980197819140737,0.009347583222826916,0.00680265157561033,0.0009924293381894378,0.01299950232441655,0.0824674784704693,0.983810643362173,0.0,0.0,0.09635406476598202,0.04884459859517576
-0.5,-1.0,0.03287280422201676,0.11980197819140737,0.009841326643964532,0.007161970597616918,0.0010691674587609556,0.01431646041515162,0.08718552078511294,0.9823686443196054,0.0,0.0,0.0983941888567201,0.0611704417672978
-1.0,-1.0,0.032871374935458116,0.11980197819140737,0.010286065919383969,0.007485627125785488,0.0011363866646582066,0.015500779879374768,0.09268224933071831,0.9800781894201785,0.0,0.0,0.10040134686613153,0.07250440201961511
