objective_tol,lambda_upper,family_g_floor,proxy_name,envelope,xi_upper,a_upper_rank1,det_deficit_upper,opA_upper_from_detdeficit,trA_upper_from_detdeficit,sigma_upper_from_detdeficit,trA_vs_sigma_gain,heff_loewner_factor_from_detdeficit,cor1_logdet_gap_upper_from_detdeficit,lifted_g_floor,separator_min,eps_delta_factor_max,tail_mass_upper,eps0_upper,eps_delta_upper,delta_q_ref,conditional_statement
1.500329e-07,0.1259406082189533,1.3474339529535382,xi_exact,exact,0.1332407081230305,0.0021133357746055,0.0021133357746055,0.0021133357746055,0.002114453503009539,0.00211557201983378,1.1185168242409949e-06,0.9978866642253945,0.004235622842491774,1.3460094097325896,0.0121424810519811,0.5712661353352498,0.0823554919063961,0.0897466188486092,0.0512692041090506,0.001,"If 1-det(I-A_a)<=u_a holds for a 2x2 positive contraction, then ||A_a||<=u_a and tr(A_a)<=2*(1-sqrt(1-u_a)), hence H_eff>=(1-u_a) H_PP."
1.500329e-07,0.1259406082189533,1.3474339529535382,runnerup_blend_abs_action,p95,0.1796951674928049,0.0028501516641267,0.0028501516641267,0.0028501516641267,0.002852185404522256,0.0028542210805229088,2.0356760006526482e-06,0.9971498483358733,0.0057165964952675275,1.3455123872264525,0.0121312899594229,0.5716700499109517,0.0824314646954139,0.0898368476290993,0.0513570351679697,0.001,"If 1-det(I-A_a)<=u_a holds for a 2x2 positive contraction, then ||A_a||<=u_a and tr(A_a)<=2*(1-sqrt(1-u_a)), hence H_eff>=(1-u_a) H_PP."
1.500329e-07,0.1259406082189533,1.3474339529535382,runnerup_blend_abs_action,max,0.1800120579497321,0.0028551778753251,0.0028551778753251,0.0028551778753251,0.002857218800143002,0.0028592616708356788,2.0428706926766543e-06,0.9971448221246749,0.005726706516394289,1.3455089961423732,0.0121312135631364,0.5716728071875237,0.0824319838073529,0.089837464201723,0.0513576353508076,0.001,"If 1-det(I-A_a)<=u_a holds for a 2x2 positive contraction, then ||A_a||<=u_a and tr(A_a)<=2*(1-sqrt(1-u_a)), hence H_eff>=(1-u_a) H_PP."
1.500329e-07,0.1259406082189533,1.3474339529535382,best_blend_curv_action,p95,0.2245821723535536,0.0035621061000002,0.0035621061000002,0.0035621061000002,0.0035652839123441193,0.0035684655063455265,3.181594001407193e-06,0.9964378938999998,0.007149680119165932,1.3450319606558323,0.0121204609937766,0.5720608786683038,0.0825051126779304,0.0899243296262298,0.0514421910196392,0.001,"If 1-det(I-A_a)<=u_a holds for a 2x2 positive contraction, then ||A_a||<=u_a and tr(A_a)<=2*(1-sqrt(1-u_a)), hence H_eff>=(1-u_a) H_PP."
1.500329e-07,0.1259406082189533,1.3474339529535382,best_blend_curv_action,max,0.2249006669695656,0.0035671577548249,0.0035671577548249,0.0035671577548249,0.0035703445949566426,0.0035735352328792754,3.190637922632824e-06,0.9964328422451751,0.007159855844950543,1.3450285511880438,0.0121203841026847,0.5720636536932727,0.0825056360861113,0.0899249514015051,0.051442796256935,0.001,"If 1-det(I-A_a)<=u_a holds for a 2x2 positive contraction, then ||A_a||<=u_a and tr(A_a)<=2*(1-sqrt(1-u_a)), hence H_eff>=(1-u_a) H_PP."
5e-07,0.1701616395593772,1.342249670208462,xi_exact,exact,0.1332407081230305,0.0038579825155615,0.0038579825155615,0.0038579825155615,0.0038617107179788057,0.0038654437264363842,3.7330084575785093e-06,0.9961420174844385,0.007745848378736355,1.3396579802396382,0.0119985510883614,0.5764596667510279,0.0833433964347575,0.0909210669629192,0.0524123279620923,0.001,"If 1-det(I-A_a)<=u_a holds for a 2x2 positive contraction, then ||A_a||<=u_a and tr(A_a)<=2*(1-sqrt(1-u_a)), hence H_eff>=(1-u_a) H_PP."
5e-07,0.1701616395593772,1.342249670208462,runnerup_blend_abs_action,p95,0.1796951674928049,0.0052030706237166,0.0052030706237166,0.0052030706237166,0.00520985627431636,0.005216653732074854,6.7974577584936635e-06,0.9947969293762834,0.010460568323182933,1.3387532062754448,0.0119778845665257,0.577205167581355,0.083487196294634,0.0910922312891909,0.052578906626637,0.001,"If 1-det(I-A_a)<=u_a holds for a 2x2 positive contraction, then ||A_a||<=u_a and tr(A_a)<=2*(1-sqrt(1-u_a)), hence H_eff>=(1-u_a) H_PP."
5e-07,0.1701616395593772,1.342249670208462,runnerup_blend_abs_action,max,0.1800120579497321,0.0052122461816928,0.0052122461816928,0.0052122461816928,0.005219055817599516,0.005225877323363791,6.821505764274816e-06,0.9947877538183072,0.010479112075287548,1.3387470322334758,0.0119777434003038,0.5772102596587695,0.0834881802505995,0.0910934026725673,0.0525800466098334,0.001,"If 1-det(I-A_a)<=u_a holds for a 2x2 positive contraction, then ||A_a||<=u_a and tr(A_a)<=2*(1-sqrt(1-u_a)), hence H_eff>=(1-u_a) H_PP."
5e-07,0.1701616395593772,1.342249670208462,best_blend_curv_action,p95,0.2245821723535536,0.0065027731123043,0.0065027731123043,0.0065027731123043,0.006513379139257314,0.00652400824962589,1.0629110368576104e-05,0.9934972268876957,0.013090671893821742,1.3378783797076568,0.0119578630366797,0.5779273479333218,0.0836269822569952,0.0912586693822191,0.0527408807719897,0.001,"If 1-det(I-A_a)<=u_a holds for a 2x2 positive contraction, then ||A_a||<=u_a and tr(A_a)<=2*(1-sqrt(1-u_a)), hence H_eff>=(1-u_a) H_PP."
5e-07,0.1701616395593772,1.342249670208462,best_blend_curv_action,max,0.2249006669695656,0.0065119951186805,0.0065119951186805,0.0065119951186805,0.006522631298444326,0.006533290660213374,1.0659361769048414e-05,0.9934880048813195,0.01310935831471546,1.337872170353848,0.0119577207901633,0.5779324786026738,0.083627977065882,0.0912598540471749,0.052742033646402,0.001,"If 1-det(I-A_a)<=u_a holds for a 2x2 positive contraction, then ||A_a||<=u_a and tr(A_a)<=2*(1-sqrt(1-u_a)), hence H_eff>=(1-u_a) H_PP."
1e-06,0.2023574324645399,1.3375010684862083,xi_exact,exact,0.1332407081230305,0.0054560111969053,0.0054560111969053,0.0054560111969053,0.005463473582802747,0.005470949586787628,7.4760039848811854e-06,0.9945439888030947,0.010971885121886774,1.3338473676088858,0.0118651092399538,0.5812723046629771,0.0842807242458972,0.0920377308607939,0.0534989839334045,0.001,"If 1-det(I-A_a)<=u_a holds for a 2x2 positive contraction, then ||A_a||<=u_a and tr(A_a)<=2*(1-sqrt(1-u_a)), hence H_eff>=(1-u_a) H_PP."
1e-06,0.2023574324645399,1.3375010684862083,runnerup_blend_abs_action,p95,0.1796951674928049,0.0073582530420451,0.0073582530420451,0.0073582530420451,0.007371839044770567,0.007385458524667236,1.3619479896668715e-05,0.9926417469579549,0.014825596575189724,1.332571147186664,0.0118355714341732,0.5823372808109192,0.0844910620126601,0.0922886260383276,0.0537431075369355,0.001,"If 1-det(I-A_a)<=u_a holds for a 2x2 positive contraction, then ||A_a||<=u_a and tr(A_a)<=2*(1-sqrt(1-u_a)), hence H_eff>=(1-u_a) H_PP."
1e-06,0.2023574324645399,1.3375010684862083,runnerup_blend_abs_action,max,0.1800120579497321,0.0073712292405774,0.0073712292405774,0.0073712292405774,0.007384863292037913,0.007398530998586266,1.3667706548353004e-05,0.9926287707594226,0.01485193550240933,1.3325624372143456,0.0118353695584954,0.5823445589780244,0.0844925031751291,0.092290345483967,0.0537447805387903,0.001,"If 1-det(I-A_a)<=u_a holds for a 2x2 positive contraction, then ||A_a||<=u_a and tr(A_a)<=2*(1-sqrt(1-u_a)), hence H_eff>=(1-u_a) H_PP."
1e-06,0.2023574324645399,1.3375010684862083,best_blend_curv_action,p95,0.2245821723535536,0.0091963099284559,0.0091963099284559,0.0091963099284559,0.009217550738861657,0.009238857038437805,2.1306299576147325e-05,0.9908036900715441,0.018563334029956736,1.3313368265051817,0.0118069242356859,0.5833700364765975,0.0846960630930059,0.0925332664679799,0.0539811350347241,0.001,"If 1-det(I-A_a)<=u_a holds for a 2x2 positive contraction, then ||A_a||<=u_a and tr(A_a)<=2*(1-sqrt(1-u_a)), hence H_eff>=(1-u_a) H_PP."
1e-06,0.2023574324645399,1.3375010684862083,best_blend_curv_action,max,0.2249006669695656,0.0092093518149454,0.0092093518149454,0.0092093518149454,0.009230653053895699,0.009252020062007201,2.1367008111502356e-05,0.9907906481850546,0.01858990460157296,1.3313280643250027,0.0118067205964156,0.5833773774566406,0.0846975239088479,0.0925350101428253,0.053982831540045,0.001,"If 1-det(I-A_a)<=u_a holds for a 2x2 positive contraction, then ||A_a||<=u_a and tr(A_a)<=2*(1-sqrt(1-u_a)), hence H_eff>=(1-u_a) H_PP."
2e-06,0.2406448984605134,1.330785531528289,xi_exact,exact,0.1332407081230305,0.007715965031123,0.007715965031123,0.007715965031123,0.007730906760959666,0.007745887107143725,1.4980346184059225e-05,0.992284034968877,0.015551928196375771,1.3256414420967493,0.0116737245411593,0.5881705766421605,0.0856624632930295,0.0936880089179614,0.0551045302297332,0.001,"If 1-det(I-A_a)<=u_a holds for a 2x2 positive contraction, then ||A_a||<=u_a and tr(A_a)<=2*(1-sqrt(1-u_a)), hence H_eff>=(1-u_a) H_PP."
2e-06,0.2406448984605134,1.330785531528289,runnerup_blend_abs_action,p95,0.1796951674928049,0.0104061412474332,0.0104061412474332,0.0104061412474332,0.010433354971423059,0.010460663710739403,2.730873931634445e-05,0.9895938587525668,0.021031135461068176,1.323843252607655,0.0116313198090685,0.5896983598571351,0.0859747660983697,0.0940616986375483,0.0554680294119383,0.001,"If 1-det(I-A_a)<=u_a holds for a 2x2 positive contraction, then ||A_a||<=u_a and tr(A_a)<=2*(1-sqrt(1-u_a)), hence H_eff>=(1-u_a) H_PP."
2e-06,0.2406448984605134,1.330785531528289,runnerup_blend_abs_action,max,0.1800120579497321,0.0104244923633856,0.0104244923633856,0.0104244923633856,0.010451802406773236,0.01047920797103825,2.7405564265014365e-05,0.9895755076366144,0.0210686143360242,1.3238309778176258,0.0116310297647923,0.5897088089311399,0.0859769100606245,0.0940642649042128,0.0554705256196466,0.001,"If 1-det(I-A_a)<=u_a holds for a 2x2 positive contraction, then ||A_a||<=u_a and tr(A_a)<=2*(1-sqrt(1-u_a)), hence H_eff>=(1-u_a) H_PP."
2e-06,0.2406448984605134,1.330785531528289,best_blend_curv_action,p95,0.2245821723535536,0.0130055462246087,0.0130055462246087,0.0130055462246087,0.013048109515088058,0.013090858839629774,4.274932454171633e-05,0.9869944537753913,0.02635383851420983,1.3221034138500511,0.011590129794858,0.5911821516701706,0.0862803107212524,0.0944275489886384,0.0558238815880437,0.001,"If 1-det(I-A_a)<=u_a holds for a 2x2 positive contraction, then ||A_a||<=u_a and tr(A_a)<=2*(1-sqrt(1-u_a)), hence H_eff>=(1-u_a) H_PP."
2e-06,0.2406448984605134,1.330785531528289,best_blend_curv_action,max,0.2249006669695656,0.013023990237361,0.013023990237361,0.013023990237361,0.013066674734515393,0.01310954606225395,4.287132773855666e-05,0.986976009762639,0.026391705793321524,1.3220910606873493,0.011589836769303,0.5911927065571161,0.0862824921442044,0.0944301618414667,0.0558264229596832,0.001,"If 1-det(I-A_a)<=u_a holds for a 2x2 positive contraction, then ||A_a||<=u_a and tr(A_a)<=2*(1-sqrt(1-u_a)), hence H_eff>=(1-u_a) H_PP."
2.5e-06,0.2544510003257194,1.3280792154962835,xi_exact,exact,0.1332407081230305,0.0086267111608012,0.0086267111608012,0.0086267111608012,0.008645396882615675,0.00866413662810784,1.8739745492164783e-05,0.9913732888391988,0.01740355778780813,1.3223383295415243,0.0115957006276771,0.5909814860968712,0.08623885973851,0.0943779024284521,0.0557755930318721,0.001,"If 1-det(I-A_a)<=u_a holds for a 2x2 positive contraction, then ||A_a||<=u_a and tr(A_a)<=2*(1-sqrt(1-u_a)), hence H_eff>=(1-u_a) H_PP."
2.5e-06,0.2544510003257194,1.3280792154962835,runnerup_blend_abs_action,p95,0.1796951674928049,0.0116344196063626,0.0116344196063626,0.0116344196063626,0.011668457833415191,0.011702629033690846,3.417120027565494e-05,0.9883655803936374,0.023542745391293265,1.3203308973335568,0.0115480021544717,0.5926994885245342,0.0865950652436249,0.0948046829489943,0.0561906870935995,0.001,"If 1-det(I-A_a)<=u_a holds for a 2x2 positive contraction, then ||A_a||<=u_a and tr(A_a)<=2*(1-sqrt(1-u_a)), hence H_eff>=(1-u_a) H_PP."
2.5e-06,0.2544510003257194,1.3280792154962835,runnerup_blend_abs_action,max,0.1800120579497321,0.0116549367777289,0.0116549367777289,0.0116549367777289,0.011689095516225656,0.011723387935792485,3.42924195668292e-05,0.9883450632222711,0.023584752353051002,1.3203171930947584,0.0115476757969328,0.592711242230247,0.0865975125718033,0.0948076163177854,0.0561935400406032,0.001,"If 1-det(I-A_a)<=u_a holds for a 2x2 positive contraction, then ||A_a||<=u_a and tr(A_a)<=2*(1-sqrt(1-u_a)), hence H_eff>=(1-u_a) H_PP."
2.5e-06,0.2544510003257194,1.3280792154962835,best_blend_curv_action,p95,0.2245821723535536,0.0145406427213704,0.0145406427213704,0.0145406427213704,0.014593888113940912,0.014647393951473537,5.3505837532625417e-05,0.9854593572786297,0.029510385413610042,1.318388295757582,0.0115016409534663,0.5943690379971835,0.0869441155436709,0.0952232136321437,0.0565977298815375,0.001,"If 1-det(I-A_a)<=u_a holds for a 2x2 positive contraction, then ||A_a||<=u_a and tr(A_a)<=2*(1-sqrt(1-u_a)), hence H_eff>=(1-u_a) H_PP."
2.5e-06,0.2544510003257194,1.3280792154962835,best_blend_curv_action,max,0.2249006669695656,0.0145612637545164,0.0145612637545164,0.0145612637545164,0.01461466083232743,0.014668319470874614,5.365863854718371e-05,0.9854387362454836,0.02955285441689605,1.3183745018498128,0.0115013110373578,0.5943809178501684,0.0869466095431956,0.095226205227381,0.0566006392664392,0.001,"If 1-det(I-A_a)<=u_a holds for a 2x2 positive contraction, then ||A_a||<=u_a and tr(A_a)<=2*(1-sqrt(1-u_a)), hence H_eff>=(1-u_a) H_PP."
