D,R,R_tail,parity,ell,h,E0_real,E0_imag,Gamma_dtn,boundary_F_abs_min,m_rouche_budget,m400_real,m400_imag,m800_real,m800_imag,m400_dtn_success,m800_dtn_success,dtn_delta_400_800,residual_delta_400_800,dtn_delta_over_m_budget,residual_delta_over_boundary_gap,tail_l1_self,tail_l1_400,tail_l1_800,tail_l1_pair_max,tail_coeff_self_terminal,tail_coeff_400_terminal,tail_coeff_800_terminal,tail_completion_self,raw_tail_over_m_budget,pair_tail_over_m_budget,empirical_conditioning_lower_bound,allowed_conditioning_self,allowed_conditioning_pair,tail_conditioning_status
6.0,60.0,400.0,even,1.0,0.05,0.0092614760389061,-0.0033160702851386,0.0033008158249878,0.3374138893125741,0.008435347232814352,0.010751107325452952,0.09957466695126982,-0.022164800434321667,-0.08165889055668438,1.0,1.0,0.18419842385492588,7.367936954197035,21.836495732905387,21.836495732905387,4.498243499213769e-06,4.498243499213769e-06,1.1245509392272367e-06,4.498243499213769e-06,44.92339820925668,44.92339820925668,44.92339820925668,2.246169910462834e-11,0.000533261213209475,0.000533261213209475,40948.96683274732,1875.2535816010704,1875.2535816010704,not_lifted_tail_conditioning
6.0,60.0,400.0,odd,1.0,0.05,0.010772654646807,-0.0036291617273143,0.0036097645895319,0.3343827725076107,0.008359569312690268,0.032668571064137855,0.10615736392187171,-0.02171045614582703,-0.0902202811226749,1.0,1.0,0.20376765708410166,8.150706283364066,24.375377422228148,24.375377422228148,4.498243499213769e-06,4.498243499213769e-06,1.1245509392272367e-06,4.498243499213769e-06,44.92339820925668,44.92339820925668,44.92339820925668,2.246169910462834e-11,0.0005380951255927978,0.0005380951255927978,45299.383441496095,1858.407468193175,1858.407468193175,not_lifted_tail_conditioning
6.0,80.0,400.0,even,1.0,0.0666666666666666,0.0066008777080276,-0.0027049482824944,0.0026960622878862,0.1217320976509424,0.0040577365883647425,0.022231977642799328,0.0757034244129424,-0.020870453236087404,-0.06933617094926649,1.0,1.0,0.15130863746165482,4.539259123849649,37.288925529449365,37.288925529449365,4.498243499213769e-06,4.498243499213769e-06,1.1245509392272367e-06,4.498243499213769e-06,44.92339820925668,44.92339820925668,44.92339820925668,2.246169910462834e-11,0.001108559760165839,0.001108559760165839,33637.27141229715,902.0713505335981,902.0713505335981,not_lifted_tail_conditioning
6.0,80.0,400.0,odd,1.0,0.0666666666666666,0.0066008777113058,-0.0027049482904822,0.0026960622958433,0.1217321021226802,0.004057736737422669,0.022231978004295265,0.07570342483100657,-0.02087045326121487,-0.06933617098980252,1.0,1.0,0.15130863801138947,4.539259140341689,37.2889242951467,37.2889242951467,4.498243499213769e-06,4.498243499213769e-06,1.1245509392272367e-06,4.498243499213769e-06,44.92339820925668,44.92339820925668,44.92339820925668,2.246169910462834e-11,0.0011085597194437247,0.0011085597194437247,33637.27153450811,902.0713836705162,902.0713836705162,not_lifted_tail_conditioning
6.0,100.0,400.0,even,1.0,0.0833333333333333,0.0044173683334497,-0.0021188553782595,0.0021141897675973,0.0523355393205626,0.0021806474716901075,0.01820258779411222,0.057942504910056494,-0.020227029401673754,-0.05558504778191686,1.0,1.0,0.11985549923989068,2.8765319817573776,54.96326242361259,54.96326242361259,4.498243499213769e-06,4.498243499213769e-06,1.1245509392272367e-06,4.498243499213769e-06,44.92339820925668,44.92339820925668,44.92339820925668,2.246169910462834e-11,0.00206280178598855,0.00206280178598855,26644.95580571389,484.77755196472907,484.77755196472907,not_lifted_tail_conditioning
6.0,100.0,400.0,odd,1.0,0.0833333333333333,0.0044173683350498,-0.0021188553800381,0.0021141897693703,0.0523355314527734,0.0021806471438655575,0.018202588079678624,0.057942505149828405,-0.02022702946927819,-0.05558504775117497,1.0,1.0,0.11985549955112285,2.8765319892269496,54.963270829162745,54.963270829162745,4.498243499213769e-06,4.498243499213769e-06,1.1245509392272367e-06,4.498243499213769e-06,44.92339820925668,44.92339820925668,44.92339820925668,2.246169910462834e-11,0.002062802096096982,0.002062802096096982,26644.9558749036,484.7774790863822,484.7774790863822,not_lifted_tail_conditioning
6.0,120.0,400.0,even,1.0,0.1,0.0035016243975835,-0.0018378939529164,0.0018346838025795,0.0240102008488947,0.0012005100424447351,0.01840728916681925,0.04992361990574106,-0.019465675523100513,-0.049474466537667905,1.0,1.0,0.10636889133113737,2.1273778266227477,88.60308333158655,88.60308333158657,4.498243499213769e-06,4.498243499213769e-06,1.1245509392272367e-06,4.498243499213769e-06,44.92339820925668,44.92339820925668,44.92339820925668,2.246169910462834e-11,0.003746943665755169,0.003746943665755169,23646.761530301592,266.88418327166323,266.88418327166323,not_lifted_tail_conditioning
6.0,120.0,400.0,odd,1.0,0.1,0.003501624401755,-0.0018378939523014,0.0018346838019618,0.0240102010297344,0.0012005100514867202,0.01840728925212859,0.04992362005709311,-0.019465675551421004,-0.04947446650288574,1.0,1.0,0.10636889148052618,2.1273778296105235,88.60308278868486,88.60308278868486,4.498243499213769e-06,4.498243499213769e-06,1.1245509392272367e-06,4.498243499213769e-06,44.92339820925668,44.92339820925668,44.92339820925668,2.246169910462834e-11,0.00374694363753399,0.00374694363753399,23646.761563512067,266.88418528177783,266.88418528177783,not_lifted_tail_conditioning
6.0,60.0,800.0,even,1.0,0.05,0.0100336639045976,-0.0020046965244911,0.0019947133724832,1.8437704327783464,0.046094260819458666,0.009757375772574725,0.08325421699977573,0.004176135754644119,0.1487355514317653,1.0,1.0,0.0657187598721386,2.628750394885544,1.4257471256463985,1.4257471256463987,1.1245509392272367e-06,4.498243499213769e-06,1.1245509392272367e-06,4.498243499213769e-06,44.92339820925668,44.92339820925668,44.92339820925668,2.246169910462834e-11,2.439676695612631e-05,9.758793002088534e-05,14609.871582902379,40989.037678571935,10247.168884369044,not_lifted_tail_conditioning
6.0,60.0,800.0,odd,1.0,0.05,0.0100336639072853,-0.0020046965768186,0.0019947134245475,1.843768750582952,0.046094218764573806,0.009757376068729368,0.08325421702997986,0.004176102419974945,0.1487355659899455,1.0,1.0,0.0657187772037724,2.6287510881508958,1.4257488024567897,1.42574880245679,1.1245509392272367e-06,4.498243499213769e-06,1.1245509392272367e-06,4.498243499213769e-06,44.92339820925668,44.92339820925668,44.92339820925668,2.246169910462834e-11,2.4396789214952964e-05,9.75880190569786e-05,14609.875435880502,40989.000281524466,10247.159535189778,not_lifted_tail_conditioning
6.0,80.0,800.0,even,1.0,0.0666666666666666,0.0065926401457866,-0.0015654435713835,0.0015603082717446,0.7530439004879111,0.025101463349597012,0.010077147236960304,0.066307484680616,0.015596678570846225,0.09764194395717064,1.0,1.0,0.03181687546412768,0.9545062639238315,1.267530702134881,1.2675307021348812,1.1245509392272367e-06,4.498243499213769e-06,1.1245509392272367e-06,4.498243499213769e-06,44.92339820925668,44.92339820925668,44.92339820925668,2.246169910462834e-11,4.480021437655708e-05,0.0001792024407726805,7073.177668058395,22321.32175964044,5580.281137289345,not_lifted_tail_conditioning
6.0,80.0,800.0,odd,1.0,0.0666666666666666,0.0065926401437956,-0.0015654435342973,0.0015603082347817,0.7530438565813186,0.025101461886043924,0.010077146958813335,0.06630748463306475,0.015596666519564966,0.09764195765315317,1.0,1.0,0.03181688695690024,0.9545066087070083,1.2675312338916007,1.2675312338916007,1.1245509392272367e-06,4.498243499213769e-06,1.1245509392272367e-06,4.498243499213769e-06,44.92339820925668,44.92339820925668,44.92339820925668,2.246169910462834e-11,4.4800216988655625e-05,0.000179202451221167,7073.180223005134,22321.320458184866,5580.280811928325,not_lifted_tail_conditioning
6.0,100.0,800.0,even,1.0,0.0833333333333333,0.0048913804928334,-0.0013098846768973,0.0013066925319058,0.3602649423858714,0.01501103926607797,0.009995719418089806,0.056559363033528404,0.018472004948880412,0.07163761793784135,1.0,1.0,0.017297432970210566,0.41513839128505375,1.1523141511793524,1.1523141511793524,1.1245509392272367e-06,4.498243499213769e-06,1.1245509392272367e-06,4.498243499213769e-06,44.92339820925668,44.92339820925668,44.92339820925668,2.246169910462834e-11,7.49149288929317e-05,0.0002996623631102561,3845.374972082752,13348.474259772689,3337.089081260651,not_lifted_tail_conditioning
6.0,100.0,800.0,odd,1.0,0.0833333333333333,0.004891380441855,-0.0013098846845399,0.0013066925395628,0.3602650894584045,0.015011045394100182,0.00999571955008845,0.05655936261710437,0.01847202492175336,0.07163762398238334,1.0,1.0,0.017297448324922953,0.41513875979815107,1.1523147036595733,1.1523147036595733,1.1245509392272367e-06,4.498243499213769e-06,1.1245509392272367e-06,4.498243499213769e-06,44.92339820925668,44.92339820925668,44.92339820925668,2.246169910462834e-11,7.491489831009511e-05,0.00029966224077782895,3845.3783855734596,13348.479709078716,3337.0904435751213,not_lifted_tail_conditioning
6.0,120.0,800.0,even,1.0,0.1,0.0034597665381007,-0.0010622455538093,0.0010604125989039,0.195993843504807,0.00979969217524035,0.010095286235926924,0.04569293799922324,0.008518141266187067,0.055416397310075104,1.0,1.0,0.00985053537760093,0.1970107075520186,1.0051882448398777,1.0051882448398777,1.1245509392272367e-06,4.498243499213769e-06,1.1245509392272367e-06,4.498243499213769e-06,44.92339820925668,44.92339820925668,44.92339820925668,2.246169910462834e-11,0.00011475370033239391,0.00045901885679418736,2189.8626384549143,8714.315940169374,2178.559737140331,not_lifted_tail_conditioning
6.0,120.0,800.0,odd,1.0,0.1,0.0034597665623006,-0.0010622455933506,0.0010604126383642,0.1959937942767807,0.009799689713839037,0.010095286608940546,0.04569293834004625,0.008518140132399264,0.055416405625092785,1.0,1.0,0.009850543490175393,0.19701086980350785,1.0051893251542996,1.0051893251542998,1.1245509392272367e-06,4.498243499213769e-06,1.1245509392272367e-06,4.498243499213769e-06,44.92339820925668,44.92339820925668,44.92339820925668,2.246169910462834e-11,0.00011475372915523596,0.00045901897208657416,2189.864441953205,8714.313751383408,2178.559189948674,not_lifted_tail_conditioning
12.0,60.0,400.0,even,1.0,0.05,0.0108648842827327,-0.0032966013702414,0.0032788330374462,0.4523078186556681,0.011307695466391703,0.033063258674968704,0.11343787942367044,-0.019938975341072605,-0.09019810273025484,1.0,1.0,0.2104206502187582,8.416826008750327,18.60862373276344,18.608623732763437,1.8001967022511972e-05,1.8001967022511972e-05,4.499880565376888e-06,1.8001967022511972e-05,44.92339820925668,44.92339820925668,44.92339820925668,2.246169910462834e-11,0.0015920102443523286,0.0015920102443523286,11688.758787060391,628.1366615243272,628.1366615243272,not_lifted_tail_conditioning
12.0,60.0,400.0,odd,1.0,0.05,0.0108648842799949,-0.0032966013730217,0.003278833040216,0.4523078019672174,0.011307695049180437,0.033063258601438314,0.11343787965929844,-0.01993897536113592,-0.09019810271832612,1.0,1.0,0.210420650421777,8.41682601687108,18.608624437305455,18.608624437305455,1.8001967022511972e-05,1.8001967022511972e-05,4.499880565376888e-06,1.8001967022511972e-05,44.92339820925668,44.92339820925668,44.92339820925668,2.246169910462834e-11,0.0015920103030914975,0.0015920103030914975,11688.75879833798,628.1366383484561,628.1366383484561,not_lifted_tail_conditioning
12.0,80.0,400.0,even,1.0,0.0666666666666666,0.0066751756346851,-0.0024454331384992,0.002437310128149,0.1707273293788763,0.0056909109792958705,0.021241431811292493,0.07901013656263542,-0.019091238881894783,-0.06923304256826006,1.0,1.0,0.1536319123231884,4.608957369695657,26.99601397423319,26.99601397423319,1.8001967022511972e-05,1.8001967022511972e-05,4.499880565376888e-06,1.8001967022511972e-05,44.92339820925668,44.92339820925668,44.92339820925668,2.246169910462834e-11,0.0031632838904008535,0.0031632838904008535,8534.173633973849,316.12717500144424,316.12717500144424,not_lifted_tail_conditioning
12.0,80.0,400.0,odd,1.0,0.0666666666666666,0.0066751756386915,-0.0024454331392326,0.0024373101288751,0.1707273203919376,0.005690910679731247,0.02124143152512234,0.07901013699443911,-0.01909123888264007,-0.06923304259829238,1.0,1.0,0.15363191269389323,4.608957380816801,26.996015460419855,26.996015460419855,1.8001967022511972e-05,1.8001967022511972e-05,4.499880565376888e-06,1.8001967022511972e-05,44.92339820925668,44.92339820925668,44.92339820925668,2.246169910462834e-11,0.003163284056913385,0.003163284056913385,8534.173654566312,316.12715836078365,316.12715836078365,not_lifted_tail_conditioning
12.0,100.0,400.0,even,1.0,0.0833333333333333,0.0044829286332729,-0.0019084219910151,0.0019041578008704,0.077100340372954,0.0032125141822064154,0.016158643205344776,0.059743385706284576,-0.018369997994541743,-0.055371094799836935,1.0,1.0,0.12018140740274566,2.884353777665897,37.410389678094056,37.410389678094056,1.8001967022511972e-05,1.8001967022511972e-05,4.499880565376888e-06,1.8001967022511972e-05,44.92339820925668,44.92339820925668,44.92339820925668,2.246169910462834e-11,0.00560370040456845,0.00560370040456845,6676.015307241447,178.4535088965042,178.4535088965042,not_lifted_tail_conditioning
12.0,100.0,400.0,odd,1.0,0.0833333333333333,0.0044829286333332,-0.0019084219913101,0.0019041578011647,0.0771003414939211,0.003212514228913378,0.01615864319823666,0.05974338568926897,-0.018369997979799338,-0.05537109479427622,1.0,1.0,0.12018140737484344,2.8843537769962437,37.41038912549639,37.41038912549639,1.8001967022511972e-05,1.8001967022511972e-05,4.499880565376888e-06,1.8001967022511972e-05,44.92339820925668,44.92339820925668,44.92339820925668,2.246169910462834e-11,0.005603700323095869,0.005603700323095869,6676.015305691493,178.45351149105193,178.45351149105193,not_lifted_tail_conditioning
12.0,120.0,400.0,even,1.0,0.1,0.0035632874720739,-0.0016518369123545,0.0016489012108059,0.0375542748974702,0.0018777137448735101,0.016818421961532604,0.050897061615480875,-0.017574102232196343,-0.04915275280499726,1.0,1.0,0.10579608256447091,2.115921651289418,56.34303037580296,56.34303037580296,1.8001967022511972e-05,1.8001967022511972e-05,4.499880565376888e-06,1.8001967022511972e-05,44.92339820925668,44.92339820925668,44.92339820925668,2.246169910462834e-11,0.009587173269440306,0.009587173269440306,5876.917918590224,104.30603180893375,104.30603180893375,not_lifted_tail_conditioning
12.0,120.0,400.0,odd,1.0,0.1,0.0035632874715249,-0.001651836912498,0.0016489012109496,0.037554274458009,0.00187771372290045,0.016818422002876816,0.050897061615516624,-0.01757410228556432,-0.04915275281839523,1.0,1.0,0.10579608260796432,2.1159216521592863,56.34303105829368,56.34303105829369,1.8001967022511972e-05,1.8001967022511972e-05,4.499880565376888e-06,1.8001967022511972e-05,44.92339820925668,44.92339820925668,44.92339820925668,2.246169910462834e-11,0.009587173381629684,0.009587173381629684,5876.91792100626,104.30603058834157,104.30603058834157,not_lifted_tail_conditioning
12.0,60.0,800.0,even,1.0,0.05,0.010845857577098,-0.0019229933572493,0.0019126483040355,2.2409691156876943,0.05602422789219236,0.009200054723735827,0.08794714596654508,0.04450330613899879,0.16032085298238505,1.0,1.0,0.08052498387273299,3.2209993549093197,1.4373242952618202,1.4373242952618202,4.499880565376888e-06,1.8001967022511972e-05,4.499880565376888e-06,1.8001967022511972e-05,44.92339820925668,44.92339820925668,44.92339820925668,2.246169910462834e-11,8.032026026375635e-05,0.0003213246786221352,4473.121396791485,12450.158860494123,3112.1170159978888,not_lifted_tail_conditioning
12.0,60.0,800.0,odd,1.0,0.05,0.0108458575849235,-0.0019229933666953,0.0019126483134233,2.240968523929737,0.05602421309824343,0.009200054784992766,0.08794714602499967,0.04450337118071391,0.1603208685495472,1.0,1.0,0.0805250262998814,3.221001051995256,1.4373254321068931,1.4373254321068931,4.499880565376888e-06,1.8001967022511972e-05,4.499880565376888e-06,1.8001967022511972e-05,44.92339820925668,44.92339820925668,44.92339820925668,2.246169910462834e-11,8.032028147340414e-05,0.0003213247634722495,4473.123753597735,12450.155572862659,3112.1161942016424,not_lifted_tail_conditioning
12.0,80.0,800.0,even,1.0,0.0666666666666666,0.0066168808429054,-0.0014325725073287,0.001427855957028,0.9333867589512764,0.031112891965042515,0.009170084393350415,0.06633435613261322,0.012920351177604058,0.10484427808701643,1.0,1.0,0.03869209983817501,1.1607629951452516,1.2436034516382553,1.2436034516382553,4.499880565376888e-06,1.8001967022511972e-05,4.499880565376888e-06,1.8001967022511972e-05,44.92339820925668,44.92339820925668,44.92339820925668,2.246169910462834e-11,0.00014463073925859464,0.0005786015341402023,2149.3262258390673,6914.159501128149,1728.305130552398,not_lifted_tail_conditioning
12.0,80.0,800.0,odd,1.0,0.0666666666666666,0.0066168808042149,-0.0014325724702377,0.0014278559200866,0.9333870449725408,0.03111290149908466,0.009170084137557462,0.06633435577091006,0.012920365522550778,0.10484426150035943,1.0,1.0,0.038692085104808004,1.1607625531442414,1.243602597010964,1.2436025970109643,4.499880565376888e-06,1.8001967022511972e-05,4.499880565376888e-06,1.8001967022511972e-05,44.92339820925668,44.92339820925668,44.92339820925668,2.246169910462834e-11,0.00014463069493885917,0.0005786013568371817,2149.3254074081156,6914.161619860414,1728.3056601635305,not_lifted_tail_conditioning
12.0,100.0,800.0,even,1.0,0.0833333333333333,0.0049127578895462,-0.0011962515361338,0.0011933236604455,0.4559384641209359,0.01899743600503899,0.008905866822289837,0.056593578986079654,0.01876566325756561,0.07577644465419842,1.0,1.0,0.02156844734759937,0.5176427363423851,1.1353346494694563,1.1353346494694565,4.499880565376888e-06,1.8001967022511972e-05,4.499880565376888e-06,1.8001967022511972e-05,44.92339820925668,44.92339820925668,44.92339820925668,2.246169910462834e-11,0.0002368677838516373,0.0009475998244045684,1198.1161458982463,4221.764495531196,1055.2977894739033,not_lifted_tail_conditioning
12.0,100.0,800.0,odd,1.0,0.0833333333333333,0.0049127578899924,-0.0011962515309274,0.0011933236552516,0.4559383979475653,0.018997433247815214,0.008905866781804772,0.056593578985107654,0.01876566229361521,0.0757764463779498,1.0,1.0,0.021568448459406708,0.5176427630257612,1.1353348727722032,1.1353348727722032,4.499880565376888e-06,1.8001967022511972e-05,4.499880565376888e-06,1.8001967022511972e-05,44.92339820925668,44.92339820925668,44.92339820925668,2.246169910462834e-11,0.0002368678182298334,0.0009475999619360302,1198.1162076585713,4221.763882798539,1055.2976363115422,not_lifted_tail_conditioning
12.0,120.0,800.0,even,1.0,0.1,0.0034788677931656,-0.0009677656342506,0.0009660865370413,0.2526467020640421,0.012632335103202106,0.009121064567200785,0.045690249199969515,0.006539999329018243,0.057984061225351914,1.0,1.0,0.012561835529857537,0.25123671059715075,0.9944191178615346,0.9944191178615348,4.499880565376888e-06,1.8001967022511972e-05,4.499880565376888e-06,1.8001967022511972e-05,44.92339820925668,44.92339820925668,44.92339820925668,2.246169910462834e-11,0.0003562192206440309,0.0014250704145703627,697.8034963706247,2807.260086056103,701.719711374041,passes_tail_conditioning_budget
12.0,120.0,800.0,odd,1.0,0.1,0.0034788677834578,-0.0009677656220259,0.0009660865248426,0.2526467133783277,0.012632335668916387,0.009121064446260605,0.045690249067497496,0.006540003912098148,0.057984059353694835,1.0,1.0,0.012561832861251678,0.2512366572250336,0.9944188620764574,0.9944188620764576,4.499880565376888e-06,1.8001967022511972e-05,4.499880565376888e-06,1.8001967022511972e-05,44.92339820925668,44.92339820925668,44.92339820925668,2.246169910462834e-11,0.00035621920469145445,0.00142507035075139,697.803348130943,2807.260211773724,701.7197427991781,passes_tail_conditioning_budget
18.0,60.0,400.0,even,1.0,0.05,0.0109462077090673,-0.0031165297190722,0.0030996077137025,0.5716497874497035,0.014291244686242589,0.03035784012649095,0.12240955727921513,-0.01900066297977666,-0.09024369625316046,1.0,1.0,0.21830636286374303,8.732254514549721,15.275531813817086,15.275531813817086,4.0513259826248634e-05,4.0513259826248634e-05,1.0125767244482293e-05,4.0513259826248634e-05,44.92339820925668,44.92339820925668,44.92339820925668,2.246169910462834e-11,0.0028348307453757732,0.0028348307453757732,5388.516347487343,352.7547461629651,352.7547461629651,not_lifted_tail_conditioning
18.0,60.0,400.0,odd,1.0,0.05,0.0109462077087188,-0.0031165297187208,0.0030996077133535,0.5716497926119808,0.01429124481529952,0.0303578401681103,0.12240955712640926,-0.019000662982248544,-0.09024369624816467,1.0,1.0,0.2183063627199966,8.732254508799864,15.275531665813205,15.275531665813205,4.0513259826248634e-05,4.0513259826248634e-05,1.0125767244482293e-05,4.0513259826248634e-05,44.92339820925668,44.92339820925668,44.92339820925668,2.246169910462834e-11,0.0028348307197758648,0.0028348307197758648,5388.516343939211,352.75474934851303,352.75474934851303,not_lifted_tail_conditioning
18.0,80.0,400.0,even,1.0,0.0666666666666666,0.0067287065139138,-0.0023012070142919,0.0022935022958442,0.2141995066842192,0.007139983556140633,0.020097189917893485,0.08225459326167621,-0.018103574863115084,-0.06918352630159987,1.0,1.0,0.15618195314028777,4.6854585942086375,21.874273506689786,21.874273506689786,4.0513259826248634e-05,4.0513259826248634e-05,1.0125767244482293e-05,4.0513259826248634e-05,44.92339820925668,44.92339820925668,44.92339820925668,2.246169910462834e-11,0.00567413909397674,0.00567413909397674,3855.0823560018025,176.23818934250806,176.23818934250806,not_lifted_tail_conditioning
18.0,80.0,400.0,odd,1.0,0.0666666666666666,0.0067287065152877,-0.0023012070165422,0.0022935022980854,0.2141995078468876,0.007139983594896246,0.020097189822813357,0.08225459325505069,-0.018103574880502953,-0.06918352631147953,1.0,1.0,0.15618195312444022,4.685458593733212,21.874273385737347,21.874273385737347,4.0513259826248634e-05,4.0513259826248634e-05,1.0125767244482293e-05,4.0513259826248634e-05,44.92339820925668,44.92339820925668,44.92339820925668,2.246169910462834e-11,0.005674139063177686,0.005674139063177686,3855.0823556106334,176.2381902991236,176.2381902991236,not_lifted_tail_conditioning
18.0,100.0,400.0,even,1.0,0.0833333333333333,0.004524921929761,-0.0017896671109677,0.0017856310401366,0.0983244011637611,0.0040968500484900435,0.01469296274000084,0.06130615134442062,-0.01726815498484033,-0.055230096175378794,1.0,1.0,0.12083960456827517,2.900150509638605,29.495735293707526,29.495735293707522,4.0513259826248634e-05,4.0513259826248634e-05,1.0125767244482293e-05,4.0513259826248634e-05,44.92339820925668,44.92339820925668,44.92339820925668,2.246169910462834e-11,0.00988888032189033,0.00988888032189033,2982.717388986381,101.12368311166324,101.12368311166324,not_lifted_tail_conditioning
18.0,100.0,400.0,odd,1.0,0.0833333333333333,0.0045249219297268,-0.0017896671109579,0.0017856310401268,0.0983244012008812,0.004096850050036715,0.014692962740965642,0.06130615134452418,-0.01726815497866044,-0.055230096153760184,1.0,1.0,0.12083960454614698,2.9001505091075286,29.49573527717082,29.49573527717082,4.0513259826248634e-05,4.0513259826248634e-05,1.0125767244482293e-05,4.0513259826248634e-05,44.92339820925668,44.92339820925668,44.92339820925668,2.246169910462834e-11,0.00988888031815701,0.00988888031815701,2982.7173884401845,101.12368314984016,101.12368314984016,not_lifted_tail_conditioning
18.0,120.0,400.0,even,1.0,0.1,0.0036009091880255,-0.0015461097382767,0.0015433330754413,0.0494055818943834,0.00247027909471917,0.015920316689670654,0.05181202269390247,-0.016410184594959187,-0.04890738868426752,1.0,1.0,0.10578119465046937,2.1156238930093876,42.82155602441956,42.821556024419564,4.0513259826248634e-05,4.0513259826248634e-05,1.0125767244482293e-05,4.0513259826248634e-05,44.92339820925668,44.92339820925668,44.92339820925668,2.246169910462834e-11,0.016400276354544593,0.016400276354544593,2611.0264911818695,60.97458228030988,60.97458228030988,not_lifted_tail_conditioning
18.0,120.0,400.0,odd,1.0,0.1,0.0036009091880774,-0.0015461097379247,0.0015433330750899,0.0494055819925411,0.0024702790996270554,0.015920316709904313,0.05181202266803528,-0.016410184607661145,-0.04890738863697324,1.0,1.0,0.1057811945908751,2.115623891817502,42.82155591521831,42.82155591521831,4.0513259826248634e-05,4.0513259826248634e-05,1.0125767244482293e-05,4.0513259826248634e-05,44.92339820925668,44.92339820925668,44.92339820925668,2.246169910462834e-11,0.01640027632196096,0.01640027632196096,2611.0264897108877,60.97458240145257,60.97458240145257,not_lifted_tail_conditioning
18.0,60.0,800.0,even,1.0,0.05,0.0108797509482882,-0.0018271234671916,0.0018172637755943,2.694155896642853,0.06735389741607133,0.0087530323833745,0.08799296417564813,0.02898888263842602,0.18006723386656828,1.0,1.0,0.09427173900306055,3.7708695601224216,1.3996478692347556,1.3996478692347556,1.0125767244482293e-05,4.0513259826248634e-05,1.0125767244482293e-05,4.0513259826248634e-05,44.92339820925668,44.92339820925668,44.92339820925668,2.246169910462834e-11,0.0001503367679220027,0.00060149837471145,2326.9354134268324,6651.732731934328,1662.5148829034138,not_lifted_tail_conditioning
18.0,60.0,800.0,odd,1.0,0.05,0.0108797509405857,-0.0018271234605426,0.001817263768988,2.6941559816587604,0.06735389954146902,0.00875303233904187,0.08799296411309389,0.028988866836595066,0.1800672319660104,1.0,1.0,0.0942717338254844,3.7708693530193758,1.399647748196708,1.3996477481967082,1.0125767244482293e-05,4.0513259826248634e-05,1.0125767244482293e-05,4.0513259826248634e-05,44.92339820925668,44.92339820925668,44.92339820925668,2.246169910462834e-11,0.00015033676317802467,0.0006014983557307634,2326.935285627288,6651.732941834243,1662.514935365193,not_lifted_tail_conditioning
18.0,80.0,800.0,even,1.0,0.0666666666666666,0.0066370189892428,-0.001357129336436,0.0013526476773431,1.0797256882160762,0.035990856273869165,0.00869573360643537,0.06635820225049156,0.007425052661544746,0.11059676959179741,1.0,1.0,0.044256812701266246,1.3277043810379887,1.2296682347454595,1.2296682347454595,1.0125767244482293e-05,4.0513259826248634e-05,1.0125767244482293e-05,4.0513259826248634e-05,44.92339820925668,44.92339820925668,44.92339820925668,2.246169910462834e-11,0.0002813427712703244,0.0011256542361194923,1092.4031512416623,3554.3831301752675,888.372262025447,not_lifted_tail_conditioning
18.0,80.0,800.0,odd,1.0,0.0666666666666666,0.0066370189891871,-0.0013571293386825,0.0013526476795821,1.0797256425135409,0.03599085475045132,0.00869573362779044,0.06635820225637717,0.007425048898033103,0.11059677909754606,1.0,1.0,0.044256822305882314,1.327704669176471,1.2296685536574354,1.2296685536574354,1.0125767244482293e-05,4.0513259826248634e-05,1.0125767244482293e-05,4.0513259826248634e-05,44.92339820925668,44.92339820925668,44.92339820925668,2.246169910462834e-11,0.00028134278317897736,0.0011256542837660892,1092.4033883150578,3554.3829797256467,888.3722244225029,not_lifted_tail_conditioning
18.0,100.0,800.0,even,1.0,0.0833333333333333,0.0049285504608391,-0.0011313199715626,0.0011285421720217,0.5343079473670509,0.02226283114029378,0.00822768362585539,0.05662261827452809,0.018127660026456396,0.07957924944294054,1.0,1.0,0.025000328944535567,0.6000078946688538,1.122962698993263,1.122962698993263,1.0125767244482293e-05,4.0513259826248634e-05,1.0125767244482293e-05,4.0513259826248634e-05,44.92339820925668,44.92339820925668,44.92339820925668,2.246169910462834e-11,0.00045482837203735237,0.001819771239827767,617.0900355033341,2198.6315310995506,549.5196198916988,not_lifted_tail_conditioning
18.0,100.0,800.0,odd,1.0,0.0833333333333333,0.0049285504628128,-0.0011313199739071,0.0011285421743594,0.5343079323827933,0.02226283051594971,0.008227683643776533,0.05662261829198477,0.018127654483873636,0.0795792512008361,1.0,1.0,0.025000328340774425,0.6000078801785864,1.1229627033662002,1.1229627033662002,1.0125767244482293e-05,4.0513259826248634e-05,1.0125767244482293e-05,4.0513259826248634e-05,44.92339820925668,44.92339820925668,44.92339820925668,2.246169910462834e-11,0.0004548283847926665,0.0018197712908618608,617.0900206005308,2198.631469440611,549.5196044808414,not_lifted_tail_conditioning
18.0,120.0,800.0,even,1.0,0.1,0.003491535818283,-0.0009134677912261,0.0009118771578773,0.2959147683148908,0.014795738415744539,0.008592063332787747,0.04568826834142293,0.004742880384371724,0.059815810680236184,1.0,1.0,0.014642529218182827,0.2928505843636565,0.9896450455356336,0.9896450455356335,1.0125767244482293e-05,4.0513259826248634e-05,1.0125767244482293e-05,4.0513259826248634e-05,44.92339820925668,44.92339820925668,44.92339820925668,2.246169910462834e-11,0.0006843705234547263,0.0027381708629788558,361.42559944524385,1461.1967724032957,365.2073044529077,passes_tail_conditioning_budget
18.0,120.0,800.0,odd,1.0,0.1,0.0034915358176146,-0.0009134677905382,0.0009118771571909,0.295914766965616,0.014795738348280803,0.008592063327785648,0.04568826833293692,0.004742880364975506,0.05981581080286293,1.0,1.0,0.01464252934846815,0.292850586969363,0.9896450588536898,0.9896450588536899,1.0125767244482293e-05,4.0513259826248634e-05,1.0125767244482293e-05,4.0513259826248634e-05,44.92339820925668,44.92339820925668,44.92339820925668,2.246169910462834e-11,0.0006843705265752324,0.002738170875464021,361.42560266111246,1461.1967657407154,365.2073027876816,passes_tail_conditioning_budget
