D,mode,E_ritz,omega_ritz,S_adapter,r_eta1,n_turning,status,z_left,z_right,component_width,U_center_minus_E,source_spectral_suspicious
6.0,0,0.7413694262504578,1.319609573415735,8.837923933811147,2.1060894281727756e-08,6,CENTRAL_BARRIER,-2.8509503167722574,2.8509503167722556,5.701900633544513,1.0308531312407097,False
6.0,1,0.7423996329307556,1.3199998609586123,8.835797674557243,2.1150646826374017e-08,6,CENTRAL_BARRIER,-2.8509503167722574,2.8509503167722556,5.701900633544513,1.0298229245604118,False
6.0,2,0.9474183917045593,1.3954993341827717,8.397046595535475,5.086487698974598e-08,6,CENTRAL_BARRIER,-2.8509503167722574,2.8509503167722556,5.701900633544513,0.8248041657866081,False
6.25,0,0.7426090836524963,1.3200791959774596,8.971856445450552,1.611181648647846e-08,6,CENTRAL_BARRIER,-2.9829943314438143,2.9829943314438125,5.965988662887627,0.9421775411590372,False
6.25,1,0.7435373663902283,1.3204307503198447,8.969768651128184,1.6179233459264212e-08,6,CENTRAL_BARRIER,-2.9829943314438143,2.9829943314438125,5.965988662887627,0.9412492584213052,False
6.25,2,0.9500102400779724,1.3964276709081542,8.468404658975269,4.4099856081784384e-08,6,CENTRAL_BARRIER,-2.9709903301100375,2.9709903301100375,5.941980660220075,0.7347763847335611,False
6.5,0,0.743952751159668,1.3205880323400132,9.080603854223904,1.2962468305986831e-08,6,CENTRAL_BARRIER,-3.1030343447815945,3.1030343447815945,6.206068689563189,0.8613185817197173,False
6.5,1,0.7448079586029053,1.3209117906215029,9.078536320642689,1.301617995713178e-08,6,CENTRAL_BARRIER,-3.1030343447815945,3.1030343447815945,6.206068689563189,0.86046337427648,False
6.5,2,0.9527893662452698,1.3974224007955753,8.553012349702183,3.7234700571462285e-08,6,CENTRAL_BARRIER,-3.1030343447815945,3.1030343447815945,6.206068689563189,0.6524819666341155,False
6.75,0,0.745346188545227,1.3211155091608102,9.176469972755338,1.070087904076234e-08,6,CENTRAL_BARRIER,-3.223074358119373,3.223074358119373,6.446148716238746,0.7873263192079354,False
6.75,1,0.7461974024772644,1.32143762716114,9.174254805167433,1.0748392694578694e-08,6,CENTRAL_BARRIER,-3.223074358119373,3.223074358119373,6.446148716238746,0.786475105275898,False
6.75,2,0.9557467103004456,1.3984801429768123,8.601664762443113,3.3782276871718855e-08,6,CENTRAL_BARRIER,-3.223074358119373,3.223074358119373,6.446148716238746,0.5769257974527169,False
7.0,0,0.7467710375785828,1.3216546589705582,9.285592188765179,8.602746041268652e-09,6,CENTRAL_BARRIER,-3.3551183727909315,3.3551183727909297,6.710236745581861,0.7193748964388613,False
7.0,1,0.7476747035980225,1.3219964839582676,9.283050233869432,8.646592988624611e-09,6,CENTRAL_BARRIER,-3.3551183727909315,3.3551183727909297,6.710236745581861,0.7184712304194216,False
7.0,2,0.9588741064071655,1.3995978373829983,8.655523438578763,3.033247618429512e-08,6,CENTRAL_BARRIER,-3.3551183727909315,3.3551183727909297,6.710236745581861,0.5072718276102786,False
7.25,0,0.7482383251190186,1.3222096373567311,9.366838655137226,7.3125242344986705e-09,6,CENTRAL_BARRIER,-3.47515838612871,3.475158386128708,6.950316772257418,0.6567388124049558,False
7.25,1,0.7492059469223022,1.3225754976266202,9.363919775740367,7.355337833295811e-09,6,CENTRAL_BARRIER,-3.47515838612871,3.475158386128708,6.950316772257418,0.6557711906016721,False
7.25,2,0.9621641635894775,1.4007727023287817,8.681751093720372,2.8782387343788075e-08,6,CENTRAL_BARRIER,-3.47515838612871,3.475158386128708,6.950316772257418,0.4428129739344968,False
7.5,0,0.7497708201408386,1.3227890308514199,9.436005946767668,6.367799378486063e-09,6,CENTRAL_BARRIER,-3.59519839946649,3.59519839946649,7.19039679893298,0.5987868785083663,False
7.5,1,0.7507721781730652,1.3231674792606811,9.432765800621963,6.4091985742793666e-09,6,CENTRAL_BARRIER,-3.59519839946649,3.59519839946649,7.19039679893298,0.5977855204761398,False
7.5,2,0.965606689453125,1.4020009591484326,8.689491475234481,2.8340245204831443e-08,6,CENTRAL_BARRIER,-3.59519839946649,3.59519839946649,7.19039679893298,0.38295100919607994,False
7.75,0,0.7513949871063232,1.3234028060671186,9.52080583818758,5.3744388070452395e-09,6,CENTRAL_BARRIER,-3.727242414138047,3.727242414138047,7.454484828276094,0.5449715332611407,False
7.75,1,0.7523748278617859,1.3237729517790375,9.517394708329602,5.4112299811888286e-09,6,CENTRAL_BARRIER,-3.727242414138047,3.727242414138047,7.454484828276094,0.543991692505678,False
7.75,2,0.96919184923172,1.403278963439458,8.703829745193007,2.7539087153906364e-08,6,CENTRAL_BARRIER,-3.727242414138047,3.727242414138047,7.454484828276094,0.32717467113574394,False
8.0,0,0.7531298398971558,1.324058095363325,9.574330683247236,4.828831294880812e-09,6,CENTRAL_BARRIER,-3.8472824274758253,3.8472824274758253,7.6945648549516505,0.49482505257467335,False
8.0,1,0.7540251612663269,1.3243961496721164,9.570993547488113,4.861168018054941e-09,6,CENTRAL_BARRIER,-3.8472824274758253,3.8472824274758253,7.6945648549516505,0.4939297312055022,False
8.0,2,0.9729132056236267,1.4046042879130145,8.683521650609045,2.8680645880783743e-08,6,CENTRAL_BARRIER,-3.8472824274758253,3.8472824274758253,7.6945648549516505,0.2750416868482024,False
8.25,0,0.7549727559089661,1.3247538472897393,9.636070356054141,4.267913750560813e-09,6,CENTRAL_BARRIER,-3.979326442147382,3.979326442147382,7.958652884294764,0.4479617349290388,False
8.25,1,0.7557351589202881,1.3250415687518216,9.633008735872204,4.294127386600305e-09,6,CENTRAL_BARRIER,-3.979326442147382,3.979326442147382,7.958652884294764,0.44719933191771677,False
8.25,2,0.9767702221870422,1.405976607980034,8.642327136341883,3.1143687127530194e-08,6,CENTRAL_BARRIER,-3.9673224408136054,3.9673224408136036,7.934644881627209,0.22616426865096262,False
8.5,0,0.7569020390510559,1.3254818139269418,9.674998558776092,3.94823529921676e-09,6,CENTRAL_BARRIER,-4.099366455485162,4.0993664554851605,8.198732910970323,0.4040656263323348,False
8.5,1,0.7575109004974365,1.325711469550383,9.672388823632419,3.968896870370152e-09,6,CENTRAL_BARRIER,-4.099366455485162,4.0993664554851605,8.198732910970323,0.40345676488595417,False
8.5,2,0.9807686805725098,1.407397840190367,8.605765769903194,3.3506327350819193e-08,6,CENTRAL_BARRIER,-4.099366455485162,4.0993664554851605,8.198732910970323,0.18019898481088092,False
8.75,0,0.7588948607444763,1.326233335708493,9.699586809422033,3.7587716609182885e-09,6,CENTRAL_BARRIER,-4.219406468822941,4.219406468822939,8.43881293764588,0.3628646662895849,False
8.75,1,0.7593550086021423,1.326406803587098,9.697474930662626,3.774681376720867e-09,6,CENTRAL_BARRIER,-4.219406468822941,4.219406468822939,8.43881293764588,0.3624045184319189,False
8.75,2,0.9849109649658203,1.4088686826549237,8.524160650891343,3.9446468904584473e-08,6,CENTRAL_BARRIER,-4.219406468822941,4.219406468822939,8.43881293764588,0.13684856206824092,False
9.0,0,0.7609335780143738,1.3270017249477764,9.736407729470349,3.4919152852066186e-09,6,CENTRAL_BARRIER,-4.351450483494499,4.351450483494499,8.702900966988999,0.32411788143104237,False
9.0,1,0.7612840533256531,1.3271337737114721,9.734679100754395,3.504008628132244e-09,6,CENTRAL_BARRIER,-4.351450483494499,4.351450483494499,8.702900966988999,0.32376740611976307,False
9.0,2,0.9891939759254456,1.4103878813735764,8.432467345538571,4.738620468166206e-08,6,CENTRAL_BARRIER,-4.351450483494499,4.351450483494499,8.702900966988999,0.09585748351997059,False
9.25,0,0.7630111575126648,1.3277843038357793,9.743739907855195,3.441082221683867e-09,6,CENTRAL_BARRIER,-4.471490496832278,4.471490496832278,8.942980993664555,0.28760460957083867,False
9.25,1,0.7633267641067505,1.32790314560466,9.742071727108842,3.452582089091548e-09,6,CENTRAL_BARRIER,-4.471490496832278,4.471490496832278,8.942980993664555,0.28728900297675297,False
9.25,2,0.9936203956604004,1.4119562300795305,8.289185592314828,6.311097295673738e-08,6,CENTRAL_BARRIER,-4.471490496832278,4.471490496832278,8.942980993664555,0.05699537142310307,False
9.5,0,0.7651413679122925,1.3285862290089765,9.737080648548142,3.4872188933802422e-09,6,CENTRAL_BARRIER,-4.591530510170058,4.591530510170056,9.183061020340114,0.2531098677968311,False
9.5,1,0.7654840350151062,1.3287151820518595,9.735135781804157,3.500809660585149e-09,6,CENTRAL_BARRIER,-4.591530510170058,4.591530510170056,9.183061020340114,0.25276720069401737,False
9.5,2,0.9981976747512817,1.4135762005464303,8.080880875741363,9.572735372484056e-08,6,CENTRAL_BARRIER,-4.591530510170058,4.591530510170056,9.183061020340114,0.02005356095784183,False
9.75,0,0.7673402428627014,1.3294134958178743,9.744425941407306,3.4363640635195685e-09,6,CENTRAL_BARRIER,-4.723574524841615,4.723574524841613,9.447149049683228,0.2204391872066157,False
9.75,1,0.7677325010299683,1.3295610181672628,9.74202592510688,3.4528983739210407e-09,6,CENTRAL_BARRIER,-4.723574524841615,4.723574524841613,9.447149049683228,0.22004692903934886,False
9.75,2,1.002933144569397,1.4152502056418848,3.876498717588781,0.0004294533508286822,8,NEAREST_FORBIDDEN_ISLAND,0.558186062020674,4.723574524841613,4.165388462820939,-0.015153714500079851,False
10.0,0,0.7696081399917603,1.3302661914037206,9.716182207620509,3.6360627047793065e-09,6,CENTRAL_BARRIER,-4.843614538179393,4.843614538179391,9.687229076358784,0.18943345080431595,False
10.0,1,0.7700515389442444,1.3304328389453728,9.713256700135135,3.6573997228339925e-09,6,CENTRAL_BARRIER,-4.843614538179393,4.843614538179391,9.687229076358784,0.18899005185183182,False
10.0,2,1.0078256130218506,1.4169776332115658,3.760836464096259,0.0005412263751994089,8,NEAREST_FORBIDDEN_ISLAND,1.0263421140380125,4.843614538179391,3.817272424141379,-0.04878402222577438,False
10.25,0,0.7719444036483765,1.331144020626009,9.689996198455436,3.8315653989266864e-09,6,CENTRAL_BARRIER,-4.971740580193398,4.971740580193398,9.943481160386796,0.15995161744887154,False
10.25,1,0.7724304795265198,1.3313265863515682,9.686520608482732,3.8582920828650034e-09,6,CENTRAL_BARRIER,-4.971740580193398,4.971740580193398,9.943481160386796,0.15946554157072823,False
10.25,2,1.0128625631332397,1.4187538768698535,3.678182690663637,0.0006385150056697979,8,NEAREST_FORBIDDEN_ISLAND,-4.971740580193398,-1.3570356785595195,3.6147049016338784,-0.08096654203599174,False
10.5,0,0.7743549942970276,1.3320491711258364,9.647125199667473,4.1745870265397475e-09,6,CENTRAL_BARRIER,-5.101533844614872,5.10153384461487,10.203067689229742,0.1318608816521596,False
10.5,1,0.774867594242096,1.3322415675252353,9.643125626518437,4.208114074005314e-09,6,CENTRAL_BARRIER,-5.101533844614872,5.10153384461487,10.203067689229742,0.13134828170709123,False
10.5,2,1.0180234909057617,1.4205715367082932,3.5997241688050092,0.0007469977853136974,8,NEAREST_FORBIDDEN_ISLAND,-5.089196398799601,-1.6223741247082373,3.4668222740913635,-0.11180761495657454,False
10.75,0,0.7768500447273254,1.332985388039691,9.57695838492254,4.803520406433809e-09,6,CENTRAL_BARRIER,-5.220490163387796,5.220490163387797,10.440980326775593,0.1050372390131632,False
10.75,1,0.7773663401603699,1.333179035298849,9.5725528260146,4.846031802090207e-09,6,CENTRAL_BARRIER,-5.220490163387796,5.220490163387797,10.440980326775593,0.10452094358011876,False
10.75,2,1.0232871770858765,1.4224229951339638,3.544043297583031,0.000834993518711197,8,NEAREST_FORBIDDEN_ISLAND,-5.220490163387796,-1.869373124374789,3.3511170390130065,-0.14139989334538783,False
11.0,0,0.7794389724731445,1.3339561358879626,9.483337120454802,5.7926599836009096e-09,6,CENTRAL_BARRIER,-5.340780260086696,5.340780260086696,10.681560520173392,0.07936877136270437,False
11.0,1,0.7799288630485535,1.3341397464465832,9.478704622662837,5.846578343756451e-09,6,CENTRAL_BARRIER,-5.340780260086696,5.340780260086696,10.681560520173392,0.07887888078729544,False
11.0,2,1.028639793395996,1.424303265950056,3.48419229286313,0.0009411720612548577,8,NEAREST_FORBIDDEN_ISLAND,-5.340780260086696,-2.097032344114705,3.2437479159719906,-0.1698320495601472,False
11.25,0,0.7821273803710938,1.3349634378405626,9.389664423772762,6.986201500217418e-09,6,CENTRAL_BARRIER,-5.475241747249083,5.475241747249086,10.950483494498169,0.05475737382495649,False
11.25,1,0.7825554013252258,1.335123740080007,9.385084452827979,7.0504886839234864e-09,6,CENTRAL_BARRIER,-5.475241747249083,5.475241747249086,10.950483494498169,0.05432935287082441,False
11.25,2,1.0340921878814697,1.42621603829205,3.4302326966239844,0.0010484258887408168,8,NEAREST_FORBIDDEN_ISLAND,-5.462404134711569,-2.3043514504834945,3.1580526842280747,-0.1972074336854195,False
11.5,0,0.7849180102348328,1.3360082373379412,9.245252287458912,9.3255809329453e-09,6,CENTRAL_BARRIER,-5.59836612204068,5.59836612204068,11.19673224408136,0.031116621420349877,False
11.5,1,0.785247266292572,1.3361314554685748,9.24112091724671,9.40295500823881e-09,6,CENTRAL_BARRIER,-5.59836612204068,5.59836612204068,11.19673224408136,0.03078736536261062,False
11.5,2,1.0396851301193237,1.4281754549491892,3.3935292445659253,0.0011282827537143043,8,NEAREST_FORBIDDEN_ISLAND,-5.59836612204068,-2.5033344448149393,3.095031677225741,-0.2236504984641411,False
11.75,0,0.7878057956695557,1.3370885519177687,9.04102174739571,1.4030343010202857e-08,6,CENTRAL_BARRIER,-5.7228242747582545,5.722824274758253,11.445648549516507,0.008375698541558063,False
11.75,1,0.7880070209503174,1.3371637973525596,9.037643989656729,1.412544608302508e-08,6,CENTRAL_BARRIER,-5.7228242747582545,5.722824274758253,11.445648549516507,0.008174473260796344,False
11.75,2,1.0454803705215454,1.4302029123594824,3.3502328464397846,0.0012303388092181572,8,NEAREST_FORBIDDEN_ISLAND,2.6934811603867956,5.722824274758253,3.029343114371457,-0.24929887631043168,False
12.0,0,0.7907713055610657,1.3381970354028834,4.365937924691122,0.00016135948605890346,8,NEAREST_FORBIDDEN_ISLAND,-5.8486162054018,-0.7402467489163058,5.1083694564854945,-0.013514925457172033,False
12.0,1,0.790840744972229,1.3382229802884977,4.365422256126774,0.00016152598793296724,8,NEAREST_FORBIDDEN_ISLAND,-5.8486162054018,-0.7402467489163058,5.1083694564854945,-0.013584364868335363,False
12.0,2,1.0515344142913818,1.4323178468103306,3.3089164789158394,0.001336323679907606,8,NEAREST_FORBIDDEN_ISLAND,-5.8486162054018,-2.887629209736577,2.9609869956652233,-0.2742780341874882,False
12.25,0,0.7937293648719788,1.3393018199315563,4.257355789280045,0.00020049693892120802,8,NEAREST_FORBIDDEN_ISLAND,-5.962237412470824,-1.2086528842947644,4.753584528176059,-0.03453288204645877,False
12.25,1,0.7938101291656494,1.339331971232543,4.256878153131962,0.00020068855960281816,8,NEAREST_FORBIDDEN_ISLAND,-5.962237412470824,-1.2086528842947644,4.753584528176059,-0.03461364634012942,False
12.25,2,1.0578818321228027,1.4345319209145548,3.261540496440444,0.001469135725577741,8,NEAREST_FORBIDDEN_ISLAND,-5.962237412470824,-3.072274091363788,2.889963321107036,-0.29868534929728274,False
12.5,0,0.79668128490448,1.3404034037947232,4.184791118067749,0.00023181237634636965,8,NEAREST_FORBIDDEN_ISLAND,-6.090530176725576,-1.5516838946315445,4.538846282094031,-0.05473680016079818,False
12.5,1,0.7968978881835938,1.3404841991547658,4.183655254956977,0.00023233958921510913,8,NEAREST_FORBIDDEN_ISLAND,-6.090530176725576,-1.5516838946315445,4.538846282094031,-0.05495340343991195,False
12.5,2,1.064544916152954,1.4368524336733242,3.228359941511111,0.001569936850531578,8,NEAREST_FORBIDDEN_ISLAND,-6.090530176725576,-3.246915638546181,2.843614538179395,-0.3226004314092723,False
12.75,0,0.7996772527694702,1.341520500316514,4.123796831492117,0.00026188799044920343,8,NEAREST_FORBIDDEN_ISLAND,1.8335278426142025,6.220156718906299,4.386628876292097,-0.074229277866949,False
12.75,1,0.8000742793083191,1.3416684684780809,4.12182165641032,0.00026292458582444466,8,NEAREST_FORBIDDEN_ISLAND,1.8335278426142025,6.220156718906299,4.386628876292097,-0.07462630440579787,False
12.75,2,1.071592926979065,1.4393029309283938,3.1961312999540112,0.0016744632716217311,8,NEAREST_FORBIDDEN_ISLAND,3.424891630543513,6.220156718906299,2.795265088362786,-0.3461449520765437,False
13.0,0,0.8027675151824951,1.3426717823736727,4.058071340420589,0.000298678539743787,8,NEAREST_FORBIDDEN_ISLAND,-6.337112370790264,-2.093697899299766,4.243414471490498,-0.09310857626440971,False
13.0,1,0.8033626079559326,1.3428933717745175,4.055318190893587,0.00030032768929317427,8,NEAREST_FORBIDDEN_ISLAND,-6.337112370790264,-2.093697899299766,4.243414471490498,-0.09370366903784721,False
13.0,2,1.0792076587677002,1.4419457891223582,3.1536544889004747,0.0018229321956595207,8,NEAREST_FORBIDDEN_ISLAND,-6.337112370790264,-3.5921973991330454,2.7449149716572183,-0.3695487198496148,False
13.25,0,0.806023359298706,1.3438836851821314,4.013517491591025,0.00032651489725031243,8,NEAREST_FORBIDDEN_ISLAND,2.331193731243747,6.469239746582193,4.138046015338446,-0.11149004847958255,False
13.25,1,0.8068002462387085,1.34417269955862,4.010097291027861,0.00032875604656255495,8,NEAREST_FORBIDDEN_ISLAND,2.331193731243747,6.469239746582193,4.138046015338446,-0.11226693541958499,False
13.25,2,1.087616205215454,1.4448585415934163,3.1246348020275154,0.0019318646471537828,8,NEAREST_FORBIDDEN_ISLAND,3.776675558519507,6.469239746582193,2.6925641880626863,-0.3930828943963306,False
13.5,0,0.8094791769981384,1.3451688284368393,3.9588206624129776,0.00036426048620288745,8,NEAREST_FORBIDDEN_ISLAND,-6.588362787595864,-2.5593531177059,4.029009669889964,-0.12944859872098247,False
13.5,1,0.810453474521637,1.3455309266314308,3.954786590214291,0.0003672112801127065,8,NEAREST_FORBIDDEN_ISLAND,-6.588362787595864,-2.5593531177059,4.029009669889964,-0.130422896244481,False
13.5,2,1.0966585874557495,1.4479843187879313,3.084363453788059,0.0020939000326436617,8,NEAREST_FORBIDDEN_ISLAND,-6.588362787595864,-3.9501500500166706,2.6382127375791935,-0.41662800917859355,False
13.75,0,0.8131079077720642,1.3465169541346533,3.921012680922709,0.00039287252528861084,8,NEAREST_FORBIDDEN_ISLAND,2.7631710570190045,6.722990996998998,3.959819939979994,-0.146994473783858,False
13.75,1,0.81437748670578,1.3469883023641223,3.916614030792548,0.00039634399022856766,8,NEAREST_FORBIDDEN_ISLAND,2.7776758919639875,6.722990996998998,3.945315105035011,-0.1482640527175738,False
13.75,2,1.1049201488494873,1.4508342940699628,3.046838068699697,0.00225709624898995,8,NEAREST_FORBIDDEN_ISLAND,4.112120706902299,6.708486162054019,2.5963654551517195,-0.4388067148612811,False
14.0,0,0.8168712854385376,1.3479136787786292,3.8774641796970215,0.0004286249090402754,8,NEAREST_FORBIDDEN_ISLAND,-6.844281427142381,-2.9709903301100375,3.873291097032343,-0.16412381837493129,False
14.0,1,0.8185067176818848,1.348520195503903,3.8707535523437424,0.0004344163705234853,8,NEAREST_FORBIDDEN_ISLAND,-6.844281427142381,-2.985661887295766,3.8586195398466145,-0.16575925061827845,False
14.0,2,1.1093039512634277,1.452344295015279,3.0359113747947815,0.0023069643575889436,8,NEAREST_FORBIDDEN_ISLAND,-6.844281427142381,-4.2620873624541495,2.582194064688231,-0.4565564841998214,False
14.25,0,0.8207600116729736,1.3493554059894575,3.8350252138679615,0.00046659429381599223,8,NEAREST_FORBIDDEN_ISLAND,-6.966572190730243,-3.167972657552518,3.7985995331777254,-0.1808591224727677,False
14.25,1,0.822648286819458,1.3500549199271332,3.827588865967572,0.00047358567024553344,8,NEAREST_FORBIDDEN_ISLAND,-6.966572190730243,-3.182810936978992,3.7837612537512513,-0.18274739761925207,False
14.25,2,1.1067394018173218,1.4514611265264123,3.026425580661905,0.0023511489361013878,8,NEAREST_FORBIDDEN_ISLAND,4.399549849949981,6.966572190730243,2.5670223407802624,-0.46683851261711584,False
14.5,0,0.8247621059417725,1.3508375571998923,3.7950668024806213,0.0005054135236988662,8,NEAREST_FORBIDDEN_ISLAND,-7.0898632877625865,-3.368622874291429,3.7212404134711576,-0.1972178147779371,False
14.5,1,0.8266510367393494,1.3515365465792442,3.787794367063583,0.0005128184191994668,8,NEAREST_FORBIDDEN_ISLAND,-7.0898632877625865,-3.383627875958652,3.7062354118039345,-0.199106745575514,False
14.5,2,1.0970264673233032,1.4481113449328762,3.034365843012559,0.0023141063635697644,8,NEAREST_FORBIDDEN_ISLAND,-7.0898632877625865,-4.509003001000334,2.5808602867622525,-0.46948217615946786,False
14.75,0,0.8288504481315613,1.352349972503997,3.7577521782499965,0.0005445752872796498,8,NEAREST_FORBIDDEN_ISLAND,3.557769256418805,7.2141547182394135,3.6563854618206086,-0.2132000223707642,False
14.75,1,0.8304996490478516,1.3529595888450814,3.7519841957806657,0.0005508938640682527,8,NEAREST_FORBIDDEN_ISLAND,3.557769256418805,7.2141547182394135,3.6563854618206086,-0.21484922328705447,False
14.75,2,1.0828322172164917,1.4432020708190838,3.052574834365646,0.0022313473821418987,8,NEAREST_FORBIDDEN_ISLAND,-7.2141547182394135,-4.6046182060686895,2.609536512170724,-0.4671817914556946,False
15.0,0,0.8330040574073792,1.353884802118474,3.724379069479279,0.0005821641304205743,8,NEAREST_FORBIDDEN_ISLAND,-7.339446482160719,-3.7349116372124023,3.6045348449483168,-0.22881004339562416,False
15.0,1,0.8342692255973816,1.3543519578002543,3.7195872321426737,0.0005877702226264695,8,NEAREST_FORBIDDEN_ISLAND,-7.339446482160719,-3.75025008336112,3.589196398799599,-0.2300752115856266,False
15.0,2,1.0671619176864624,1.437762816909125,3.075576582901116,0.002131022929818521,8,NEAREST_FORBIDDEN_ISLAND,-7.339446482160719,-4.7012337445815255,2.6382127375791935,-0.4629679036747074,False
15.25,0,0.8372277021408081,1.3554437288728765,3.692393930389968,0.0006206223079734674,8,NEAREST_FORBIDDEN_ISLAND,3.9150550183394444,7.4657385795265085,3.550683561187064,-0.2440761304426463,False
15.25,1,0.8380609154701233,1.3557510521737106,3.6895720226741595,0.0006241348885870039,8,NEAREST_FORBIDDEN_ISLAND,3.9305601867289077,7.4657385795265085,3.535178392797601,-0.2449093437719615,False
15.25,2,1.051840901374817,1.432424832713681,3.099465590421816,0.0020316008902342164,8,NEAREST_FORBIDDEN_ISLAND,-7.4657385795265085,-4.7988496165388455,2.666888962987663,-0.4586893296766551,False
15.5,0,0.8415287733078003,1.35702939294173,3.662550009572971,0.0006587937681206566,8,NEAREST_FORBIDDEN_ISLAND,4.098199399799931,7.593031010336777,3.4948316105368455,-0.259027519470313,False
15.5,1,0.8419869542121887,1.3571982000475056,3.6610951300415597,0.0006607134908688329,8,NEAREST_FORBIDDEN_ISLAND,4.098199399799931,7.593031010336777,3.4948316105368455,-0.2594857003747014,False
15.5,2,1.0375715494155884,1.427435304809149,3.1223957264744384,0.0019405352285573618,8,NEAREST_FORBIDDEN_ISLAND,4.897465821940646,7.593031010336777,2.695565188396131,-0.4550702955781011,False
15.75,0,0.8458060026168823,1.3586044319877961,3.635272104483371,0.0006957332664337922,8,NEAREST_FORBIDDEN_ISLAND,4.268506168722908,7.721323774591529,3.4528176058686206,-0.27358328764534934,False
15.75,1,0.8462543487548828,1.3587694244259703,3.6338603431522474,0.0006977004609807207,8,NEAREST_FORBIDDEN_ISLAND,4.268506168722908,7.721323774591529,3.4528176058686206,-0.2740316337833498,False
15.75,2,1.0244333744049072,1.422825841206473,3.142849383223194,0.001862754884293466,8,NEAREST_FORBIDDEN_ISLAND,4.99708236078693,7.721323774591529,2.7242414138045987,-0.45221065943337424,False
16.0,0,0.8500856757164001,1.3601785455286377,3.595424067005153,0.0007534498230069342,8,NEAREST_FORBIDDEN_ISLAND,-7.8346115371790574,-4.441480493497831,3.393131043681226,-0.28778869228476966,False
16.0,1,0.8508971333503723,1.3604768036796409,3.5929474224540425,0.0007571911360574393,8,NEAREST_FORBIDDEN_ISLAND,-7.8346115371790574,-4.441480493497831,3.393131043681226,-0.28860014991874183,False
16.0,2,1.0122466087341309,1.4185367844134782,3.1513503987264233,0.0018313519810244745,8,NEAREST_FORBIDDEN_ISLAND,-7.8346115371790574,-5.097699233077691,2.7369123041013665,-0.4499496253025004,False
16.25,0,0.854543149471283,1.3618161217547995,3.5730332374507,0.0007879574437947083,8,NEAREST_FORBIDDEN_ISLAND,-7.964738246082025,-4.617122374124705,3.34761587195732,-0.30183680148800074,False
16.25,1,0.8557570576667786,1.3622617434497595,3.569478730962876,0.000793579001675661,8,NEAREST_FORBIDDEN_ISLAND,-7.964738246082025,-4.617122374124705,3.34761587195732,-0.30305070968349634,False
16.25,2,1.0007753372192383,1.4144876589137279,3.173920561624237,0.001750522221550093,8,NEAREST_FORBIDDEN_ISLAND,-7.964738246082025,-5.199316438812936,2.765421807269089,-0.44806898923595606,False
16.5,0,0.8592213988304138,1.3635326907817114,3.5490121035627995,0.000826736771259884,8,NEAREST_FORBIDDEN_ISLAND,4.7790930310103334,8.095865288429472,3.3167722574191387,-0.3157871433730971,False
16.5,1,0.8607660531997681,1.3640989895164384,3.5444540639401962,0.0008343078259174182,8,NEAREST_FORBIDDEN_ISLAND,4.7790930310103334,8.095865288429472,3.3167722574191387,-0.31733179774245135,False
16.5,2,0.9898256063461304,1.4106117844205508,3.1924639941621002,0.0016867899598043846,8,NEAREST_FORBIDDEN_ISLAND,5.301933977992661,8.095865288429472,2.793931310436811,-0.44639135088881365,False
16.75,0,0.8641250133514404,1.36532963541829,3.5148393303456142,0.0008852161896559595,8,NEAREST_FORBIDDEN_ISLAND,-8.211487162387463,-4.943397799266421,3.2680893631210424,-0.32965979520117983,False
16.75,1,0.8658692240715027,1.3659682368457557,3.5091021676411405,0.0008954319456438466,8,NEAREST_FORBIDDEN_ISLAND,-8.211487162387463,-4.959903301100368,3.251583861287095,-0.3314040059212421,False
16.75,2,0.9792858958244324,1.4068709591943507,3.2025126326053877,0.001653228452008472,8,NEAREST_FORBIDDEN_ISLAND,-8.211487162387463,-5.405551850616874,2.8059353117705896,-0.44482067767417177,False
17.0,0,0.8692471385002136,1.3672041319789132,3.4951348246986633,0.0009207982055092086,8,NEAREST_FORBIDDEN_ISLAND,-8.344448149383126,-5.110036678892964,3.234411470490162,-0.34346240857241295,False
17.0,1,0.87101811170578,1.367851640970533,3.4900266596253173,0.0009302536014576672,8,NEAREST_FORBIDDEN_ISLAND,-8.344448149383126,-5.110036678892964,3.234411470490162,-0.34523338177797935,False
17.0,2,0.9691170454025269,1.4032523099580227,3.2246410963560126,0.0015816570863450771,8,NEAREST_FORBIDDEN_ISLAND,-8.344448149383126,-5.51017005668556,2.8342780926975664,-0.4433323154747262,False
17.25,0,0.8745824694633484,1.3691539246787954,3.4605612250417437,0.000986721772779849,8,NEAREST_FORBIDDEN_ISLAND,5.279009669889959,8.461570523507831,3.182560853617872,-0.357203279367695,False
17.25,1,0.8762000799179077,1.3697445308954177,3.4561361543289357,0.0009954931567595629,8,NEAREST_FORBIDDEN_ISLAND,5.279009669889959,8.461570523507831,3.182560853617872,-0.35882088982225435,False
17.25,2,0.9593213796615601,1.3997576146110298,3.2336887519556923,0.0015532939034011526,8,NEAREST_FORBIDDEN_ISLAND,5.598949649883291,8.461570523507831,2.8626208736245395,-0.4419421895659067,False
17.5,0,0.880132257938385,1.3711791487396476,3.442521435663918,0.0010229722982356363,8,NEAREST_FORBIDDEN_ISLAND,5.433311103701232,8.596365455151712,3.16305435145048,-0.3708964237233897,False
17.5,1,0.8814889788627625,1.3716737873352989,3.436580084282439,0.0010352004820438493,8,NEAREST_FORBIDDEN_ISLAND,5.450316772257416,8.596365455151712,3.146048682894296,-0.37225314464776715,False
17.5,2,0.9499143958091736,1.3963933528233274,3.2548554742353555,0.0014889100325875125,8,NEAREST_FORBIDDEN_ISLAND,5.7054018006002,8.596365455151712,2.8909636545515127,-0.4406785615941783,False
17.75,0,0.8859155774116516,1.373286414922849,3.4113485798099474,0.0010887803440787801,8,NEAREST_FORBIDDEN_ISLAND,5.606785595198399,8.714988329443145,3.1082027342447454,-0.3845729062742801,False
17.75,1,0.8870907425880432,1.3737142143066159,3.4082731063414466,0.0010954980130341411,8,NEAREST_FORBIDDEN_ISLAND,5.606785595198399,8.714988329443145,3.1082027342447454,-0.3857480714506717,False
17.75,2,0.9409090876579285,1.393165132946532,3.26488612652049,0.0014593381717735653,8,NEAREST_FORBIDDEN_ISLAND,5.812854284761588,8.714988329443145,2.9021340446815564,-0.43956641652055695,False
18.0,0,0.8919662833213806,1.3754876529149147,3.3797007278106777,0.0011599232317016683,8,NEAREST_FORBIDDEN_ISLAND,-8.834278092697566,-5.76525508502834,3.0690230076692266,-0.3982778577024085,False
18.0,1,0.8933631181716919,1.375995319095124,3.3760010143729224,0.001168537831079767,8,NEAREST_FORBIDDEN_ISLAND,-8.834278092697566,-5.76525508502834,3.0690230076692266,-0.39967469255271976,False
18.0,2,0.9323112368583679,1.3900759824046913,3.2725972851750367,0.0014370044569129593,8,NEAREST_FORBIDDEN_ISLAND,-8.834278092697566,-5.921307102367454,2.9129709903301126,-0.4386228112393958,False
