D,eta,mu_mumu_release_bridge,mu_mumu_direct_y2,chi2_release_bridge,chi2_direct_y2,accept_release,accept_direct_y2,acceptance_gain,acceptance_loss,crossing_type,s_cross,y2_cross_over_release,amp_cross_over_release,abs_mu_cross_validation_error
4.0,0.2,2.408282967882146,2.407168366689106,6.353965895757677,6.339925742870012,False,False,False,False,none,,,,
4.0,0.39,2.444858357047335,2.4437158947715045,6.823306164322848,6.808392931241766,False,False,False,False,none,,,,
4.0,0.5800000000000001,2.4816946922032805,2.4805238257938864,7.312896294629686,7.297073363176606,False,False,False,False,none,,,,
4.0,0.77,2.5187871951365346,2.5175873772896415,7.823029925009216,7.806259661732124,False,False,False,False,none,,,,
4.0,0.96,2.5561309648674495,2.554901644209502,8.353992549533373,8.336236298736317,False,False,False,False,none,,,,
4.0,1.15,2.59372098030432,2.5924616015818147,8.906061117616922,8.887279195294166,False,False,False,False,none,,,,
4.0,1.34,2.631552103016107,2.6302621072912595,9.479503640271222,9.459655328979569,False,False,False,False,none,,,,
4.0,1.53,2.6696190801249093,2.6682979049771713,10.074578803857632,10.053622348559262,False,False,False,False,none,,,,
4.0,1.72,2.7079165473133937,2.7065636270466484,10.69153559210118,10.669428197008084,False,False,False,False,none,,,,
4.0,1.91,2.746439031940849,2.7450537977961256,11.33061291708632,11.30731074353613,False,False,False,False,none,,,,
4.0,2.1,2.785180956270464,2.7837628366439815,11.992039260089737,11.96749742548124,False,False,False,False,none,,,,
4.0,2.29,2.8241366407956763,2.822685061462021,12.676032322854956,12.650204900669968,False,False,False,False,none,,,,
4.0,2.4800000000000004,2.863300307669143,2.861814692009382,13.382798690153802,13.35563871109053,False,False,False,False,none,,,,
4.0,2.6700000000000004,2.902666084217795,2.9011458534523125,14.11253350411526,14.0839929583567,False,False,False,False,none,,,,
4.0,2.8600000000000003,2.942228006562729,2.9406725799885445,14.865420151415307,14.835449992053489,False,False,False,False,none,,,,
4.0,3.0500000000000003,2.981980023305745,2.9803888185381093,15.641629963365284,15.61018011100176,False,False,False,False,none,,,,
4.0,3.24,3.021915999311396,3.020288432529394,16.44132193013928,16.408341278678503,False,False,False,False,none,,,,
4.0,3.43,3.062029719556629,3.0603652057525528,17.264642429309287,17.230078852960727,False,False,False,False,none,,,,
4.0,3.62,3.102314893048903,3.10061284628114,18.11172496935061,18.075525330852752,False,False,False,False,none,,,,
4.0,3.81,3.142765156816272,3.141024990465431,18.982689948830274,18.94480010890721,False,False,False,False,none,,,,
4.0,4.0,3.1833740799527437,3.1815952069807456,19.87764443154559,19.838009259604785,False,False,False,False,none,,,,
4.8,0.2,13.73924432710559,13.707227951806598,951.6059410250468,946.67412411081,False,False,False,False,none,,,,
4.8,0.39,13.751521356529606,13.719451394756586,953.5004988800432,948.5555166735624,False,False,False,False,none,,,,
4.8,0.5800000000000001,13.763800559811964,13.731676949747646,955.3972767675416,950.4391024558588,False,False,False,False,none,,,,
4.8,0.77,13.77608192335063,13.743904603180088,957.2962735842888,952.324880327566,False,False,False,False,none,,,,
4.8,0.96,13.788365433470666,13.756134341381822,959.1974882075676,954.2128491392198,False,False,False,False,none,,,,
4.8,1.15,13.800651076542122,13.768366150725669,961.100919513408,956.1030077401026,False,False,False,False,none,,,,
4.8,1.34,13.81293883889613,13.780600017545863,963.0065663636,957.995354965354,False,False,False,False,none,,,,
4.8,1.53,13.825228706864252,13.79283592817724,964.914427611772,959.8898896420036,False,False,False,False,none,,,,
4.8,1.72,13.837520666769784,13.805073868946536,966.824502102034,961.786610587626,False,False,False,False,none,,,,
4.8,1.91,13.849814704934918,13.817313826179555,968.7367886700856,963.685516611437,False,False,False,False,none,,,,
4.8,2.1,13.862110807677343,13.82955578619777,970.6512861426776,965.5866065137652,False,False,False,False,none,,,,
4.8,2.29,13.874408961295863,13.84179973530401,972.567993335366,967.4898790838182,False,False,False,False,none,,,,
4.8,2.4800000000000004,13.88670915208322,13.854045659795217,974.4869090544928,969.39533310165,False,False,False,False,none,,,,
4.8,2.6700000000000004,13.89901136632965,13.866293545965998,976.4080320977362,971.3029673387092,False,False,False,False,none,,,,
4.8,2.8600000000000003,13.911315590323095,13.878543380108836,978.3313612541358,973.2127805578629,False,False,False,False,none,,,,
4.8,3.0500000000000003,13.923621810331165,13.890795148496132,980.2568953012652,975.1247715105908,False,False,False,False,none,,,,
4.8,3.24,13.93593001263566,13.903048837414556,982.1846330106214,977.0389389423344,False,False,False,False,none,,,,
4.8,3.43,13.94824018347661,13.915304433109368,984.1145731388568,978.9552815837936,False,False,False,False,none,,,,
4.8,3.62,13.960552309115483,13.92756192184732,986.046714437664,980.8737981607428,False,False,False,False,none,,,,
4.8,3.81,13.972866375806683,13.93982128988828,987.9810556493144,982.794487389596,False,False,False,False,none,,,,
4.8,4.0,13.985182369784695,13.952082523472468,989.9175955046222,984.7173479753932,False,False,False,False,none,,,,
5.6,0.2,57.97146702316152,57.155479927955426,20002.06800720407,19429.209637479,False,False,False,False,none,,,,
5.6,0.39,57.974464210454144,57.15838736334343,20004.187504374728,19431.236008504096,False,False,False,False,none,,,,
5.6,0.5800000000000001,57.97746133527802,57.1612947311,20006.307069655497,19433.262438053753,False,False,False,False,none,,,,
5.6,0.77,57.98045839751931,57.16420203111446,20008.42670295883,19435.28892604344,False,False,False,False,none,,,,
5.6,0.96,57.98345539719626,57.16710926340444,20010.546404290613,19437.315472478054,False,False,False,False,none,,,,
5.6,1.15,57.986452334278525,57.170016427940496,20012.666173622343,19439.342077329704,False,False,False,False,none,,,,
5.6,1.34,57.989449208726725,57.17292352468411,20014.78601091914,19441.36874056414,False,False,False,False,none,,,,
5.6,1.53,57.99244602052467,57.175830553619505,20016.905916162486,19443.39546216297,False,False,False,False,none,,,,
5.6,1.72,57.995442769655206,57.17873751473001,20019.025889333232,19445.42224210718,False,False,False,False,none,,,,
5.6,1.91,57.99843945609505,57.18164440799283,20021.145930407853,19447.449080373484,False,False,False,False,none,,,,
5.6,2.1,58.001436079802886,57.18455123336754,20023.266039350074,19449.4759769263,False,False,False,False,none,,,,
5.6,2.29,58.004432640766765,57.18745799084276,20025.386216144387,19451.502931750285,False,False,False,False,none,,,,
5.6,2.4800000000000004,58.007429138968696,57.19036468040072,20027.50646077101,19453.52994482565,False,False,False,False,none,,,,
5.6,2.6700000000000004,58.010425574363595,57.19327130199747,20029.626773190997,19455.55701611434,False,False,False,False,none,,,,
5.6,2.8600000000000003,58.01342194694861,57.19617785563032,20031.747153395256,19457.58414560707,False,False,False,False,none,,,,
5.6,3.0500000000000003,58.016418256691786,57.19908434126797,20033.86760135414,19459.611333274595,False,False,False,False,none,,,,
5.6,3.24,58.01941450356331,57.20199075888142,20035.988117039473,19461.6385790893,False,False,False,False,none,,,,
5.6,3.43,58.02241068754314,57.204897108451014,20038.10870043,19463.665883030026,False,False,False,False,none,,,,
5.6,3.62,58.02540680860487,57.207803389951096,20040.22935149997,19465.69324507148,False,False,False,False,none,,,,
5.6,3.81,58.02840286672944,57.21070960336299,20042.35007022882,19467.72066519321,False,False,False,False,none,,,,
5.6,4.0,58.03139886189962,57.21361574867004,20044.470856597283,19469.74814337617,False,False,False,False,none,,,,
6.4,0.2,59.87793765425128,56.74132997822468,21372.93245184063,19141.642523492184,False,False,False,False,none,,,,
6.4,0.39,59.87809003339392,56.7414623020532,21373.04383721079,19141.73406080985,False,False,False,False,none,,,,
6.4,0.5800000000000001,59.878242411952584,56.74159462527837,21373.155222444308,19141.825597928997,False,False,False,False,none,,,,
6.4,0.77,59.878394789109905,56.7417269471222,21373.26660694373,19141.917134311443,False,False,False,False,none,,,,
6.4,0.96,59.87854716495072,56.74185926767762,21373.37799077104,19142.008670021467,False,False,False,False,none,,,,
6.4,1.15,59.878699539754265,56.7419915871971,21373.48937413035,19142.100205233713,False,False,False,False,none,,,,
6.4,1.34,59.87885191355776,56.742123905713214,21373.60075704886,19142.19173997071,False,False,False,False,none,,,,
6.4,1.53,59.87900428607789,56.74225622296802,21373.712139319472,19142.28327405401,False,False,False,False,none,,,,
6.4,1.72,59.879156657511835,56.742388539142105,21373.823521086313,19142.374807608543,False,False,False,False,none,,,,
6.4,1.91,59.87930902769548,56.742520854083686,21373.93490222941,19142.466340529296,False,False,False,False,none,,,,
6.4,2.1,59.87946139685846,56.74265316800603,21374.046282916617,19142.5578729638,False,False,False,False,none,,,,
6.4,2.29,59.87961376478851,56.742785480711476,21374.15766299277,19142.649404775304,False,False,False,False,none,,,,
6.4,2.4800000000000004,59.87976613165236,56.74291779235502,21374.269042579712,19142.74093607104,False,False,False,False,none,,,,
6.4,2.6700000000000004,59.87991849732328,56.74305010282024,21374.38042158483,19142.832466770444,False,False,False,False,none,,,,
6.4,2.8600000000000003,59.880070861825274,56.74318241212692,21374.491800025666,19142.923996887213,False,False,False,False,none,,,,
6.4,3.0500000000000003,59.88022322523049,56.74331472034424,21374.60317795492,19143.015526469193,False,False,False,False,none,,,,
6.4,3.24,59.88037558750084,56.74344702743626,21374.714555344777,19143.107055491524,False,False,False,False,none,,,,
6.4,3.43,59.8805279485592,56.743579333331944,21374.825932138836,19143.198583905043,False,False,False,False,none,,,,
6.4,3.62,59.8806803085504,56.74371163816313,21374.937308442968,19143.29011180095,False,False,False,False,none,,,,
6.4,3.81,59.880832667325215,56.743843941794026,21375.04868414808,19143.381639085317,False,False,False,False,none,,,,
6.4,4.0,59.88098502500069,56.743976244333275,21375.160059339716,19143.47316583329,False,False,False,False,none,,,,
7.2,0.2,3.531491925587209,3.2084836756448523,28.395361430271677,20.441332531711964,False,False,False,False,none,,,,
7.2,0.39,3.5314922321019044,3.2084838730124896,28.39536959694224,20.441336993414097,False,False,False,False,none,,,,
7.2,0.5800000000000001,3.531492538646794,3.208484070413222,28.39537776441846,20.44134145586483,False,False,False,False,none,,,,
7.2,0.77,3.53149284512129,3.208484267753399,28.39538593002032,20.44134591694717,False,False,False,False,none,,,,
7.2,0.96,3.5314931515720787,3.208484465073489,28.3953940949917,20.441350377575898,False,False,False,False,none,,,,
7.2,1.15,3.5314934580778625,3.208484662438456,28.39540226142953,20.441354839219603,False,False,False,False,none,,,,
7.2,1.34,3.531493764552497,3.208484859776227,28.3954104270386,20.441359300249005,False,False,False,False,none,,,,
7.2,1.53,3.5314940709985465,3.2084850570922994,28.39541859188723,20.441363760788356,False,False,False,False,none,,,,
7.2,1.72,3.531494377482133,3.208485254438837,28.39542675773716,20.441368222016912,False,False,False,False,none,,,,
7.2,1.91,3.5314946839284524,3.2084854517531305,28.39543492259533,20.441372682517027,False,False,False,False,none,,,,
7.2,2.1,3.531494990413385,3.2084856491007083,28.39544308848348,20.441377143770065,False,False,False,False,none,,,,
7.2,2.29,3.531495296878132,3.208485846432072,28.395451253834977,20.441381604657053,False,False,False,False,none,,,,
7.2,2.4800000000000004,3.531495603352937,3.2084860437712197,28.395459419455623,20.44138606572049,False,False,False,False,none,,,,
7.2,2.6700000000000004,3.531495909825399,3.2084862411088806,28.395467585015034,20.4413905267508,False,False,False,False,none,,,,
7.2,2.8600000000000003,3.5314962163082035,3.2084864384550436,28.395475750851176,20.4413949879738,False,False,False,False,none,,,,
7.2,3.0500000000000003,3.5314965227657336,3.2084866357793422,28.395483916015085,20.441399448703024,False,False,False,False,none,,,,
7.2,3.24,3.531496829223196,3.2084868331035508,28.395492081178364,20.44140390943069,False,False,False,False,none,,,,
7.2,3.43,3.5314971356979603,3.2084870304429707,28.3955002468038,20.44140837050271,False,False,False,False,none,,,,
7.2,3.62,3.5314974421670904,3.208487227777221,28.395508412280304,20.44141283145836,False,False,False,False,none,,,,
7.2,3.81,3.5314977486247794,3.2084874251019926,28.395516577453147,20.44141729220022,False,False,False,False,none,,,,
7.2,4.0,3.5314980550918915,3.2084876224345065,28.395524742878223,20.441421753117584,False,False,False,False,none,,,,
8.0,0.2,2.3246521536048403,2.05459625920971,5.343635032287933,2.6781016410709104,False,True,True,False,upper_gain,0.4570846900113364,1.0492770545005206,0.90827978460839,0.0
8.0,0.39,2.3246521508226894,2.0545962518101093,5.34363500013141,2.678101580524026,False,True,True,False,upper_gain,0.4570846712642622,1.0492770524304518,0.908279788192194,4.440892098500626e-16
8.0,0.5800000000000001,2.3246521482800184,2.054596244661584,5.3436349707428334,2.6781015220315525,False,True,True,False,upper_gain,0.4570846534263771,1.0492770504607765,0.908279791602192,0.0
8.0,0.77,2.324652145266301,2.0545962371079343,5.343634935909831,2.678101460224169,False,True,True,False,upper_gain,0.4570846339621551,1.0492770483115197,0.9082797953230902,0.0
8.0,0.96,2.324652142568826,2.054596229812258,5.343634904732005,2.6781014005276464,False,True,True,False,upper_gain,0.4570846155642152,1.0492770462800023,0.9082797988401516,0.0
8.0,1.15,2.3246521394301163,2.0545962221497858,5.343634868454321,2.6781013378298235,False,True,True,False,upper_gain,0.4570845956660281,1.0492770440828267,0.9082798026440094,4.440892098500626e-16
8.0,1.34,2.3246521367002617,2.0545962148194077,5.343634836902248,2.6781012778493514,False,True,True,False,upper_gain,0.4570845771437807,1.0492770420375834,0.9082798061848344,0.0
8.0,1.53,2.324652133521689,2.0545962071233643,5.343634800163824,2.6781012148768415,False,True,True,False,upper_gain,0.4570845571092676,1.0492770398253546,0.908279810014753,0.0
8.0,1.72,2.324652130737942,2.054596199758533,5.3436347679888545,2.678101154614458,False,True,True,False,upper_gain,0.4570845384226741,1.049277037761964,0.9082798135869952,4.440892098500626e-16
8.0,1.91,2.3246521278060612,2.0545961922674367,5.3436347341017285,2.6781010933189195,False,True,True,False,upper_gain,0.4570845192267067,1.049277035642328,0.9082798172566126,0.0
8.0,2.1,2.3246521249152026,2.054596184811897,5.343634700688747,2.678101032314321,False,True,True,False,upper_gain,0.4570845001728796,1.0492770335383874,0.9082798208990576,0.0
8.0,2.29,2.3246521219185805,2.0545961772661103,5.343634666053334,2.6781009705712817,False,True,True,False,upper_gain,0.4570844807551994,1.0492770313942696,0.9082798246110588,0.0
8.0,2.4800000000000004,2.3246521190467324,2.0545961698237765,5.34363463286008,2.678100909674741,False,True,True,False,upper_gain,0.4570844617612683,1.0492770292969429,0.9082798282420536,4.440892098500626e-16
8.0,2.6700000000000004,2.3246521161219835,2.0545961623400006,5.343634599055388,2.6781008484391036,False,True,True,False,upper_gain,0.4570844425920948,1.0492770271802654,0.9082798319065488,0.0
8.0,2.8600000000000003,2.3246521131865143,2.0545961548440377,5.343634565126791,2.6781007871037468,False,True,True,False,upper_gain,0.457084423380493,1.0492770250589032,0.9082798355791548,0.0
8.0,3.0500000000000003,2.324652110214771,2.0545961473205105,5.343634530778932,2.6781007255428477,False,True,True,False,upper_gain,0.4570844040502855,1.049277022924444,0.9082798392744345,0.0
8.0,3.24,2.324652107333641,2.054596139871654,5.343634497478395,2.6781006645929373,False,True,True,False,upper_gain,0.4570843850269762,1.0492770208238733,0.9082798429110456,0.0
8.0,3.43,2.324652104382522,2.0545961323634434,5.343634463368917,2.678100603157368,False,True,True,False,upper_gain,0.4570843657635584,1.0492770186967897,0.9082798465935572,0.0
8.0,3.62,2.3246521014889883,2.0545961249082847,5.3436344299250145,2.6781005421558923,False,True,True,False,upper_gain,0.4570843467053941,1.04927701659237,0.9082798502368312,4.440892098500626e-16
8.0,3.81,2.32465209850056,2.054596117368384,5.343634395384309,2.6781004804610204,False,True,True,False,upper_gain,0.4570843273138873,1.0492770144511423,0.9082798539438292,4.440892098500626e-16
8.0,4.0,2.3246520956144257,2.054596109916038,5.343634362025932,2.6781004194825626,False,True,True,False,upper_gain,0.4570843082747914,1.0492770123488282,0.908279857583458,0.0
8.8,0.2,1.583700040283578,1.3275105294002574,0.2109106550011761,0.0328420209239433,True,True,False,False,none,,,,
8.8,0.39,1.5837000387135465,1.3275105279402128,0.2109106513959906,0.0328420222469165,True,True,False,False,none,,,,
8.8,0.5800000000000001,1.583700037274428,1.3275105266189198,0.2109106480914138,0.0328420234441645,True,True,False,False,none,,,,
8.8,0.77,1.583700033696034,1.3275105234549145,0.2109106398745255,0.0328420263111282,True,True,False,False,none,,,,
8.8,0.96,1.5837000320648118,1.327510521850716,0.2109106361288307,0.0328420277647219,True,True,False,False,none,,,,
8.8,1.15,1.5837000293677848,1.3275105194209382,0.2109106299357813,0.0328420299663885,True,True,False,False,none,,,,
8.8,1.34,1.5837000263683536,1.3275105167376562,0.2109106230483365,0.03284203239776,True,True,False,False,none,,,,
8.8,1.53,1.583700023575595,1.3275105142000918,0.2109106166354635,0.0328420346970942,True,True,False,False,none,,,,
8.8,1.72,1.583700021451966,1.32751051222041,0.2109106117590802,0.0328420364909206,True,True,False,False,none,,,,
8.8,1.91,1.5837000189827792,1.3275105099565738,0.2109106060892092,0.0328420385422248,True,True,False,False,none,,,,
8.8,2.1,1.583700016079484,1.3275105073581888,0.2109105994225171,0.0328420408966699,True,True,False,False,none,,,,
8.8,2.29,1.5837000138984747,1.3275105053354748,0.2109105944143739,0.0328420427294888,True,True,False,False,none,,,,
8.8,2.4800000000000004,1.5837000112891717,1.3275105029781786,0.2109105884227615,0.0328420448654789,True,True,False,False,none,,,,
8.8,2.6700000000000004,1.5837000081751258,1.327510500188056,0.2109105812721332,0.0328420473936613,True,True,False,False,none,,,,
8.8,2.8600000000000003,1.5837000060374633,1.3275104982068782,0.2109105763635255,0.0328420491888437,True,True,False,False,none,,,,
8.8,3.0500000000000003,1.5837000032005035,1.3275104956472048,0.2109105698491565,0.0328420515082118,True,True,False,False,none,,,,
8.8,3.24,1.5837000002996695,1.327510493038182,0.2109105631881168,0.0328420538722965,True,True,False,False,none,,,,
8.8,3.43,1.5836999981471251,1.3275104910456532,0.2109105582453363,0.0328420556777644,True,True,False,False,none,,,,
8.8,3.62,1.5836999954457505,1.3275104886018272,0.2109105520423048,0.0328420578921613,True,True,False,False,none,,,,
8.8,3.81,1.5836999926396729,1.3275104860713025,0.2109105455988493,0.0328420601851175,True,True,False,False,none,,,,
8.8,4.0,1.5836999898941426,1.3275104835818845,0.2109105392944258,0.0328420624408265,True,True,False,False,none,,,,
9.6,0.2,1.000000001434018,0.820042671694541,0.9999999928299096,2.102190641595036,True,True,False,False,none,,,,
9.6,0.39,1.0000000045309438,0.8200426743306519,0.9999999773452805,2.1021906224846383,True,True,False,False,none,,,,
9.6,0.5800000000000001,0.9999999954198678,0.8200426669657976,1.0000000229006605,2.102190675875904,True,True,False,False,none,,,,
9.6,0.77,0.9999999984724518,0.8200426694678035,1.0000000076377402,2.1021906577376956,True,True,False,False,none,,,,
9.6,0.96,1.0000000022905513,0.8200426725178329,0.999999988547243,2.1021906356266093,True,True,False,False,none,,,,
9.6,1.15,1.0000000023406002,0.8200426726511919,0.9999999882969988,2.1021906346598276,True,True,False,False,none,,,,
9.6,1.34,1.0000000001069402,0.8200426707914733,0.9999999994652984,2.1021906481417956,True,True,False,False,none,,,,
9.6,1.53,0.9999999985709598,0.820042669512265,1.0000000071452004,2.1021906574153735,True,True,False,False,none,,,,
9.6,1.72,1.000000000104729,0.8200426707819133,0.9999999994763562,2.102190648211101,True,True,False,False,none,,,,
9.6,1.91,0.9999999998666091,0.8200426705313619,1.0000000006669536,2.1021906500274645,True,True,False,False,none,,,,
9.6,2.1,0.9999999982883622,0.8200426692719913,1.0000000085581884,2.1021906591572295,True,True,False,False,none,,,,
9.6,2.29,0.9999999976953462,0.8200426687801,1.0000000115232686,2.1021906627231792,True,True,False,False,none,,,,
9.6,2.4800000000000004,0.9999999996783822,0.8200426703854276,1.0000000016080888,2.1021906510854107,True,True,False,False,none,,,,
9.6,2.6700000000000004,0.9999999991527646,0.820042669952299,1.0000000042361763,2.102190654225361,True,True,False,False,none,,,,
9.6,2.8600000000000003,0.9999999987043342,0.8200426695828194,1.0000000064783283,2.1021906569038924,True,True,False,False,none,,,,
9.6,3.0500000000000003,0.9999999963696508,0.8200426676806323,1.000000018151745,2.1021906706937337,True,True,False,False,none,,,,
9.6,3.24,0.999999996782424,0.8200426679937926,1.0000000160878797,2.102190668423489,True,True,False,False,none,,,,
9.6,3.43,0.9999999979727464,0.8200426689835372,1.000000010136267,2.102190661248368,True,True,False,False,none,,,,
9.6,3.62,0.9999999965620612,0.8200426678157594,1.0000000171896928,2.102190669714134,True,True,False,False,none,,,,
9.6,3.81,0.9999999965813634,0.8200426678345653,1.0000000170931824,2.102190669577802,True,True,False,False,none,,,,
9.6,4.0,0.9999999954850552,0.820042666927148,1.0000000225747232,2.1021906761560927,True,True,False,False,none,,,,
10.4,0.2,0.4950631213671748,0.4025434602375408,5.1181922144357515,6.218247179468111,False,False,False,False,none,,,,
10.4,0.39,0.4950631218312696,0.4025434605012522,5.118192209186046,6.218247176180103,False,False,False,False,none,,,,
10.4,0.5800000000000001,0.4950631234831986,0.4025434618096316,5.118192190499902,6.2182471598669595,False,False,False,False,none,,,,
10.4,0.77,0.4950631308746205,0.4025434676953519,5.118192106890274,6.218247086482584,False,False,False,False,none,,,,
10.4,0.96,0.4950631462619194,0.4025434802647548,5.1181919328336,6.218246929764671,False,False,False,False,none,,,,
10.4,1.15,0.4950631430585386,0.4025434776592287,5.118191969069317,6.218246962250909,False,False,False,False,none,,,,
10.4,1.34,0.4950631407072159,0.4025434757465886,5.118191995666799,6.218246986098099,False,False,False,False,none,,,,
10.4,1.53,0.4950631384269207,0.4025434738903873,5.118192021460839,6.218247009241602,False,False,False,False,none,,,,
10.4,1.72,0.4950631371507257,0.4025434728525525,5.118192035896787,6.218247022181539,False,False,False,False,none,,,,
10.4,1.91,0.495063144673535,0.4025434789943281,5.118191950800944,6.218246945604612,False,False,False,False,none,,,,
10.4,2.1,0.4950631430270487,0.4025434776530868,5.118191969425521,6.218246962327485,False,False,False,False,none,,,,
10.4,2.29,0.4950631435791757,0.4025434780632825,5.1181919631800215,6.218246957213082,False,False,False,False,none,,,,
10.4,2.4800000000000004,0.4950631422688155,0.402543476998884,5.118191978002437,6.2182469704842225,False,False,False,False,none,,,,
10.4,2.6700000000000004,0.4950631472860923,0.4025434810973818,5.118191921248454,6.218246919383304,False,False,False,False,none,,,,
10.4,2.8600000000000003,0.4950631456556934,0.4025434797705624,5.1181919396910525,6.218246935926365,False,False,False,False,none,,,,
10.4,3.0500000000000003,0.4950631444608016,0.4025434787986788,5.118191953207323,6.218246948044009,False,False,False,False,none,,,,
10.4,3.24,0.495063143429477,0.4025434779598978,5.118191964873368,6.218246958502103,False,False,False,False,none,,,,
10.4,3.43,0.4950631487629707,0.402543482286482,5.118191904542432,6.218246904557359,False,False,False,False,none,,,,
10.4,3.62,0.4950631473764357,0.4025434811587433,5.118191920226514,6.218246918618237,False,False,False,False,none,,,,
10.4,3.81,0.4950631463540045,0.4025434803277555,5.1181919317919595,6.218246928979166,False,False,False,False,none,,,,
10.4,4.0,0.4950631454097312,0.4025434795602288,5.118191942473306,6.2182469385488455,False,False,False,False,none,,,,
11.2,0.2,0.151994564901022,0.1232106207530341,9.73448478772868,10.188694493486574,False,False,False,False,none,,,,
11.2,0.39,0.1519945006166038,0.1232105686212639,9.734485790569998,10.188695325502724,False,False,False,False,none,,,,
11.2,0.5800000000000001,0.1519945382581022,0.1232105991523613,9.734485203360045,10.18869483823045,False,False,False,False,none,,,,
11.2,0.77,0.151994567056011,0.1232106224732111,9.734484754110705,10.188694466032777,False,False,False,False,none,,,,
11.2,0.96,0.1519945766478731,0.1232106302605516,9.734484604477007,10.188694341747857,False,False,False,False,none,,,,
11.2,1.15,0.1519945830705956,0.1232106354749641,9.7344845042821,10.188694258526532,False,False,False,False,none,,,,
11.2,1.34,0.1519945933840361,0.1232106438223691,9.734484343391731,10.188694125303051,False,False,False,False,none,,,,
11.2,1.53,0.1519945744396832,0.1232106284630567,9.734484638924922,10.188694370435638,False,False,False,False,none,,,,
11.2,1.72,0.1519945601319196,0.1232106168635638,9.734484862127,10.188694555562003,False,False,False,False,none,,,,
11.2,1.91,0.1519945656417441,0.1232106213356474,9.734484776173366,10.188694484188144,False,False,False,False,none,,,,
11.2,2.1,0.1519945700785556,0.1232106249368597,9.734484706958806,10.188694426713274,False,False,False,False,none,,,,
11.2,2.29,0.1519945771914363,0.1232106306957076,9.734484595997383,10.188694334802824,False,False,False,False,none,,,,
11.2,2.4800000000000004,0.151994580127911,0.1232106330802128,9.734484550188178,10.188694296746442,False,False,False,False,none,,,,
11.2,2.6700000000000004,0.1519945696546372,0.1232106245883636,9.73448471357196,10.188694432275224,False,False,False,False,none,,,,
11.2,2.8600000000000003,0.1519945759017993,0.1232106296473837,9.734484616115807,10.188694351533936,False,False,False,False,none,,,,
11.2,3.0500000000000003,0.1519945778264061,0.1232106312108243,9.734484586091808,10.188694326581633,False,False,False,False,none,,,,
11.2,3.24,0.1519945676696714,0.1232106229844249,9.73448474453756,10.188694457873872,False,False,False,False,none,,,,
11.2,3.43,0.1519945730352744,0.1232106273294122,9.73448466083379,10.188694388528456,False,False,False,False,none,,,,
11.2,3.62,0.1519945747630921,0.1232106287324919,9.734484633879717,10.188694366135488,False,False,False,False,none,,,,
11.2,3.81,0.1519945705703201,0.1232106253261088,9.734484699287249,10.18869442050091,False,False,False,False,none,,,,
11.2,4.0,0.1519945722909788,0.1232106267234124,9.734484672444855,10.188694398200132,False,False,False,False,none,,,,
12.0,0.2,0.0381623276974709,0.0309252264121863,11.591261535639813,11.714785847965764,False,False,False,False,none,,,,
12.0,0.39,0.0381622598448224,0.0309251714023829,11.591262690693506,11.714786789372464,False,False,False,False,none,,,,
12.0,0.5800000000000001,0.0381623166820765,0.0309252174643829,11.59126172315455,11.71478600109342,False,False,False,False,none,,,,
12.0,0.77,0.0381622662330589,0.0309251765939813,11.591262581946737,11.71478670052638,False,False,False,False,none,,,,
12.0,0.96,0.0381622992914469,0.0309252033822711,11.59126201919474,11.71478624208672,False,False,False,False,none,,,,
12.0,1.15,0.0381622786261297,0.0309251866289546,11.59126237097984,11.714786528793514,False,False,False,False,none,,,,
12.0,1.34,0.0381623025790234,0.030925206040208,11.59126196323042,11.71478619660029,False,False,False,False,none,,,,
12.0,1.53,0.0381622771769213,0.0309251854603096,11.591262395649675,11.714786548793043,False,False,False,False,none,,,,
12.0,1.72,0.0381622660927205,0.030925176473396,11.59126258433571,11.71478670259001,False,False,False,False,none,,,,
12.0,1.91,0.0381622569527425,0.0309251690631192,11.591262739925297,11.714786829405304,False,False,False,False,none,,,,
12.0,2.1,0.0381622729123122,0.0309251819966501,11.591262468245995,11.714786608068154,False,False,False,False,none,,,,
12.0,2.29,0.0381622595809511,0.030925171197176,11.591262695185376,11.714786792884256,False,False,False,False,none,,,,
12.0,2.4800000000000004,0.0381622787306243,0.0309251867096193,11.591262369201033,11.714786527413064,False,False,False,False,none,,,,
12.0,2.6700000000000004,0.0381622668764085,0.0309251771067725,11.59126257099501,11.714786691750762,False,False,False,False,none,,,,
12.0,2.8600000000000003,0.0381622779357106,0.0309251860690538,11.591262382732824,11.71478653837534,False,False,False,False,none,,,,
12.0,3.0500000000000003,0.0381622667283954,0.0309251769896511,11.591262573514634,11.714786693755109,False,False,False,False,none,,,,
12.0,3.24,0.0381622818819095,0.0309251892652168,11.591262315556794,11.714786483678012,False,False,False,False,none,,,,
12.0,3.43,0.0381622716974316,0.0309251810144903,11.591262488926873,11.714786624876284,False,False,False,False,none,,,,
12.0,3.62,0.0381622809276318,0.030925188494552,11.591262331801437,11.714786496866733,False,False,False,False,none,,,,
12.0,3.81,0.0381622718065174,0.0309251811051648,11.591262487069908,11.714786623324532,False,False,False,False,none,,,,
12.0,4.0,0.0381622830987695,0.0309251902523873,11.591262294842222,11.714786466784131,False,False,False,False,none,,,,
12.8,0.2,0.0023614708275849,0.0019133368486722,12.208709113920197,12.216539485510085,False,False,False,False,none,,,,
12.8,0.39,0.0023613959137479,0.0019132761535796,12.208710422701042,12.216540546222603,False,False,False,False,none,,,,
12.8,0.5800000000000001,0.0023614188389863,0.0019132947266193,12.208710022186066,12.2165402216386,False,False,False,False,none,,,,
12.8,0.77,0.0023614247094516,0.0019132994834849,12.208709919626209,12.216540138507218,False,False,False,False,none,,,,
12.8,0.96,0.00236143286816,0.0019133060931477,12.20870977708964,12.2165400229962,False,False,False,False,none,,,,
12.8,1.15,0.002361397209312,0.0019132772015396,12.208710400066913,12.216540527908364,False,False,False,False,none,,,,
12.8,1.34,0.0023614037282157,0.001913282483615,12.208710286178516,12.216540435598372,False,False,False,False,none,,,,
12.8,1.53,0.0023614113794512,0.001913288682422,12.208710152507743,12.2165403272675,False,False,False,False,none,,,,
12.8,1.72,0.0023614148968366,0.0019132915325399,12.208710091057323,12.216540277458602,False,False,False,False,none,,,,
12.8,1.91,0.0023614074231625,0.0019132854770398,12.208710221626015,12.21654038328503,False,False,False,False,none,,,,
12.8,2.1,0.0023614106588717,0.001913288098883,12.208710165096615,12.216540337465478,False,False,False,False,none,,,,
12.8,2.29,0.0023614133143692,0.0019132902505912,12.208710118703792,12.216540299862046,False,False,False,False,none,,,,
12.8,2.4800000000000004,0.0023614173429092,0.0019132935143575,12.208710048323258,12.21654024282419,False,False,False,False,none,,,,
12.8,2.6700000000000004,0.0023614102063553,0.0019132877324092,12.208710173002292,12.216540343870005,False,False,False,False,none,,,,
12.8,2.8600000000000003,0.0023614139061123,0.0019132907298211,12.208710108365755,12.216540291486984,False,False,False,False,none,,,,
12.8,3.0500000000000003,0.0023614156976287,0.0019132921814744,12.2087100770671,12.216540266117768,False,False,False,False,none,,,,
12.8,3.24,0.00236141144432,0.0019132887352467,12.208710151374456,12.216540326344331,False,False,False,False,none,,,,
12.8,3.43,0.0023614144605886,0.0019132911789271,12.20871009867879,12.21654028363837,False,False,False,False,none,,,,
12.8,3.62,0.00236140934825,0.0019132870369841,12.208710187993807,12.216540356023309,False,False,False,False,none,,,,
12.8,3.81,0.0023614121422723,0.0019132893006103,12.208710139180893,12.21654031646399,False,False,False,False,none,,,,
12.8,4.0,0.0023614136168596,0.0019132904954565,12.20871011341914,12.216540295582757,False,False,False,False,none,,,,
13.6,0.2,0.0001778882187932,0.0001441265159517,12.246887153947478,12.247477915798669,False,False,False,False,none,,,,
13.6,0.39,0.0001779012396004,0.000144137065369,12.246886926112309,12.247477731202876,False,False,False,False,none,,,,
13.6,0.5800000000000001,0.0001779207979586,0.0001441529117423,12.246886583884535,12.247477453919894,False,False,False,False,none,,,,
13.6,0.77,0.0001779199072693,0.0001441521900556,12.246886599469615,12.24747746654811,False,False,False,False,none,,,,
13.6,0.96,0.000177905462263,0.0001441404866881,12.246886852225105,12.247477671335954,False,False,False,False,none,,,,
13.6,1.15,0.0001779074434574,0.0001441420918309,12.24688681755861,12.24747764324885,False,False,False,False,none,,,,
13.6,1.34,0.0001779149917968,0.0001441482075642,12.246886685479454,12.247477536234536,False,False,False,False,none,,,,
13.6,1.53,0.0001779149860174,0.0001441482028558,12.24688668558058,12.24747753631692,False,False,False,False,none,,,,
13.6,1.72,0.0001779138980151,0.0001441473213758,12.246886704618202,12.247477551741232,False,False,False,False,none,,,,
13.6,1.91,0.0001779084343979,0.000144142894707,12.246886800219352,12.24747762919996,False,False,False,False,none,,,,
13.6,2.1,0.0001779131852523,0.0001441467438919,12.246886717089964,12.247477561846164,False,False,False,False,none,,,,
13.6,2.29,0.0001779135393906,0.0001441470308011,12.246886710893332,12.247477556825766,False,False,False,False,none,,,,
13.6,2.4800000000000004,0.0001779136267562,0.0001441471015702,12.246886709364627,12.24747755558744,False,False,False,False,none,,,,
13.6,2.6700000000000004,0.0001779121532983,0.0001441459078119,12.246886735146864,12.247477576476054,False,False,False,False,none,,,,
13.6,2.8600000000000003,0.0001779123387879,0.0001441460580818,12.246886731901212,12.247477573846604,False,False,False,False,none,,,,
13.6,3.0500000000000003,0.0001779126409144,0.0001441463028545,12.246886726614669,12.247477569563518,False,False,False,False,none,,,,
13.6,3.24,0.0001779129231372,0.0001441465315026,12.2468867216764,12.247477565562594,False,False,False,False,none,,,,
13.6,3.43,0.0001779154452104,0.0001441485749095,12.246886677545726,12.247477529806652,False,False,False,False,none,,,,
13.6,3.62,0.0001779119655282,0.0001441457556657,12.246886738432424,12.24747757913834,False,False,False,False,none,,,,
13.6,3.81,0.0001779121141309,0.000144145876054,12.246886735832208,12.24747757703176,False,False,False,False,none,,,,
13.6,4.0,0.0001779123677544,0.0001441460815327,12.246886731394358,12.247477573436257,False,False,False,False,none,,,,
14.4,0.2,4.38804949276768e-05,3.555215722875394e-05,12.249232103373124,12.249377845148215,False,False,False,False,none,,,,
14.4,0.39,4.388865301973815e-05,3.555876691906743e-05,12.249231960610992,12.249377729481578,False,False,False,False,none,,,,
14.4,0.5800000000000001,4.3864849650221055e-05,3.553948133856342e-05,12.2492323771569,12.249378066970666,False,False,False,False,none,,,,
14.4,0.77,4.387274034038215e-05,3.5545874398618486e-05,12.249232239074148,12.249377955094952,False,False,False,False,none,,,,
14.4,0.96,4.387751369453848e-05,3.5549741784012085e-05,12.249232155543067,12.249377887417426,False,False,False,False,none,,,,
14.4,1.15,4.387733824843768e-05,3.554959965283576e-05,12.24923215861328,12.24937788990466,False,False,False,False,none,,,,
14.4,1.34,4.388010626682959e-05,3.555184230713704e-05,12.249232110174477,12.249377850659204,False,False,False,False,none,,,,
14.4,1.53,4.388218367425226e-05,3.555352542697359e-05,12.249232073820984,12.249377821205355,False,False,False,False,none,,,,
14.4,1.72,4.388155334759185e-05,3.555301474372348e-05,12.249232084851355,12.249377830142086,False,False,False,False,none,,,,
14.4,1.91,4.3884855709193786e-05,3.5555690314336226e-05,12.24923202706184,12.249377783320789,False,False,False,False,none,,,,
14.4,2.1,4.388594192858657e-05,3.555657037165061e-05,12.249232008053598,12.24937776792018,False,False,False,False,none,,,,
14.4,2.29,4.38851211677355e-05,3.555590539600712e-05,12.249232022416464,12.24937777955696,False,False,False,False,none,,,,
14.4,2.4800000000000004,4.388605141676058e-05,3.55566590853795e-05,12.249232006137614,12.24937776636773,False,False,False,False,none,,,,
14.4,2.6700000000000004,4.388681883163355e-05,3.555728084613372e-05,12.249231992708271,12.249377755487192,False,False,False,False,none,,,,
14.4,2.8600000000000003,4.388610511796693e-05,3.555670259866514e-05,12.249232005197872,12.249377765606264,False,False,False,False,none,,,,
14.4,3.0500000000000003,4.3886773584524075e-05,3.555724419105683e-05,12.249231993500072,12.24937775612864,False,False,False,False,none,,,,
14.4,3.24,4.388386466592955e-05,3.555488736768516e-05,12.249232044404554,12.249377797372,False,False,False,False,none,,,,
14.4,3.43,4.388343176464683e-05,3.555453663458829e-05,12.249232051980089,12.249377803509672,False,False,False,False,none,,,,
14.4,3.62,4.388413661723619e-05,3.555510770752015e-05,12.249232039645555,12.24937779351615,False,False,False,False,none,,,,
14.4,3.81,4.3884789908024714e-05,3.5555637005042445e-05,12.249232028213324,12.249377784253678,False,False,False,False,none,,,,
14.4,4.0,4.388437598857142e-05,3.5555301650233506e-05,12.249232035456687,12.24937779012224,False,False,False,False,none,,,,
15.2,0.2,1.207381147064653e-05,9.78223946132526e-06,12.249788709210367,12.2498288114075,False,False,False,False,none,,,,
15.2,0.39,1.2097332437890991e-05,9.801296216091372e-06,12.249788297596997,12.24982847791662,False,False,False,False,none,,,,
15.2,0.5800000000000001,1.2107313353655294e-05,9.809382783148224e-06,12.249788122932475,12.249828336402691,False,False,False,False,none,,,,
15.2,0.77,1.2110958687112602e-05,9.81233624255954e-06,12.249788059139696,12.249828284717514,False,False,False,False,none,,,,
15.2,0.96,1.2113160887139434e-05,9.81412047120997e-06,12.249788020601526,12.249828253493732,False,False,False,False,none,,,,
15.2,1.15,1.2111396378236875e-05,9.81269086287842e-06,12.249788051480165,12.249828278511702,False,False,False,False,none,,,,
15.2,1.34,1.21129116878986e-05,9.813918570777788e-06,12.249788024962475,12.249828257026968,False,False,False,False,none,,,,
15.2,1.53,1.2114760444361582e-05,9.815416438543051e-06,12.249787992609516,12.249828230814462,False,False,False,False,none,,,,
15.2,1.72,1.211556943904153e-05,9.816071888131928e-06,12.249787978452233,12.249828219344176,False,False,False,False,none,,,,
15.2,1.91,1.211621748506781e-05,9.816596936703996e-06,12.249787967111525,12.249828210155892,False,False,False,False,none,,,,
15.2,2.1,1.2117265494006092e-05,9.81744603657263e-06,12.249787948771528,12.249828195296748,False,False,False,False,none,,,,
15.2,2.29,1.2123073277340835e-05,9.822151522381412e-06,12.249787847136204,12.249828112951322,False,False,False,False,none,,,,
15.2,2.4800000000000004,1.2122997471894612e-05,9.822090104229637e-06,12.249787848462784,12.249828114026135,False,False,False,False,none,,,,
15.2,2.6700000000000004,1.2123339547273857e-05,9.822367254503518e-06,12.249787842476517,12.249828109176036,False,False,False,False,none,,,,
15.2,2.8600000000000003,1.2123256120605544e-05,9.822299661699868e-06,12.24978784393647,12.249828110358903,False,False,False,False,none,,,,
15.2,3.0500000000000003,1.212354228994552e-05,9.82253151679218e-06,12.249787838928553,12.249828106301464,False,False,False,False,none,,,,
15.2,3.24,1.2121931627394527e-05,9.821226553716931e-06,12.2497878671149,12.24982812913816,False,False,False,False,none,,,,
15.2,3.43,1.2121977016622489e-05,9.821263327983384e-06,12.249787866320595,12.249828128494617,False,False,False,False,none,,,,
15.2,3.62,1.2122282839297578e-05,9.821511106283564e-06,12.249787860968748,12.249828124158528,False,False,False,False,none,,,,
15.2,3.81,1.2116346720718058e-05,9.81670164479754e-06,12.24978796484992,12.24982820832351,False,False,False,False,none,,,,
15.2,4.0,1.2116890904509029e-05,9.81714254402933e-06,12.24978795532679,12.249828200607828,False,False,False,False,none,,,,
16.0,0.2,1.769762108082172e-06,1.4338666112640988e-06,12.249969029182685,12.24997490734715,False,False,False,False,none,,,,
16.0,0.39,1.7711868688892193e-06,1.4350209568036003e-06,12.249969004249396,12.249974887146124,False,False,False,False,none,,,,
16.0,0.5800000000000001,1.7716751068651944e-06,1.435416528696797e-06,12.249968995705244,12.249974880223622,False,False,False,False,none,,,,
16.0,0.77,1.748901483299953e-06,1.4169652702934808e-06,12.249969394243156,12.249975203120316,False,False,False,False,none,,,,
16.0,0.96,1.7674753802336727e-06,1.4320138979560706e-06,12.249969069200366,12.2499749397696,False,False,False,False,none,,,,
16.0,1.15,1.7683404619059735e-06,1.4327147896666258e-06,12.24996905406146,12.249974927504008,False,False,False,False,none,,,,
16.0,1.34,1.7689587662605048e-06,1.4332157416698708e-06,12.249969043241144,12.249974918737356,False,False,False,False,none,,,,
16.0,1.53,1.7573069629673867e-06,1.423775415493892e-06,12.249969247147444,12.249975083942893,False,False,False,False,none,,,,
16.0,1.72,1.7590129254124828e-06,1.4251575913798423e-06,12.249969217293142,12.249975059754844,False,False,False,False,none,,,,
16.0,1.91,1.7603779918710764e-06,1.4262635723158065e-06,12.249969193404509,12.249975040400196,False,False,False,False,none,,,,
16.0,2.1,1.7614950602864645e-06,1.42716862449388e-06,12.249969173855837,12.2499750245618,False,False,False,False,none,,,,
16.0,2.29,1.7682447586607838e-06,1.4326372506079048e-06,12.249969055736264,12.249974928860938,False,False,False,False,none,,,,
16.0,2.4800000000000004,1.761462545643868e-06,1.427142281168189e-06,12.24996917442484,12.249975025022806,False,False,False,False,none,,,,
16.0,2.6700000000000004,1.762264917013633e-06,1.427792364847039e-06,12.249969160383358,12.249975013646356,False,False,False,False,none,,,,
16.0,2.8600000000000003,1.7629574188170768e-06,1.4283534318751376e-06,12.249969148264595,12.24997500382769,False,False,False,False,none,,,,
16.0,3.0500000000000003,1.7635657565209458e-06,1.4288463088986935e-06,12.249969137618695,12.249974995202352,False,False,False,False,none,,,,
16.0,3.24,1.7641024183787494e-06,1.4292811139378124e-06,12.249969128227129,12.249974987593273,False,False,False,False,none,,,,
16.0,3.43,1.7594036792796837e-06,1.4254741813532576e-06,12.24996921045496,12.249975054214524,False,False,False,False,none,,,,
16.0,3.62,1.763779597603297e-06,1.4290195636586784e-06,12.24996913387648,12.2499749921704,False,False,False,False,none,,,,
16.0,3.81,1.764225706294425e-06,1.4293810022479991e-06,12.249969126069592,12.249974985845228,False,False,False,False,none,,,,
16.0,4.0,1.7646292085580063e-06,1.42970792098291e-06,12.24996911900831,12.249974980124156,False,False,False,False,none,,,,
16.8,0.2,4.112171381496492e-07,3.331693629694478e-07,12.249992803701138,12.249994169536835,False,False,False,False,none,,,,
16.8,0.39,3.4135529730786674e-07,2.7656708903189865e-07,12.249994026283025,12.249995160076416,False,False,False,False,none,,,,
16.8,0.5800000000000001,3.413552973078667e-07,2.765670890318986e-07,12.249994026283025,12.249995160076416,False,False,False,False,none,,,,
16.8,0.77,3.5885936760891177e-07,2.907489395193988e-07,12.249993719961871,12.249994911894085,False,False,False,False,none,,,,
16.8,0.96,3.555781095029121e-07,2.8809045431695474e-07,12.249993777383873,12.249994958417563,False,False,False,False,none,,,,
16.8,1.15,3.488443926215382e-07,2.826347767040336e-07,12.249993895223886,12.249995053891904,False,False,False,False,none,,,,
16.8,1.34,3.513586772048495e-07,2.8467185755809977e-07,12.249993851223916,12.249995018242997,False,False,False,False,none,,,,
16.8,1.53,3.50193334138734e-07,2.837276930954168e-07,12.249993871617416,12.24999503476587,False,False,False,False,none,,,,
16.8,1.72,3.463208729950853e-07,2.805902134698705e-07,12.249993939385469,12.249995089671753,False,False,False,False,none,,,,
16.8,1.91,3.555781095029121e-07,2.8809045431695474e-07,12.249993777383873,12.249994958417563,False,False,False,False,none,,,,
16.8,2.1,3.538363155878899e-07,2.866792476398401e-07,12.249993807865255,12.249994983113677,False,False,False,False,none,,,,
16.8,2.29,3.450693698044521e-07,2.7957624179982324e-07,12.249993961286773,12.249995107416256,False,False,False,False,none,,,,
16.8,2.4800000000000004,3.5225707948237997e-07,2.853997457897477e-07,12.24999383550188,12.249995005504957,False,False,False,False,none,,,,
16.8,2.6700000000000004,3.496174212187033e-07,2.832610867505834e-07,12.24999388169589,12.24999504293148,False,False,False,False,none,,,,
16.8,2.8600000000000003,3.555781095029119e-07,2.880904543169547e-07,12.249993777383873,12.249994958417563,False,False,False,False,none,,,,
16.8,3.0500000000000003,3.4984094326489504e-07,2.83442184947884e-07,12.249993877784256,12.24999503976226,False,False,False,False,none,,,,
16.8,3.24,3.481443942144862e-07,2.820676358274677e-07,12.249993907473856,12.249995063816865,False,False,False,False,none,,,,
16.8,3.43,3.5317722897525546e-07,2.861452536807965e-07,12.24999381939927,12.24999499245857,False,False,False,False,none,,,,
16.8,3.62,3.511826790458841e-07,2.845292633475391e-07,12.249993854303888,12.249995020738396,False,False,False,False,none,,,,
16.8,3.81,3.507215898276638e-07,2.8415568747257016e-07,12.249993862372946,12.249995027275972,False,False,False,False,none,,,,
16.8,4.0,3.512001750968991e-07,2.845434386727601e-07,12.249993853997704,12.249995020490328,False,False,False,False,none,,,,
17.6,0.2,2.8653145600982752e-08,2.321486470532833e-08,12.249999498569954,12.249999593739869,False,False,False,False,none,,,,
17.6,0.39,2.8653145600982752e-08,2.321486470532833e-08,12.249999498569954,12.249999593739869,False,False,False,False,none,,,,
17.6,0.5800000000000001,2.8653145600982732e-08,2.3214864705328315e-08,12.249999498569954,12.249999593739869,False,False,False,False,none,,,,
17.6,0.77,2.8653145600982732e-08,2.3214864705328315e-08,12.249999498569954,12.249999593739869,False,False,False,False,none,,,,
17.6,0.96,2.8653145600982752e-08,2.321486470532833e-08,12.249999498569954,12.249999593739869,False,False,False,False,none,,,,
17.6,1.15,2.8653145600982752e-08,2.321486470532833e-08,12.249999498569954,12.249999593739869,False,False,False,False,none,,,,
17.6,1.34,2.8653145600982732e-08,2.3214864705328315e-08,12.249999498569954,12.249999593739869,False,False,False,False,none,,,,
17.6,1.53,2.8653145600982752e-08,2.321486470532833e-08,12.249999498569954,12.249999593739869,False,False,False,False,none,,,,
17.6,1.72,3.2115519051601026e-08,2.6020090085625085e-08,12.24999943797842,12.249999544648425,False,False,False,False,none,,,,
17.6,1.91,3.1700679346101044e-08,2.5683985708876244e-08,12.249999445238114,12.249999550530251,False,False,False,False,none,,,,
17.6,2.1,2.8653145600982752e-08,2.321486470532833e-08,12.249999498569954,12.249999593739869,False,False,False,False,none,,,,
17.6,2.29,2.8653145600982752e-08,2.321486470532833e-08,12.249999498569954,12.249999593739869,False,False,False,False,none,,,,
17.6,2.4800000000000004,2.8653145600982752e-08,2.321486470532833e-08,12.249999498569954,12.249999593739869,False,False,False,False,none,,,,
17.6,2.6700000000000004,2.8653145600982732e-08,2.3214864705328315e-08,12.249999498569954,12.249999593739869,False,False,False,False,none,,,,
17.6,2.8600000000000003,3.07131392580725e-08,2.4883877760211332e-08,12.249999462520064,12.249999564532136,False,False,False,False,none,,,,
17.6,3.0500000000000003,3.0558739805895676e-08,2.4758782859810797e-08,12.249999465222055,12.249999566721302,False,False,False,False,none,,,,
17.6,3.24,2.7986281384540223e-08,2.2674569313900704e-08,12.24999951024008,12.249999603195038,False,False,False,False,none,,,,
17.6,3.43,2.8653145600982732e-08,2.3214864705328315e-08,12.249999498569954,12.249999593739869,False,False,False,False,none,,,,
17.6,3.62,2.8653145600982752e-08,2.321486470532833e-08,12.249999498569954,12.249999593739869,False,False,False,False,none,,,,
17.6,3.81,2.8653145600982752e-08,2.321486470532833e-08,12.249999498569954,12.249999593739869,False,False,False,False,none,,,,
17.6,4.0,3.0119179866333295e-08,2.4402650075116594e-08,12.249999472914356,12.249999572953625,False,False,False,False,none,,,,
18.4,0.2,5.624039843630812e-52,4.556613986236447e-52,12.249999999999996,12.249999999999996,False,False,False,False,none,,,,
18.4,0.39,5.624039843630812e-52,4.556613986236447e-52,12.249999999999996,12.249999999999996,False,False,False,False,none,,,,
18.4,0.5800000000000001,2.24283071744764e-09,1.817148189074197e-09,12.249999960750458,12.249999968199903,False,False,False,False,none,,,,
18.4,0.77,2.24283071744764e-09,1.817148189074197e-09,12.249999960750458,12.249999968199903,False,False,False,False,none,,,,
18.4,0.96,2.24283071744764e-09,1.817148189074197e-09,12.249999960750458,12.249999968199903,False,False,False,False,none,,,,
18.4,1.15,2.24283071744764e-09,1.817148189074197e-09,12.249999960750458,12.249999968199903,False,False,False,False,none,,,,
18.4,1.34,2.24283071744764e-09,1.817148189074197e-09,12.249999960750458,12.249999968199903,False,False,False,False,none,,,,
18.4,1.53,2.24283071744764e-09,1.817148189074197e-09,12.249999960750458,12.249999968199903,False,False,False,False,none,,,,
18.4,1.72,2.24283071744764e-09,1.817148189074197e-09,12.249999960750458,12.249999968199903,False,False,False,False,none,,,,
18.4,1.91,2.24283071744764e-09,1.817148189074197e-09,12.249999960750458,12.249999968199903,False,False,False,False,none,,,,
18.4,2.1,2.24283071744764e-09,1.817148189074197e-09,12.249999960750458,12.249999968199903,False,False,False,False,none,,,,
18.4,2.29,2.24283071744764e-09,1.817148189074197e-09,12.249999960750458,12.249999968199903,False,False,False,False,none,,,,
18.4,2.4800000000000004,2.24283071744764e-09,1.817148189074197e-09,12.249999960750458,12.249999968199903,False,False,False,False,none,,,,
18.4,2.6700000000000004,2.24283071744764e-09,1.817148189074197e-09,12.249999960750458,12.249999968199903,False,False,False,False,none,,,,
18.4,2.8600000000000003,2.2428307174476388e-09,1.817148189074196e-09,12.249999960750458,12.249999968199903,False,False,False,False,none,,,,
18.4,3.0500000000000003,2.2428307174476388e-09,1.817148189074196e-09,12.249999960750458,12.249999968199903,False,False,False,False,none,,,,
18.4,3.24,2.2428307174476388e-09,1.817148189074196e-09,12.249999960750458,12.249999968199903,False,False,False,False,none,,,,
18.4,3.43,2.2428307174476388e-09,1.817148189074196e-09,12.249999960750458,12.249999968199903,False,False,False,False,none,,,,
18.4,3.62,2.2428307174476388e-09,1.817148189074196e-09,12.249999960750458,12.249999968199903,False,False,False,False,none,,,,
18.4,3.81,2.2428307174476388e-09,1.817148189074196e-09,12.249999960750458,12.249999968199903,False,False,False,False,none,,,,
18.4,4.0,2.24283071744764e-09,1.817148189074197e-09,12.249999960750458,12.249999968199903,False,False,False,False,none,,,,
19.200000000000003,0.2,5.62231445470823e-52,4.55521607094514e-52,12.249999999999996,12.249999999999996,False,False,False,False,none,,,,
19.200000000000003,0.39,5.62231445470823e-52,4.55521607094514e-52,12.249999999999996,12.249999999999996,False,False,False,False,none,,,,
19.200000000000003,0.5800000000000001,5.62231445470823e-52,4.55521607094514e-52,12.249999999999996,12.249999999999996,False,False,False,False,none,,,,
19.200000000000003,0.77,5.62231445470823e-52,4.55521607094514e-52,12.249999999999996,12.249999999999996,False,False,False,False,none,,,,
19.200000000000003,0.96,5.62231445470823e-52,4.55521607094514e-52,12.249999999999996,12.249999999999996,False,False,False,False,none,,,,
19.200000000000003,1.15,5.62231445470823e-52,4.55521607094514e-52,12.249999999999996,12.249999999999996,False,False,False,False,none,,,,
19.200000000000003,1.34,5.62231445470823e-52,4.55521607094514e-52,12.249999999999996,12.249999999999996,False,False,False,False,none,,,,
19.200000000000003,1.53,5.62231445470823e-52,4.55521607094514e-52,12.249999999999996,12.249999999999996,False,False,False,False,none,,,,
19.200000000000003,1.72,5.62231445470823e-52,4.55521607094514e-52,12.249999999999996,12.249999999999996,False,False,False,False,none,,,,
19.200000000000003,1.91,5.62231445470823e-52,4.55521607094514e-52,12.249999999999996,12.249999999999996,False,False,False,False,none,,,,
19.200000000000003,2.1,5.62231445470823e-52,4.55521607094514e-52,12.249999999999996,12.249999999999996,False,False,False,False,none,,,,
19.200000000000003,2.29,5.62231445470823e-52,4.55521607094514e-52,12.249999999999996,12.249999999999996,False,False,False,False,none,,,,
19.200000000000003,2.4800000000000004,5.62231445470823e-52,4.55521607094514e-52,12.249999999999996,12.249999999999996,False,False,False,False,none,,,,
19.200000000000003,2.6700000000000004,5.62231445470823e-52,4.55521607094514e-52,12.249999999999996,12.249999999999996,False,False,False,False,none,,,,
19.200000000000003,2.8600000000000003,2.3930744363697308e-09,1.938876101769078e-09,12.249999958121196,12.249999966069666,False,False,False,False,none,,,,
19.200000000000003,3.0500000000000003,2.3930744363697308e-09,1.938876101769078e-09,12.249999958121196,12.249999966069666,False,False,False,False,none,,,,
19.200000000000003,3.24,2.3930744363697308e-09,1.938876101769078e-09,12.249999958121196,12.249999966069666,False,False,False,False,none,,,,
19.200000000000003,3.43,2.3930744363697308e-09,1.938876101769078e-09,12.249999958121196,12.249999966069666,False,False,False,False,none,,,,
19.200000000000003,3.62,2.3930744363697308e-09,1.938876101769078e-09,12.249999958121196,12.249999966069666,False,False,False,False,none,,,,
19.200000000000003,3.81,2.3930744363697308e-09,1.938876101769078e-09,12.249999958121196,12.249999966069666,False,False,False,False,none,,,,
19.200000000000003,4.0,2.3930744363697308e-09,1.938876101769078e-09,12.249999958121196,12.249999966069666,False,False,False,False,none,,,,
20.0,0.2,5.620614764217087e-52,4.5538389766002296e-52,12.249999999999996,12.249999999999996,False,False,False,False,none,,,,
20.0,0.39,5.620614764217087e-52,4.5538389766002296e-52,12.249999999999996,12.249999999999996,False,False,False,False,none,,,,
20.0,0.5800000000000001,5.620614764217087e-52,4.5538389766002296e-52,12.249999999999996,12.249999999999996,False,False,False,False,none,,,,
20.0,0.77,5.620614764217087e-52,4.5538389766002296e-52,12.249999999999996,12.249999999999996,False,False,False,False,none,,,,
20.0,0.96,5.620614764217087e-52,4.5538389766002296e-52,12.249999999999996,12.249999999999996,False,False,False,False,none,,,,
20.0,1.15,5.620614764217087e-52,4.5538389766002296e-52,12.249999999999996,12.249999999999996,False,False,False,False,none,,,,
20.0,1.34,5.620614764217087e-52,4.5538389766002296e-52,12.249999999999996,12.249999999999996,False,False,False,False,none,,,,
20.0,1.53,5.620614764217087e-52,4.5538389766002296e-52,12.249999999999996,12.249999999999996,False,False,False,False,none,,,,
20.0,1.72,5.620614764217087e-52,4.5538389766002296e-52,12.249999999999996,12.249999999999996,False,False,False,False,none,,,,
20.0,1.91,5.620614764217087e-52,4.5538389766002296e-52,12.249999999999996,12.249999999999996,False,False,False,False,none,,,,
20.0,2.1,5.620614764217087e-52,4.5538389766002296e-52,12.249999999999996,12.249999999999996,False,False,False,False,none,,,,
20.0,2.29,5.620614764217087e-52,4.5538389766002296e-52,12.249999999999996,12.249999999999996,False,False,False,False,none,,,,
20.0,2.4800000000000004,5.620614764217087e-52,4.5538389766002296e-52,12.249999999999996,12.249999999999996,False,False,False,False,none,,,,
20.0,2.6700000000000004,5.620614764217087e-52,4.5538389766002296e-52,12.249999999999996,12.249999999999996,False,False,False,False,none,,,,
20.0,2.8600000000000003,5.620614764217087e-52,4.5538389766002296e-52,12.249999999999996,12.249999999999996,False,False,False,False,none,,,,
20.0,3.0500000000000003,5.620614764217087e-52,4.5538389766002296e-52,12.249999999999996,12.249999999999996,False,False,False,False,none,,,,
20.0,3.24,5.620614764217087e-52,4.5538389766002296e-52,12.249999999999996,12.249999999999996,False,False,False,False,none,,,,
20.0,3.43,5.620614764217087e-52,4.5538389766002296e-52,12.249999999999996,12.249999999999996,False,False,False,False,none,,,,
20.0,3.62,5.620614764217087e-52,4.5538389766002296e-52,12.249999999999996,12.249999999999996,False,False,False,False,none,,,,
20.0,3.81,5.620614764217087e-52,4.5538389766002296e-52,12.249999999999996,12.249999999999996,False,False,False,False,none,,,,
20.0,4.0,5.620614764217087e-52,4.5538389766002296e-52,12.249999999999996,12.249999999999996,False,False,False,False,none,,,,
