preset,D,z,rel_error
diagnostic_deepwell,6.0,-80.0,5.62148271993654e-19
diagnostic_deepwell,6.0,-79.6,6.148701698636678e-20
diagnostic_deepwell,6.0,-79.2,2.699406246815619e-19
diagnostic_deepwell,6.0,-78.8,5.372652033406318e-19
diagnostic_deepwell,6.0,-78.4,5.679523103730045e-19
diagnostic_deepwell,6.0,-78.0,4.020611824082788e-19
diagnostic_deepwell,6.0,-77.6,1.7988188650959497e-19
diagnostic_deepwell,6.0,-77.2,4.057453074782277e-19
diagnostic_deepwell,6.0,-76.8,3.232830969314633e-19
diagnostic_deepwell,6.0,-76.4,4.0015250215493806e-19
diagnostic_deepwell,6.0,-76.0,2.856375479270476e-19
diagnostic_deepwell,6.0,-75.6,3.534609811290864e-19
diagnostic_deepwell,6.0,-75.2,1.1864270268887026e-18
diagnostic_deepwell,6.0,-74.8,1.1281475265084488e-18
diagnostic_deepwell,6.0,-74.4,2.429303927700483e-19
diagnostic_deepwell,6.0,-74.0,8.557479372643053e-19
diagnostic_deepwell,6.0,-73.6,2.2938803791416883e-19
diagnostic_deepwell,6.0,-73.2,2.2083345389894364e-19
diagnostic_deepwell,6.0,-72.8,7.8165313401080665e-19
diagnostic_deepwell,6.0,-72.4,2.8653267281763884e-19
diagnostic_deepwell,6.0,-72.0,1.1337759829999437e-18
diagnostic_deepwell,6.0,-71.6,7.327119008579783e-19
diagnostic_deepwell,6.0,-71.2,9.173446510417303e-19
diagnostic_deepwell,6.0,-70.8,1.0921390562218178e-18
diagnostic_deepwell,6.0,-70.4,5.078076086339676e-19
diagnostic_deepwell,6.0,-70.0,6.668674564687993e-19
diagnostic_deepwell,6.0,-69.6,4.225718684718262e-19
diagnostic_deepwell,6.0,-69.2,1.1507373093844656e-18
diagnostic_deepwell,6.0,-68.8,3.299500548967933e-19
diagnostic_deepwell,6.0,-68.4,1.1808552295466774e-18
diagnostic_deepwell,6.0,-68.0,1.2097584908810452e-19
diagnostic_deepwell,6.0,-67.6,9.14592231096416e-19
diagnostic_deepwell,6.0,-67.2,7.825526268975024e-19
diagnostic_deepwell,6.0,-66.8,1.8823345253698847e-18
diagnostic_deepwell,6.0,-66.4,2.2311092337005438e-18
diagnostic_deepwell,6.0,-66.0,3.6732660929666155e-19
diagnostic_deepwell,6.0,-65.6,1.1228567600269035e-18
diagnostic_deepwell,6.0,-65.2,3.6281203341177654e-19
diagnostic_deepwell,6.0,-64.8,1.1742268624802644e-18
diagnostic_deepwell,6.0,-64.4,1.2868709739321807e-18
diagnostic_deepwell,6.0,-64.0,1.7254667043801417e-18
diagnostic_deepwell,6.0,-63.6,6.319335270905292e-19
diagnostic_deepwell,6.0,-63.2,2.295082155847688e-19
diagnostic_deepwell,6.0,-62.8,7.833895441955604e-19
diagnostic_deepwell,6.0,-62.4,2.3804799093764522e-18
diagnostic_deepwell,6.0,-62.0,1.390032253663376e-20
diagnostic_deepwell,6.0,-61.6,1.8453561427038048e-19
diagnostic_deepwell,6.0,-61.2,1.0436440242710548e-18
diagnostic_deepwell,6.0,-60.8,9.641801449169607e-19
diagnostic_deepwell,6.0,-60.4,2.8296308631220783e-19
diagnostic_deepwell,6.0,-60.0,1.524279632604445e-18
diagnostic_deepwell,6.0,-59.6,9.073534307966267e-19
diagnostic_deepwell,6.0,-59.2,1.0634104500205768e-18
diagnostic_deepwell,6.0,-58.8,1.6813789712543807e-18
diagnostic_deepwell,6.0,-58.4,9.912367330537992e-19
diagnostic_deepwell,6.0,-58.0,2.7746330127929345e-18
diagnostic_deepwell,6.0,-57.6,2.6142277898023905e-18
diagnostic_deepwell,6.0,-57.2,1.4144695509806164e-19
diagnostic_deepwell,6.0,-56.8,2.532896515847025e-18
diagnostic_deepwell,6.0,-56.4,2.4285285321253356e-18
diagnostic_deepwell,6.0,-56.0,4.551800271242842e-18
diagnostic_deepwell,6.0,-55.6,2.3251693382595347e-18
diagnostic_deepwell,6.0,-55.2,1.612335614518082e-19
diagnostic_deepwell,6.0,-54.8,4.544639715851049e-19
diagnostic_deepwell,6.0,-54.4,1.2209453033043304e-18
diagnostic_deepwell,6.0,-54.0,3.4178249781984266e-18
diagnostic_deepwell,6.0,-53.6,3.939949422064236e-18
diagnostic_deepwell,6.0,-53.2,6.383144529553951e-19
diagnostic_deepwell,6.0,-52.8,8.03554719456133e-19
diagnostic_deepwell,6.0,-52.4,1.6264502045969592e-19
diagnostic_deepwell,6.0,-52.0,3.684025008171512e-18
diagnostic_deepwell,6.0,-51.6,1.9941958549421303e-18
diagnostic_deepwell,6.0,-51.2,3.66300214336474e-18
diagnostic_deepwell,6.0,-50.8,4.1692618035125446e-19
diagnostic_deepwell,6.0,-50.4,2.8947531090442233e-18
diagnostic_deepwell,6.0,-50.0,2.4904629451571464e-18
diagnostic_deepwell,6.0,-49.6,4.7974220198348856e-18
diagnostic_deepwell,6.0,-49.2,3.557441645862123e-18
diagnostic_deepwell,6.0,-48.8,2.129568845679347e-18
diagnostic_deepwell,6.0,-48.4,6.138230719886103e-18
diagnostic_deepwell,6.0,-48.0,8.789197785012262e-18
diagnostic_deepwell,6.0,-47.6,5.8350695666093234e-18
diagnostic_deepwell,6.0,-47.2,6.1887497518095845e-18
diagnostic_deepwell,6.0,-46.8,7.517568566020387e-18
diagnostic_deepwell,6.0,-46.4,1.5674884139807466e-18
diagnostic_deepwell,6.0,-46.0,9.224031473659762e-18
diagnostic_deepwell,6.0,-45.6,5.018607025775861e-18
diagnostic_deepwell,6.0,-45.2,2.3854565036937406e-20
diagnostic_deepwell,6.0,-44.8,9.476203312054695e-18
diagnostic_deepwell,6.0,-44.4,5.0058258901522156e-18
diagnostic_deepwell,6.0,-44.0,8.957321834896715e-18
diagnostic_deepwell,6.0,-43.6,9.742609918199104e-18
diagnostic_deepwell,6.0,-43.2,1.267942338155494e-17
diagnostic_deepwell,6.0,-42.8,5.840826779608212e-18
diagnostic_deepwell,6.0,-42.4,1.6820515908856307e-17
diagnostic_deepwell,6.0,-42.0,1.9147545800834324e-17
diagnostic_deepwell,6.0,-41.6,1.7267182290951078e-17
diagnostic_deepwell,6.0,-41.2,4.978361705578883e-18
diagnostic_deepwell,6.0,-40.8,2.113330549761117e-18
diagnostic_deepwell,6.0,-40.4,1.172900178650105e-17
diagnostic_deepwell,6.0,-40.0,1.600504503718289e-17
diagnostic_deepwell,6.0,-39.6,1.5158664616542146e-17
diagnostic_deepwell,6.0,-39.2,1.6781110870932165e-17
diagnostic_deepwell,6.0,-38.8,3.979465097400821e-18
diagnostic_deepwell,6.0,-38.4,9.88650452266984e-18
diagnostic_deepwell,6.0,-38.0,6.98718760187353e-18
diagnostic_deepwell,6.0,-37.6,3.7720642484111905e-17
diagnostic_deepwell,6.0,-37.2,1.3547566092476349e-17
diagnostic_deepwell,6.0,-36.8,1.6990409048007482e-17
diagnostic_deepwell,6.0,-36.4,6.349473408649473e-18
diagnostic_deepwell,6.0,-36.0,1.9178763226504856e-18
diagnostic_deepwell,6.0,-35.6,9.266250998673865e-18
diagnostic_deepwell,6.0,-35.2,2.992765420851858e-17
diagnostic_deepwell,6.0,-34.8,1.7168577288756467e-17
diagnostic_deepwell,6.0,-34.4,2.0062928024470647e-17
diagnostic_deepwell,6.0,-34.0,8.772717321843337e-18
diagnostic_deepwell,6.0,-33.6,4.813632360578046e-18
diagnostic_deepwell,6.0,-33.2,1.23796510906781e-17
diagnostic_deepwell,6.0,-32.8,6.523998897802721e-17
diagnostic_deepwell,6.0,-32.4,2.413710873091253e-17
diagnostic_deepwell,6.0,-32.0,9.37018567718199e-18
diagnostic_deepwell,6.0,-31.6,6.048385908136685e-17
diagnostic_deepwell,6.0,-31.2,5.0950003989260964e-17
diagnostic_deepwell,6.0,-30.8,7.356252947255093e-17
diagnostic_deepwell,6.0,-30.4,2.497518150954004e-17
diagnostic_deepwell,6.0,-30.0,7.636589986913728e-17
diagnostic_deepwell,6.0,-29.6,5.4649329167965133e-17
diagnostic_deepwell,6.0,-29.2,7.067985009638346e-17
diagnostic_deepwell,6.0,-28.8,9.233003864591264e-18
diagnostic_deepwell,6.0,-28.4,1.4345572005503286e-16
diagnostic_deepwell,6.0,-28.0,3.923678208557586e-17
diagnostic_deepwell,6.0,-27.6,4.725821280419333e-17
diagnostic_deepwell,6.0,-27.2,5.579083924966759e-17
diagnostic_deepwell,6.0,-26.8,8.30448577042988e-17
diagnostic_deepwell,6.0,-26.4,1.515344420206897e-16
diagnostic_deepwell,6.0,-26.0,1.002974913234248e-16
diagnostic_deepwell,6.0,-25.6,9.370994750238212e-18
diagnostic_deepwell,6.0,-25.2,6.6246236835827e-17
diagnostic_deepwell,6.0,-24.8,2.492804293127733e-16
diagnostic_deepwell,6.0,-24.4,9.226143871704755e-17
diagnostic_deepwell,6.0,-24.0,2.580893445927343e-16
diagnostic_deepwell,6.0,-23.6,2.6108663752428615e-16
diagnostic_deepwell,6.0,-23.2,6.987932215325019e-17
diagnostic_deepwell,6.0,-22.8,3.8743853956294175e-17
diagnostic_deepwell,6.0,-22.4,7.495905139438219e-17
diagnostic_deepwell,6.0,-22.0,2.4901142893969764e-16
diagnostic_deepwell,6.0,-21.6,2.1537555522156268e-16
diagnostic_deepwell,6.0,-21.2,1.7439428619825834e-16
diagnostic_deepwell,6.0,-20.8,1.8665801383392025e-16
diagnostic_deepwell,6.0,-20.4,2.3510993272944394e-16
diagnostic_deepwell,6.0,-20.0,6.334936433624624e-16
diagnostic_deepwell,6.0,-19.6,1.0963658759188877e-18
diagnostic_deepwell,6.0,-19.2,2.4782078223906104e-16
diagnostic_deepwell,6.0,-18.8,9.236743787783894e-16
diagnostic_deepwell,6.0,-18.4,1.6685399747045599e-16
diagnostic_deepwell,6.0,-18.0,4.073706775998768e-16
diagnostic_deepwell,6.0,-17.6,6.815485313246027e-16
diagnostic_deepwell,6.0,-17.199999999999996,4.977836325780765e-18
diagnostic_deepwell,6.0,-16.799999999999997,1.0312303487740983e-15
diagnostic_deepwell,6.0,-16.4,1.2285785067510465e-16
diagnostic_deepwell,6.0,-16.0,1.1219336683872094e-15
diagnostic_deepwell,6.0,-15.599999999999994,1.4118420369761742e-15
diagnostic_deepwell,6.0,-15.200000000000005,7.435037925568428e-16
diagnostic_deepwell,6.0,-14.799999999999995,1.021450190840319e-15
diagnostic_deepwell,6.0,-14.400000000000006,2.98516632331037e-15
diagnostic_deepwell,6.0,-14.0,2.3479485583810063e-15
diagnostic_deepwell,6.0,-13.599999999999994,3.3438784207945846e-15
diagnostic_deepwell,6.0,-13.200000000000005,2.837241655836781e-15
diagnostic_deepwell,6.0,-12.799999999999995,5.00067805973804e-15
diagnostic_deepwell,6.0,-12.400000000000006,1.58174041631752e-15
diagnostic_deepwell,6.0,-12.0,8.974411090189725e-15
diagnostic_deepwell,6.0,-11.599999999999994,5.981760518663352e-15
diagnostic_deepwell,6.0,-11.200000000000005,9.51996660851193e-15
diagnostic_deepwell,6.0,-10.799999999999995,9.682238120321265e-16
diagnostic_deepwell,6.0,-10.399999999999991,2.589938531259436e-15
diagnostic_deepwell,6.0,-10.0,2.2477356732026426e-14
diagnostic_deepwell,6.0,-9.599999999999994,2.7266104343571796e-14
diagnostic_deepwell,6.0,-9.200000000000005,3.753115015512961e-15
diagnostic_deepwell,6.0,-8.799999999999997,6.470653172583631e-15
diagnostic_deepwell,6.0,-8.399999999999991,8.929176779404203e-15
diagnostic_deepwell,6.0,-8.0,1.1452584211954643e-13
diagnostic_deepwell,6.0,-7.599999999999994,1.1722558317321723e-13
diagnostic_deepwell,6.0,-7.200000000000003,4.576196825179245e-14
diagnostic_deepwell,6.0,-6.799999999999997,5.273055924409203e-14
diagnostic_deepwell,6.0,-6.399999999999992,2.0979681263727069e-13
diagnostic_deepwell,6.0,-6.0,1.0485876913726924e-12
diagnostic_deepwell,6.0,-5.599999999999994,6.490762858889488e-13
diagnostic_deepwell,6.0,-5.200000000000003,7.189597177144407e-13
diagnostic_deepwell,6.0,-4.799999999999997,1.80243443430711e-12
diagnostic_deepwell,6.0,-4.399999999999992,2.8476683987600485e-11
diagnostic_deepwell,6.0,-4.0,7.133170767351671e-13
diagnostic_deepwell,6.0,-3.5999999999999943,2.0143256829554342e-10
diagnostic_deepwell,6.0,-3.200000000000003,4.7539327937142256e-09
diagnostic_deepwell,6.0,-2.799999999999997,2.0857263514786137e-08
diagnostic_deepwell,6.0,-2.3999999999999915,3.1572410400532333e-10
diagnostic_deepwell,6.0,-2.0,7.502941423544386e-11
diagnostic_deepwell,6.0,-1.5999999999999943,1.978933990595318e-11
diagnostic_deepwell,6.0,-1.2000000000000028,8.890550617338425e-12
diagnostic_deepwell,6.0,-0.7999999999999972,4.392006380042211e-12
diagnostic_deepwell,6.0,-0.3999999999999915,2.355444337310964e-12
diagnostic_deepwell,6.0,0.0,4.914003189975145e-13
diagnostic_deepwell,6.0,0.4000000000000057,2.355444337310964e-12
diagnostic_deepwell,6.0,0.7999999999999972,4.392006380042211e-12
diagnostic_deepwell,6.0,1.2000000000000028,8.890550617338425e-12
diagnostic_deepwell,6.0,1.6000000000000083,1.978936890888703e-11
diagnostic_deepwell,6.0,2.0,7.502941423544386e-11
diagnostic_deepwell,6.0,2.4000000000000057,3.157224463403129e-10
diagnostic_deepwell,6.0,2.799999999999997,2.0857263514786137e-08
diagnostic_deepwell,6.0,3.200000000000003,4.7539327937142256e-09
diagnostic_deepwell,6.0,3.6000000000000085,2.0143424084976056e-10
diagnostic_deepwell,6.0,4.0,7.133170767351671e-13
diagnostic_deepwell,6.0,4.400000000000006,2.8476652658228095e-11
diagnostic_deepwell,6.0,4.799999999999997,1.80243443430711e-12
diagnostic_deepwell,6.0,5.200000000000003,7.189597177144407e-13
diagnostic_deepwell,6.0,5.6000000000000085,6.490762858889488e-13
diagnostic_deepwell,6.0,6.0,1.0485876913726924e-12
diagnostic_deepwell,6.0,6.400000000000006,2.0979681263727069e-13
diagnostic_deepwell,6.0,6.799999999999997,5.273055924409203e-14
diagnostic_deepwell,6.0,7.200000000000003,4.576196825179245e-14
diagnostic_deepwell,6.0,7.600000000000008,1.1722558317321723e-13
diagnostic_deepwell,6.0,8.0,1.1452584211954643e-13
diagnostic_deepwell,6.0,8.400000000000006,8.929176779404203e-15
diagnostic_deepwell,6.0,8.799999999999997,6.470653172583631e-15
diagnostic_deepwell,6.0,9.200000000000005,3.753115015512961e-15
diagnostic_deepwell,6.0,9.600000000000009,2.7266094650077862e-14
diagnostic_deepwell,6.0,10.0,2.2477356732026426e-14
diagnostic_deepwell,6.0,10.400000000000006,2.5899333815907846e-15
diagnostic_deepwell,6.0,10.799999999999995,9.682238120321265e-16
diagnostic_deepwell,6.0,11.200000000000005,9.51996660851193e-15
diagnostic_deepwell,6.0,11.600000000000009,5.981758284615922e-15
diagnostic_deepwell,6.0,12.0,8.974411090189725e-15
diagnostic_deepwell,6.0,12.400000000000006,1.58174041631752e-15
diagnostic_deepwell,6.0,12.799999999999995,5.00067805973804e-15
diagnostic_deepwell,6.0,13.200000000000005,2.837241655836781e-15
diagnostic_deepwell,6.0,13.600000000000009,3.3438776824229766e-15
diagnostic_deepwell,6.0,14.0,2.3479485583810063e-15
diagnostic_deepwell,6.0,14.400000000000006,2.98516632331037e-15
diagnostic_deepwell,6.0,14.799999999999995,1.021450190840319e-15
diagnostic_deepwell,6.0,15.200000000000005,7.435037925568428e-16
diagnostic_deepwell,6.0,15.600000000000009,1.4118417624533968e-15
diagnostic_deepwell,6.0,16.0,1.1219336683872094e-15
diagnostic_deepwell,6.0,16.400000000000006,1.2285793587182868e-16
diagnostic_deepwell,6.0,16.799999999999997,1.0312303487740983e-15
diagnostic_deepwell,6.0,17.200000000000003,4.977760595359414e-18
diagnostic_deepwell,6.0,17.60000000000001,6.815484650604841e-16
diagnostic_deepwell,6.0,18.0,4.073706775998768e-16
diagnostic_deepwell,6.0,18.40000000000001,1.6685404480196934e-16
diagnostic_deepwell,6.0,18.8,9.236743787783894e-16
diagnostic_deepwell,6.0,19.200000000000003,2.4782074674042606e-16
diagnostic_deepwell,6.0,19.60000000000001,1.0964037411295627e-18
diagnostic_deepwell,6.0,20.0,6.334936433624624e-16
diagnostic_deepwell,6.0,20.40000000000001,2.3510995402862493e-16
diagnostic_deepwell,6.0,20.8,1.8665801383392025e-16
diagnostic_deepwell,6.0,21.200000000000003,1.74394267265653e-16
diagnostic_deepwell,6.0,21.60000000000001,2.1537557178759233e-16
diagnostic_deepwell,6.0,22.0,2.4901142893969764e-16
diagnostic_deepwell,6.0,22.40000000000001,7.495906441054836e-17
diagnostic_deepwell,6.0,22.8,3.8743853956294175e-17
diagnostic_deepwell,6.0,23.200000000000003,6.987931150365968e-17
diagnostic_deepwell,6.0,23.60000000000001,2.610866256914078e-16
diagnostic_deepwell,6.0,24.0,2.580893445927343e-16
diagnostic_deepwell,6.0,24.40000000000001,9.226142688416921e-17
diagnostic_deepwell,6.0,24.8,2.492804293127733e-16
diagnostic_deepwell,6.0,25.200000000000003,6.6246243935554e-17
diagnostic_deepwell,6.0,25.60000000000001,9.370988242155127e-18
diagnostic_deepwell,6.0,26.0,1.002974913234248e-16
diagnostic_deepwell,6.0,26.40000000000001,1.5153443610425054e-16
diagnostic_deepwell,6.0,26.8,8.30448577042988e-17
diagnostic_deepwell,6.0,27.200000000000003,5.579084457446284e-17
diagnostic_deepwell,6.0,27.60000000000001,4.725820866268591e-17
diagnostic_deepwell,6.0,28.0,3.923678208557586e-17
diagnostic_deepwell,6.0,28.40000000000001,1.4345571709681327e-16
diagnostic_deepwell,6.0,28.8,9.233003864591264e-18
diagnostic_deepwell,6.0,29.200000000000003,7.067984832145171e-17
diagnostic_deepwell,6.0,29.60000000000001,5.464932709721142e-17
diagnostic_deepwell,6.0,30.0,7.636589986913728e-17
diagnostic_deepwell,6.0,30.40000000000001,2.497518358029375e-17
diagnostic_deepwell,6.0,30.8,7.356252947255093e-17
diagnostic_deepwell,6.0,31.200000000000003,5.0950005172548797e-17
diagnostic_deepwell,6.0,31.60000000000001,6.04838608562986e-17
diagnostic_deepwell,6.0,32.0,9.37018567718199e-18
diagnostic_deepwell,6.0,32.400000000000006,2.413711050584428e-17
diagnostic_deepwell,6.0,32.8,6.523998897802721e-17
diagnostic_deepwell,6.0,33.2,1.237965286560985e-17
diagnostic_deepwell,6.0,33.60000000000001,4.8136332480439214e-18
diagnostic_deepwell,6.0,34.0,8.772717321843337e-18
diagnostic_deepwell,6.0,34.400000000000006,2.006292950358044e-17
diagnostic_deepwell,6.0,34.8,1.7168577288756467e-17
diagnostic_deepwell,6.0,35.2,2.992765524389543e-17
diagnostic_deepwell,6.0,35.60000000000001,9.26625025911897e-18
diagnostic_deepwell,6.0,36.0,1.9178763226504856e-18
diagnostic_deepwell,6.0,36.400000000000006,6.349472521183598e-18
diagnostic_deepwell,6.0,36.8,1.6990409048007482e-17
diagnostic_deepwell,6.0,37.2,1.3547566684120265e-17
diagnostic_deepwell,6.0,37.60000000000001,3.772064159664603e-17
diagnostic_deepwell,6.0,38.0,6.98718760187353e-18
diagnostic_deepwell,6.0,38.400000000000006,9.886505114313756e-18
diagnostic_deepwell,6.0,38.8,3.979465097400821e-18
diagnostic_deepwell,6.0,39.2,1.6781110501154716e-17
diagnostic_deepwell,6.0,39.60000000000001,1.515866417280921e-17
diagnostic_deepwell,6.0,40.0,1.600504503718289e-17
diagnostic_deepwell,6.0,40.400000000000006,1.1729001416723603e-17
diagnostic_deepwell,6.0,40.8,2.113330549761117e-18
diagnostic_deepwell,6.0,41.2,4.978362149311821e-18
diagnostic_deepwell,6.0,41.60000000000001,1.7267181921173628e-17
diagnostic_deepwell,6.0,42.0,1.9147545800834324e-17
diagnostic_deepwell,6.0,42.400000000000006,1.6820516204678266e-17
diagnostic_deepwell,6.0,42.8,5.840826779608212e-18
diagnostic_deepwell,6.0,43.2,1.2679423677376899e-17
diagnostic_deepwell,6.0,43.60000000000001,9.742610140065575e-18
diagnostic_deepwell,6.0,44.0,8.957321834896715e-18
diagnostic_deepwell,6.0,44.400000000000006,5.005826185974174e-18
diagnostic_deepwell,6.0,44.8,9.476203312054695e-18
diagnostic_deepwell,6.0,45.2,2.3854380148213407e-20
diagnostic_deepwell,6.0,45.60000000000001,5.0186072106645845e-18
diagnostic_deepwell,6.0,46.0,9.224031473659762e-18
diagnostic_deepwell,6.0,46.400000000000006,1.5674881921142778e-18
diagnostic_deepwell,6.0,46.8,7.517568566020387e-18
diagnostic_deepwell,6.0,47.2,6.1887497518095845e-18
diagnostic_deepwell,6.0,47.60000000000001,5.835069418698344e-18
diagnostic_deepwell,6.0,48.0,8.789197785012262e-18
diagnostic_deepwell,6.0,48.400000000000006,6.138230830819338e-18
diagnostic_deepwell,6.0,48.80000000000001,2.129569215456795e-18
diagnostic_deepwell,6.0,49.19999999999999,3.557441756795358e-18
diagnostic_deepwell,6.0,49.6,4.7974220198348856e-18
diagnostic_deepwell,6.0,50.0,2.4904629451571464e-18
diagnostic_deepwell,6.0,50.400000000000006,2.8947529241554995e-18
diagnostic_deepwell,6.0,50.80000000000001,4.1692640221772327e-19
diagnostic_deepwell,6.0,51.19999999999999,3.663001976964888e-18
diagnostic_deepwell,6.0,51.6,1.9941958549421303e-18
diagnostic_deepwell,6.0,52.0,3.684025008171512e-18
diagnostic_deepwell,6.0,52.400000000000006,1.6264496499307872e-19
diagnostic_deepwell,6.0,52.80000000000001,8.03554534567409e-19
diagnostic_deepwell,6.0,53.19999999999999,6.383146008663744e-19
diagnostic_deepwell,6.0,53.6,3.939949422064236e-18
diagnostic_deepwell,6.0,54.0,3.4178249781984266e-18
diagnostic_deepwell,6.0,54.400000000000006,1.2209453402820754e-18
diagnostic_deepwell,6.0,54.80000000000001,4.544641194960841e-19
diagnostic_deepwell,6.0,55.19999999999999,1.6123345051857379e-19
diagnostic_deepwell,6.0,55.6,2.3251693382595347e-18
diagnostic_deepwell,6.0,56.0,4.551800271242842e-18
diagnostic_deepwell,6.0,56.400000000000006,2.4285286060808255e-18
diagnostic_deepwell,6.0,56.80000000000001,2.532896330958301e-18
diagnostic_deepwell,6.0,57.20000000000002,1.4144688114257205e-19
diagnostic_deepwell,6.0,57.6,2.6142277898023905e-18
diagnostic_deepwell,6.0,58.0,2.7746330127929345e-18
diagnostic_deepwell,6.0,58.400000000000006,9.91236770031544e-19
diagnostic_deepwell,6.0,58.80000000000001,1.681378888054455e-18
diagnostic_deepwell,6.0,59.20000000000002,1.0634103390873423e-18
diagnostic_deepwell,6.0,59.6,9.073534307966267e-19
diagnostic_deepwell,6.0,60.0,1.524279632604445e-18
diagnostic_deepwell,6.0,60.400000000000006,2.8296305857889925e-19
diagnostic_deepwell,6.0,60.80000000000001,9.641802281168865e-19
diagnostic_deepwell,6.0,61.20000000000002,1.0436439225822564e-18
diagnostic_deepwell,6.0,61.6,1.8453561427038048e-19
diagnostic_deepwell,6.0,62.0,1.390032253663376e-20
diagnostic_deepwell,6.0,62.400000000000006,2.380479881643144e-18
diagnostic_deepwell,6.0,62.80000000000001,7.833896366399225e-19
diagnostic_deepwell,6.0,63.20000000000002,2.2950813238484297e-19
diagnostic_deepwell,6.0,63.6,6.31933517846093e-19
diagnostic_deepwell,6.0,64.0,1.7254667043801417e-18
diagnostic_deepwell,6.0,64.4,1.2868709739321807e-18
diagnostic_deepwell,6.0,64.80000000000001,1.1742268994580092e-18
diagnostic_deepwell,6.0,65.20000000000002,3.6281198718959553e-19
diagnostic_deepwell,6.0,65.6,1.1228567600269035e-18
diagnostic_deepwell,6.0,66.0,3.6732660929666155e-19
diagnostic_deepwell,6.0,66.4,2.2311092337005438e-18
diagnostic_deepwell,6.0,66.80000000000001,1.8823345623476294e-18
diagnostic_deepwell,6.0,67.20000000000002,7.825526823641196e-19
diagnostic_deepwell,6.0,67.6,9.14592231096416e-19
diagnostic_deepwell,6.0,68.0,1.2097584908810452e-19
diagnostic_deepwell,6.0,68.4,1.1808552295466774e-18
diagnostic_deepwell,6.0,68.80000000000001,3.299500918745381e-19
diagnostic_deepwell,6.0,69.20000000000002,1.1507372677845029e-18
diagnostic_deepwell,6.0,69.6,4.225718684718262e-19
diagnostic_deepwell,6.0,70.0,6.668674564687993e-19
diagnostic_deepwell,6.0,70.4,5.078076086339676e-19
diagnostic_deepwell,6.0,70.80000000000001,1.0921390238662912e-18
diagnostic_deepwell,6.0,71.20000000000002,9.173446140639855e-19
diagnostic_deepwell,6.0,71.6,7.327119008579783e-19
diagnostic_deepwell,6.0,72.0,1.1337759829999437e-18
diagnostic_deepwell,6.0,72.4,2.8653267281763884e-19
diagnostic_deepwell,6.0,72.80000000000001,7.816531709885515e-19
diagnostic_deepwell,6.0,73.20000000000002,2.2083350474334275e-19
diagnostic_deepwell,6.0,73.6,2.2938803791416883e-19
diagnostic_deepwell,6.0,74.0,8.557479372643053e-19
diagnostic_deepwell,6.0,74.4,2.429303927700483e-19
diagnostic_deepwell,6.0,74.80000000000001,1.1281475033973582e-18
diagnostic_deepwell,6.0,75.20000000000002,1.1864270638664474e-18
diagnostic_deepwell,6.0,75.6,3.534609811290864e-19
diagnostic_deepwell,6.0,76.0,2.856375479270476e-19
diagnostic_deepwell,6.0,76.4,4.0015250215493806e-19
diagnostic_deepwell,6.0,76.80000000000001,3.232831154203357e-19
diagnostic_deepwell,6.0,77.20000000000002,4.057453259671001e-19
diagnostic_deepwell,6.0,77.6,1.7988188650959497e-19
diagnostic_deepwell,6.0,78.0,4.020611824082788e-19
diagnostic_deepwell,6.0,78.4,5.679523103730045e-19
diagnostic_deepwell,6.0,78.80000000000001,5.372652172072861e-19
diagnostic_deepwell,6.0,79.20000000000002,2.699405992593623e-19
diagnostic_deepwell,6.0,79.6,6.148701698636678e-20
diagnostic_deepwell,6.0,80.0,5.62148271993654e-19
diagnostic_deepwell,12.0,-80.0,1.415423185247087e-19
diagnostic_deepwell,12.0,-79.6,1.2733725220379992e-19
diagnostic_deepwell,12.0,-79.2,5.28054101575926e-19
diagnostic_deepwell,12.0,-78.8,2.2624548215540937e-19
diagnostic_deepwell,12.0,-78.4,4.622715807638013e-19
diagnostic_deepwell,12.0,-78.0,7.111358404551005e-19
diagnostic_deepwell,12.0,-77.6,2.358184670026892e-19
diagnostic_deepwell,12.0,-77.2,6.975905597824517e-19
diagnostic_deepwell,12.0,-76.8,9.854996010548039e-19
diagnostic_deepwell,12.0,-76.4,9.195122883108573e-19
diagnostic_deepwell,12.0,-76.0,9.25361449930496e-19
diagnostic_deepwell,12.0,-75.6,6.246864405612508e-19
diagnostic_deepwell,12.0,-75.2,2.1946225366555626e-19
diagnostic_deepwell,12.0,-74.8,8.399780178322732e-19
diagnostic_deepwell,12.0,-74.4,1.124461691720876e-18
diagnostic_deepwell,12.0,-74.0,9.34030024709162e-19
diagnostic_deepwell,12.0,-73.6,4.785564917708141e-19
diagnostic_deepwell,12.0,-73.2,7.834652985217685e-20
diagnostic_deepwell,12.0,-72.8,1.1459075887593584e-18
diagnostic_deepwell,12.0,-72.4,1.0786039953864694e-18
diagnostic_deepwell,12.0,-72.0,1.894295182236578e-19
diagnostic_deepwell,12.0,-71.6,1.072915877043747e-18
diagnostic_deepwell,12.0,-71.2,4.762260781594963e-19
diagnostic_deepwell,12.0,-70.8,6.726597279314206e-19
diagnostic_deepwell,12.0,-70.4,5.413377923065352e-19
diagnostic_deepwell,12.0,-70.0,3.712242026784932e-19
diagnostic_deepwell,12.0,-69.6,1.1777675149661611e-18
diagnostic_deepwell,12.0,-69.2,7.820554967576556e-19
diagnostic_deepwell,12.0,-68.8,8.250660993450211e-19
diagnostic_deepwell,12.0,-68.4,7.299721927783436e-19
diagnostic_deepwell,12.0,-68.0,1.0910580934098613e-19
diagnostic_deepwell,12.0,-67.6,7.800801806257481e-19
diagnostic_deepwell,12.0,-67.2,8.531890963113709e-19
diagnostic_deepwell,12.0,-66.8,7.476683287858596e-19
diagnostic_deepwell,12.0,-66.4,2.28046893757987e-18
diagnostic_deepwell,12.0,-66.0,5.15840498774316e-19
diagnostic_deepwell,12.0,-65.6,7.931537400217713e-19
diagnostic_deepwell,12.0,-65.2,1.7007479510490298e-18
diagnostic_deepwell,12.0,-64.8,1.533066092239424e-19
diagnostic_deepwell,12.0,-64.4,2.380116117304507e-18
diagnostic_deepwell,12.0,-64.0,2.0785493596846624e-19
diagnostic_deepwell,12.0,-63.6,1.4707409570972329e-18
diagnostic_deepwell,12.0,-63.2,2.300378509858691e-18
diagnostic_deepwell,12.0,-62.8,1.0679386516802406e-18
diagnostic_deepwell,12.0,-62.4,1.4227210881971767e-18
diagnostic_deepwell,12.0,-62.0,8.401063719982094e-19
diagnostic_deepwell,12.0,-61.6,2.7188761030156637e-19
diagnostic_deepwell,12.0,-61.2,2.0343776590935103e-18
diagnostic_deepwell,12.0,-60.8,1.4553051244447065e-18
diagnostic_deepwell,12.0,-60.4,1.0359941562232072e-18
diagnostic_deepwell,12.0,-60.0,2.1989940026961454e-18
diagnostic_deepwell,12.0,-59.6,1.3981262217210847e-18
diagnostic_deepwell,12.0,-59.2,2.5369229996592944e-18
diagnostic_deepwell,12.0,-58.8,1.443766076768357e-18
diagnostic_deepwell,12.0,-58.4,3.9590227046614524e-18
diagnostic_deepwell,12.0,-58.0,2.015228212894774e-18
diagnostic_deepwell,12.0,-57.6,2.7711966115491795e-18
diagnostic_deepwell,12.0,-57.2,3.5523103337503725e-18
diagnostic_deepwell,12.0,-56.8,1.3393965261786988e-18
diagnostic_deepwell,12.0,-56.4,3.119010275330211e-18
diagnostic_deepwell,12.0,-56.0,4.8342020179416435e-18
diagnostic_deepwell,12.0,-55.6,2.8506525994936906e-18
diagnostic_deepwell,12.0,-55.2,2.1773579177629425e-18
diagnostic_deepwell,12.0,-54.8,3.3896151054492097e-18
diagnostic_deepwell,12.0,-54.4,3.818664799834773e-18
diagnostic_deepwell,12.0,-54.0,3.3283771959965025e-18
diagnostic_deepwell,12.0,-53.6,4.618023941170786e-18
diagnostic_deepwell,12.0,-53.2,2.3755542276740056e-18
diagnostic_deepwell,12.0,-52.8,4.2184629251875825e-18
diagnostic_deepwell,12.0,-52.4,4.7361900371124025e-18
diagnostic_deepwell,12.0,-52.0,3.6292182209048306e-18
diagnostic_deepwell,12.0,-51.6,2.9143352301963463e-19
diagnostic_deepwell,12.0,-51.2,5.4309933380000105e-18
diagnostic_deepwell,12.0,-50.8,5.716497168696349e-18
diagnostic_deepwell,12.0,-50.4,8.76596896611931e-18
diagnostic_deepwell,12.0,-50.0,3.733836411798416e-18
diagnostic_deepwell,12.0,-49.6,8.196764699341698e-18
diagnostic_deepwell,12.0,-49.2,3.686764708420779e-18
diagnostic_deepwell,12.0,-48.8,3.0936997113189355e-18
diagnostic_deepwell,12.0,-48.4,4.068214035098663e-18
diagnostic_deepwell,12.0,-48.0,1.3422984054615711e-18
diagnostic_deepwell,12.0,-47.6,7.905690375804446e-18
diagnostic_deepwell,12.0,-47.2,4.330273518234367e-18
diagnostic_deepwell,12.0,-46.8,9.124284700290469e-18
diagnostic_deepwell,12.0,-46.4,4.067257040071503e-18
diagnostic_deepwell,12.0,-46.0,8.103496265684537e-18
diagnostic_deepwell,12.0,-45.6,3.707899170515357e-18
diagnostic_deepwell,12.0,-45.2,1.687941069891772e-17
diagnostic_deepwell,12.0,-44.8,1.6678680629362907e-17
diagnostic_deepwell,12.0,-44.4,1.458924893228108e-17
diagnostic_deepwell,12.0,-44.0,5.7473833927125036e-18
diagnostic_deepwell,12.0,-43.6,3.842883442382997e-18
diagnostic_deepwell,12.0,-43.2,1.6311340524913278e-17
diagnostic_deepwell,12.0,-42.8,1.0813174490494898e-17
diagnostic_deepwell,12.0,-42.4,2.8021032685259972e-18
diagnostic_deepwell,12.0,-42.0,9.02473005812681e-18
diagnostic_deepwell,12.0,-41.6,9.659319291373221e-18
diagnostic_deepwell,12.0,-41.2,7.074885687616043e-18
diagnostic_deepwell,12.0,-40.8,1.7010664713532063e-17
diagnostic_deepwell,12.0,-40.4,1.4464474505018332e-17
diagnostic_deepwell,12.0,-40.0,1.3751218627046897e-18
diagnostic_deepwell,12.0,-39.6,3.3583342333928303e-17
diagnostic_deepwell,12.0,-39.2,8.123013097241202e-18
diagnostic_deepwell,12.0,-38.8,2.1326527718553004e-17
diagnostic_deepwell,12.0,-38.4,1.9127034921360613e-17
diagnostic_deepwell,12.0,-38.0,4.175149708095853e-19
diagnostic_deepwell,12.0,-37.6,3.7479319564530014e-17
diagnostic_deepwell,12.0,-37.2,3.0501451532222705e-17
diagnostic_deepwell,12.0,-36.8,2.0001635838623896e-17
diagnostic_deepwell,12.0,-36.4,3.589155487172668e-17
diagnostic_deepwell,12.0,-36.0,3.337004731708525e-17
diagnostic_deepwell,12.0,-35.6,9.310727615872625e-18
diagnostic_deepwell,12.0,-35.2,3.234979169867093e-17
diagnostic_deepwell,12.0,-34.8,8.688978476863008e-18
diagnostic_deepwell,12.0,-34.4,4.9066056937067314e-17
diagnostic_deepwell,12.0,-34.0,2.8160159137066134e-17
diagnostic_deepwell,12.0,-33.6,7.174725912586421e-17
diagnostic_deepwell,12.0,-33.2,5.82719656041285e-17
diagnostic_deepwell,12.0,-32.8,7.083757283892982e-17
diagnostic_deepwell,12.0,-32.4,3.235697539823219e-17
diagnostic_deepwell,12.0,-32.0,4.954350897926876e-17
diagnostic_deepwell,12.0,-31.6,5.920371035085685e-17
diagnostic_deepwell,12.0,-31.2,3.826692995291949e-17
diagnostic_deepwell,12.0,-30.8,5.609526460514434e-17
diagnostic_deepwell,12.0,-30.4,5.2903094123227256e-17
diagnostic_deepwell,12.0,-30.0,1.3219178097452157e-16
diagnostic_deepwell,12.0,-29.6,9.07042369881836e-17
diagnostic_deepwell,12.0,-29.2,7.072376063160611e-17
diagnostic_deepwell,12.0,-28.8,8.101368503711335e-17
diagnostic_deepwell,12.0,-28.4,6.064619397378983e-17
diagnostic_deepwell,12.0,-28.0,9.906043328067482e-17
diagnostic_deepwell,12.0,-27.6,1.4392607166368514e-16
diagnostic_deepwell,12.0,-27.2,1.6218321493036837e-16
diagnostic_deepwell,12.0,-26.8,8.095315909033345e-17
diagnostic_deepwell,12.0,-26.4,6.603482323926213e-17
diagnostic_deepwell,12.0,-26.0,9.226573841885327e-17
diagnostic_deepwell,12.0,-25.6,1.4373832310548617e-16
diagnostic_deepwell,12.0,-25.2,1.8330676223413372e-16
diagnostic_deepwell,12.0,-24.8,2.2929342557825304e-16
diagnostic_deepwell,12.0,-24.4,1.761644800484432e-17
diagnostic_deepwell,12.0,-24.0,3.940323863806516e-16
diagnostic_deepwell,12.0,-23.6,2.2383992893296763e-16
diagnostic_deepwell,12.0,-23.2,7.12724457095394e-17
diagnostic_deepwell,12.0,-22.8,4.686557685982782e-16
diagnostic_deepwell,12.0,-22.4,5.102345969723538e-16
diagnostic_deepwell,12.0,-22.0,8.501565780695699e-17
diagnostic_deepwell,12.0,-21.6,1.8743468471628178e-16
diagnostic_deepwell,12.0,-21.2,1.2457240250858818e-15
diagnostic_deepwell,12.0,-20.8,3.121655885762104e-16
diagnostic_deepwell,12.0,-20.4,9.000843505761856e-16
diagnostic_deepwell,12.0,-20.0,1.238360648330364e-15
diagnostic_deepwell,12.0,-19.6,7.905228395810372e-16
diagnostic_deepwell,12.0,-19.2,2.5390645117277635e-16
diagnostic_deepwell,12.0,-18.8,2.3492619468925553e-15
diagnostic_deepwell,12.0,-18.4,5.39580890382398e-16
diagnostic_deepwell,12.0,-18.0,1.4836303130809276e-16
diagnostic_deepwell,12.0,-17.6,2.203353529215714e-15
diagnostic_deepwell,12.0,-17.199999999999996,3.570931255948361e-15
diagnostic_deepwell,12.0,-16.799999999999997,3.0082294956684836e-15
diagnostic_deepwell,12.0,-16.4,4.506979817305788e-15
diagnostic_deepwell,12.0,-16.0,5.680254444223824e-16
diagnostic_deepwell,12.0,-15.599999999999994,7.655259925508375e-15
diagnostic_deepwell,12.0,-15.200000000000005,4.1403179249918556e-15
diagnostic_deepwell,12.0,-14.799999999999995,3.480520951903864e-15
diagnostic_deepwell,12.0,-14.400000000000006,2.355799120455374e-15
diagnostic_deepwell,12.0,-14.0,1.6375221999108597e-14
diagnostic_deepwell,12.0,-13.599999999999994,1.7071048909593556e-14
diagnostic_deepwell,12.0,-13.200000000000005,3.044782286645843e-14
diagnostic_deepwell,12.0,-12.799999999999995,3.252258316547605e-14
diagnostic_deepwell,12.0,-12.400000000000006,7.24182310995849e-15
diagnostic_deepwell,12.0,-12.0,3.2891238587213957e-14
diagnostic_deepwell,12.0,-11.599999999999994,3.519859853324017e-14
diagnostic_deepwell,12.0,-11.200000000000005,1.0009064588263301e-13
diagnostic_deepwell,12.0,-10.799999999999995,1.6638247504179996e-14
diagnostic_deepwell,12.0,-10.399999999999991,1.1764835702651085e-13
diagnostic_deepwell,12.0,-10.0,1.4125906943347397e-13
diagnostic_deepwell,12.0,-9.599999999999994,2.403430091343969e-13
diagnostic_deepwell,12.0,-9.200000000000005,1.2195338546991393e-12
diagnostic_deepwell,12.0,-8.799999999999997,7.228962289443072e-13
diagnostic_deepwell,12.0,-8.399999999999991,1.2437245649406486e-12
diagnostic_deepwell,12.0,-8.0,1.6004518425188519e-12
diagnostic_deepwell,12.0,-7.599999999999994,1.3649403087144989e-11
diagnostic_deepwell,12.0,-7.200000000000003,8.028152957330931e-11
diagnostic_deepwell,12.0,-6.799999999999997,2.94035695547568e-11
diagnostic_deepwell,12.0,-6.399999999999992,3.3868133627839985e-10
diagnostic_deepwell,12.0,-6.0,7.955092567700939e-10
diagnostic_deepwell,12.0,-5.599999999999994,1.663184564954832e-09
diagnostic_deepwell,12.0,-5.200000000000003,2.410706796974767e-10
diagnostic_deepwell,12.0,-4.799999999999997,6.255787504787583e-11
diagnostic_deepwell,12.0,-4.399999999999992,1.97971930830985e-11
diagnostic_deepwell,12.0,-4.0,6.052822278311054e-12
diagnostic_deepwell,12.0,-3.5999999999999943,5.336814855320279e-13
diagnostic_deepwell,12.0,-3.200000000000003,4.111376176047143e-13
diagnostic_deepwell,12.0,-2.799999999999997,1.0533741838339484e-12
diagnostic_deepwell,12.0,-2.3999999999999915,6.329645237533323e-14
diagnostic_deepwell,12.0,-2.0,1.612905984665545e-13
diagnostic_deepwell,12.0,-1.5999999999999943,1.594450517590177e-13
diagnostic_deepwell,12.0,-1.2000000000000028,4.856522100711231e-15
diagnostic_deepwell,12.0,-0.7999999999999972,1.5650774913957588e-13
diagnostic_deepwell,12.0,-0.3999999999999915,6.684629508348192e-14
diagnostic_deepwell,12.0,0.0,2.6850591570062516e-15
diagnostic_deepwell,12.0,0.4000000000000057,6.684629508348192e-14
diagnostic_deepwell,12.0,0.7999999999999972,1.5650774913957588e-13
diagnostic_deepwell,12.0,1.2000000000000028,4.856522100711231e-15
diagnostic_deepwell,12.0,1.6000000000000083,1.594450517590177e-13
diagnostic_deepwell,12.0,2.0,1.612905984665545e-13
diagnostic_deepwell,12.0,2.4000000000000057,6.329645237533323e-14
diagnostic_deepwell,12.0,2.799999999999997,1.0533741838339484e-12
diagnostic_deepwell,12.0,3.200000000000003,4.111376176047143e-13
diagnostic_deepwell,12.0,3.6000000000000085,5.3368368131433e-13
diagnostic_deepwell,12.0,4.0,6.052822278311054e-12
diagnostic_deepwell,12.0,4.400000000000006,1.9797208444069065e-11
diagnostic_deepwell,12.0,4.799999999999997,6.255787504787583e-11
diagnostic_deepwell,12.0,5.200000000000003,2.410706796974767e-10
diagnostic_deepwell,12.0,5.6000000000000085,1.6631924784401822e-09
diagnostic_deepwell,12.0,6.0,7.955092567700939e-10
diagnostic_deepwell,12.0,6.400000000000006,3.386892400300656e-10
diagnostic_deepwell,12.0,6.799999999999997,2.94035695547568e-11
diagnostic_deepwell,12.0,7.200000000000003,8.028152957330931e-11
diagnostic_deepwell,12.0,7.600000000000008,1.3649385520886572e-11
diagnostic_deepwell,12.0,8.0,1.6004518425188519e-12
diagnostic_deepwell,12.0,8.400000000000006,1.2437223691583463e-12
diagnostic_deepwell,12.0,8.799999999999997,7.228962289443072e-13
diagnostic_deepwell,12.0,9.200000000000005,1.2195338546991393e-12
diagnostic_deepwell,12.0,9.600000000000009,2.403430091343969e-13
diagnostic_deepwell,12.0,10.0,1.4125906943347397e-13
diagnostic_deepwell,12.0,10.400000000000006,1.1764835702651085e-13
diagnostic_deepwell,12.0,10.799999999999995,1.6638247504179996e-14
diagnostic_deepwell,12.0,11.200000000000005,1.0009064588263301e-13
diagnostic_deepwell,12.0,11.600000000000009,3.5198575066410913e-14
diagnostic_deepwell,12.0,12.0,3.2891238587213957e-14
diagnostic_deepwell,12.0,12.400000000000006,7.24182310995849e-15
diagnostic_deepwell,12.0,12.799999999999995,3.252258316547605e-14
diagnostic_deepwell,12.0,13.200000000000005,3.044782286645843e-14
diagnostic_deepwell,12.0,13.600000000000009,1.7071044453866482e-14
diagnostic_deepwell,12.0,14.0,1.6375221999108597e-14
diagnostic_deepwell,12.0,14.400000000000006,2.355799120455374e-15
diagnostic_deepwell,12.0,14.799999999999995,3.480520951903864e-15
diagnostic_deepwell,12.0,15.200000000000005,4.1403179249918556e-15
diagnostic_deepwell,12.0,15.600000000000009,7.65526118796438e-15
diagnostic_deepwell,12.0,16.0,5.680254444223824e-16
diagnostic_deepwell,12.0,16.400000000000006,4.506980188616377e-15
diagnostic_deepwell,12.0,16.799999999999997,3.0082294956684836e-15
diagnostic_deepwell,12.0,17.200000000000003,3.570931590127892e-15
diagnostic_deepwell,12.0,17.60000000000001,2.2033537241537734e-15
diagnostic_deepwell,12.0,18.0,1.4836303130809276e-16
diagnostic_deepwell,12.0,18.40000000000001,5.395807232926327e-16
diagnostic_deepwell,12.0,18.8,2.3492619468925553e-15
diagnostic_deepwell,12.0,19.200000000000003,2.5390635834512896e-16
diagnostic_deepwell,12.0,19.60000000000001,7.905229602569788e-16
diagnostic_deepwell,12.0,20.0,1.238360648330364e-15
diagnostic_deepwell,12.0,20.40000000000001,9.00084406272774e-16
diagnostic_deepwell,12.0,20.8,3.121655885762104e-16
diagnostic_deepwell,12.0,21.200000000000003,1.2457240807824703e-15
diagnostic_deepwell,12.0,21.60000000000001,1.8743464062314926e-16
diagnostic_deepwell,12.0,22.0,8.501565780695699e-17
diagnostic_deepwell,12.0,22.40000000000001,5.102346294620304e-16
diagnostic_deepwell,12.0,22.8,4.686557685982782e-16
diagnostic_deepwell,12.0,23.200000000000003,7.127246891645125e-17
diagnostic_deepwell,12.0,23.60000000000001,2.2383991036743817e-16
diagnostic_deepwell,12.0,24.0,3.940323863806516e-16
diagnostic_deepwell,12.0,24.40000000000001,1.7616434080697214e-17
diagnostic_deepwell,12.0,24.8,2.2929342557825304e-16
diagnostic_deepwell,12.0,25.200000000000003,1.833067494703322e-16
diagnostic_deepwell,12.0,25.60000000000001,1.4373833702963328e-16
diagnostic_deepwell,12.0,26.0,9.226573841885327e-17
diagnostic_deepwell,12.0,26.40000000000001,6.603481511684299e-17
diagnostic_deepwell,12.0,26.8,8.095315909033345e-17
diagnostic_deepwell,12.0,27.200000000000003,1.6218320564760364e-16
diagnostic_deepwell,12.0,27.60000000000001,1.439260786257587e-16
diagnostic_deepwell,12.0,28.0,9.906043328067482e-17
diagnostic_deepwell,12.0,28.40000000000001,6.06461986151722e-17
diagnostic_deepwell,12.0,28.8,8.101368503711335e-17
diagnostic_deepwell,12.0,29.200000000000003,7.072376527298848e-17
diagnostic_deepwell,12.0,29.60000000000001,9.070423176662844e-17
diagnostic_deepwell,12.0,30.0,1.3219178097452157e-16
diagnostic_deepwell,12.0,30.40000000000001,5.290309818443683e-17
diagnostic_deepwell,12.0,30.8,5.609526460514434e-17
diagnostic_deepwell,12.0,31.200000000000003,3.826693430421546e-17
diagnostic_deepwell,12.0,31.60000000000001,5.920371325172083e-17
diagnostic_deepwell,12.0,32.0,4.954350897926876e-17
diagnostic_deepwell,12.0,32.400000000000006,3.235697771892337e-17
diagnostic_deepwell,12.0,32.8,7.083757283892982e-17
diagnostic_deepwell,12.0,33.2,5.827196792481969e-17
diagnostic_deepwell,12.0,33.60000000000001,7.174725709525943e-17
diagnostic_deepwell,12.0,34.0,2.8160159137066134e-17
diagnostic_deepwell,12.0,34.400000000000006,4.90660586775857e-17
diagnostic_deepwell,12.0,34.8,8.688978476863008e-18
diagnostic_deepwell,12.0,35.2,3.234979010319574e-17
diagnostic_deepwell,12.0,35.60000000000001,9.310726165440635e-18
diagnostic_deepwell,12.0,36.0,3.337004731708525e-17
diagnostic_deepwell,12.0,36.400000000000006,3.589155574198587e-17
diagnostic_deepwell,12.0,36.8,2.0001635838623896e-17
diagnostic_deepwell,12.0,37.2,3.050145080700671e-17
diagnostic_deepwell,12.0,37.60000000000001,3.747931840418442e-17
diagnostic_deepwell,12.0,38.0,4.175149708095853e-19
diagnostic_deepwell,12.0,38.400000000000006,1.912703419614462e-17
diagnostic_deepwell,12.0,38.8,2.1326527718553004e-17
diagnostic_deepwell,12.0,39.2,8.123013967500394e-18
diagnostic_deepwell,12.0,39.60000000000001,3.3583341898798705e-17
diagnostic_deepwell,12.0,40.0,1.3751218627046897e-18
diagnostic_deepwell,12.0,40.400000000000006,1.4464475157712727e-17
diagnostic_deepwell,12.0,40.8,1.7010664713532063e-17
diagnostic_deepwell,12.0,41.2,7.074885252486446e-18
diagnostic_deepwell,12.0,41.60000000000001,9.659319799024417e-18
diagnostic_deepwell,12.0,42.0,9.02473005812681e-18
diagnostic_deepwell,12.0,42.400000000000006,2.8021038486987932e-18
diagnostic_deepwell,12.0,42.8,1.0813174490494898e-17
diagnostic_deepwell,12.0,43.2,1.6311340960042874e-17
diagnostic_deepwell,12.0,43.60000000000001,3.8428830072534e-18
diagnostic_deepwell,12.0,44.0,5.7473833927125036e-18
diagnostic_deepwell,12.0,44.400000000000006,1.4589248642194678e-17
diagnostic_deepwell,12.0,44.8,1.6678680629362907e-17
diagnostic_deepwell,12.0,45.2,1.6879410408831322e-17
diagnostic_deepwell,12.0,45.60000000000001,3.707899388080155e-18
diagnostic_deepwell,12.0,46.0,8.103496265684537e-18
diagnostic_deepwell,12.0,46.400000000000006,4.067256786245905e-18
diagnostic_deepwell,12.0,46.8,9.124284700290469e-18
diagnostic_deepwell,12.0,47.2,4.330273518234367e-18
diagnostic_deepwell,12.0,47.60000000000001,7.905690230761248e-18
diagnostic_deepwell,12.0,48.0,1.3422984054615711e-18
diagnostic_deepwell,12.0,48.400000000000006,4.068214216402662e-18
diagnostic_deepwell,12.0,48.80000000000001,3.0937000014053333e-18
diagnostic_deepwell,12.0,49.19999999999999,3.686764454595181e-18
diagnostic_deepwell,12.0,49.6,8.196764699341698e-18
diagnostic_deepwell,12.0,50.0,3.733836411798416e-18
diagnostic_deepwell,12.0,50.400000000000006,8.76596903864091e-18
diagnostic_deepwell,12.0,50.80000000000001,5.716497386261147e-18
diagnostic_deepwell,12.0,51.19999999999999,5.430993084174412e-18
diagnostic_deepwell,12.0,51.6,2.9143352301963463e-19
diagnostic_deepwell,12.0,52.0,3.6292182209048306e-18
diagnostic_deepwell,12.0,52.400000000000006,4.736189910199603e-18
diagnostic_deepwell,12.0,52.80000000000001,4.218462780144383e-18
diagnostic_deepwell,12.0,53.19999999999999,2.375554427108404e-18
diagnostic_deepwell,12.0,53.6,4.618023941170786e-18
diagnostic_deepwell,12.0,54.0,3.3283771959965025e-18
diagnostic_deepwell,12.0,54.400000000000006,3.8186646910523745e-18
diagnostic_deepwell,12.0,54.80000000000001,3.3896152686228088e-18
diagnostic_deepwell,12.0,55.19999999999999,2.1773580628061418e-18
diagnostic_deepwell,12.0,55.6,2.8506525994936906e-18
diagnostic_deepwell,12.0,56.0,4.8342020179416435e-18
diagnostic_deepwell,12.0,56.400000000000006,3.1190103478518106e-18
diagnostic_deepwell,12.0,56.80000000000001,1.339396653091498e-18
diagnostic_deepwell,12.0,57.20000000000002,3.552310442532772e-18
diagnostic_deepwell,12.0,57.6,2.7711966115491795e-18
diagnostic_deepwell,12.0,58.0,2.015228212894774e-18
diagnostic_deepwell,12.0,58.400000000000006,3.959022759052652e-18
diagnostic_deepwell,12.0,58.80000000000001,1.4437659679859578e-18
diagnostic_deepwell,12.0,59.20000000000002,2.536922890876895e-18
diagnostic_deepwell,12.0,59.6,1.3981262217210847e-18
diagnostic_deepwell,12.0,60.0,2.1989940026961454e-18
diagnostic_deepwell,12.0,60.400000000000006,1.0359940746364076e-18
diagnostic_deepwell,12.0,60.80000000000001,1.455305042857907e-18
diagnostic_deepwell,12.0,61.20000000000002,2.034377559376311e-18
diagnostic_deepwell,12.0,61.6,2.7188761030156637e-19
diagnostic_deepwell,12.0,62.0,8.401063719982094e-19
diagnostic_deepwell,12.0,62.400000000000006,1.4227210881971767e-18
diagnostic_deepwell,12.0,62.80000000000001,1.0679385791586412e-18
diagnostic_deepwell,12.0,63.20000000000002,2.3003784282718914e-18
diagnostic_deepwell,12.0,63.6,1.4707409208364333e-18
diagnostic_deepwell,12.0,64.0,2.0785493596846624e-19
diagnostic_deepwell,12.0,64.4,2.380116117304507e-18
diagnostic_deepwell,12.0,64.80000000000001,1.5330653670234287e-19
diagnostic_deepwell,12.0,65.20000000000002,1.7007480235706292e-18
diagnostic_deepwell,12.0,65.6,7.931537400217713e-19
diagnostic_deepwell,12.0,66.0,5.15840498774316e-19
diagnostic_deepwell,12.0,66.4,2.28046893757987e-18
diagnostic_deepwell,12.0,66.80000000000001,7.4766827439466e-19
diagnostic_deepwell,12.0,67.20000000000002,8.531890600505711e-19
diagnostic_deepwell,12.0,67.6,7.800801806257481e-19
diagnostic_deepwell,12.0,68.0,1.0910580934098613e-19
diagnostic_deepwell,12.0,68.4,7.299721927783436e-19
diagnostic_deepwell,12.0,68.80000000000001,8.250661446710207e-19
diagnostic_deepwell,12.0,69.20000000000002,7.820555375510552e-19
diagnostic_deepwell,12.0,69.6,1.1777675149661611e-18
diagnostic_deepwell,12.0,70.0,3.712242026784932e-19
diagnostic_deepwell,12.0,70.4,5.413377923065352e-19
diagnostic_deepwell,12.0,70.80000000000001,6.726596871380209e-19
diagnostic_deepwell,12.0,71.20000000000002,4.76226105355096e-19
diagnostic_deepwell,12.0,71.6,1.072915877043747e-18
diagnostic_deepwell,12.0,72.0,1.894295182236578e-19
diagnostic_deepwell,12.0,72.4,1.0786039953864694e-18
diagnostic_deepwell,12.0,72.80000000000001,1.1459076204875582e-18
diagnostic_deepwell,12.0,73.20000000000002,7.834656158037663e-20
diagnostic_deepwell,12.0,73.6,4.785564917708141e-19
diagnostic_deepwell,12.0,74.0,9.34030024709162e-19
diagnostic_deepwell,12.0,74.4,1.124461691720876e-18
diagnostic_deepwell,12.0,74.80000000000001,8.399779906366734e-19
diagnostic_deepwell,12.0,75.20000000000002,2.194622355351564e-19
diagnostic_deepwell,12.0,75.6,6.246864405612508e-19
diagnostic_deepwell,12.0,76.0,9.25361449930496e-19
diagnostic_deepwell,12.0,76.4,9.195122883108573e-19
diagnostic_deepwell,12.0,76.80000000000001,9.854996191852037e-19
diagnostic_deepwell,12.0,77.20000000000002,6.975905779128516e-19
diagnostic_deepwell,12.0,77.6,2.358184670026892e-19
diagnostic_deepwell,12.0,78.0,7.111358404551005e-19
diagnostic_deepwell,12.0,78.4,4.622715807638013e-19
diagnostic_deepwell,12.0,78.80000000000001,2.262454526935096e-19
diagnostic_deepwell,12.0,79.20000000000002,5.280540902444262e-19
diagnostic_deepwell,12.0,79.6,1.2733725220379992e-19
diagnostic_deepwell,12.0,80.0,1.415423185247087e-19
diagnostic_deepwell,18.0,-80.0,1.1446567425372289e-19
diagnostic_deepwell,18.0,-79.6,6.0858881376427855e-21
diagnostic_deepwell,18.0,-79.2,4.550498812055731e-19
diagnostic_deepwell,18.0,-78.8,9.353302198812192e-19
diagnostic_deepwell,18.0,-78.4,9.421225584145792e-19
diagnostic_deepwell,18.0,-78.0,2.1253263990364754e-19
diagnostic_deepwell,18.0,-77.6,2.813715177698826e-19
diagnostic_deepwell,18.0,-77.2,1.096834132440553e-18
diagnostic_deepwell,18.0,-76.8,4.875326590635922e-19
diagnostic_deepwell,18.0,-76.4,6.366629260045052e-19
diagnostic_deepwell,18.0,-76.0,5.70466878190623e-19
diagnostic_deepwell,18.0,-75.6,1.1993985095833736e-18
diagnostic_deepwell,18.0,-75.2,4.1423223142202185e-19
diagnostic_deepwell,18.0,-74.8,8.478170612069243e-19
diagnostic_deepwell,18.0,-74.4,1.1008210215742787e-18
diagnostic_deepwell,18.0,-74.0,6.687197984067706e-19
diagnostic_deepwell,18.0,-73.6,9.391874088737764e-19
diagnostic_deepwell,18.0,-73.2,5.589014663975712e-19
diagnostic_deepwell,18.0,-72.8,8.4192466289626625e-19
diagnostic_deepwell,18.0,-72.4,1.3316205203948734e-19
diagnostic_deepwell,18.0,-72.0,5.469735696135584e-19
diagnostic_deepwell,18.0,-71.6,5.06524226806128e-19
diagnostic_deepwell,18.0,-71.2,5.696840215565621e-19
diagnostic_deepwell,18.0,-70.8,4.943147044352544e-19
diagnostic_deepwell,18.0,-70.4,9.685284310122905e-20
diagnostic_deepwell,18.0,-70.0,1.1217622384168114e-18
diagnostic_deepwell,18.0,-69.6,2.2310392138987837e-18
diagnostic_deepwell,18.0,-69.2,1.1549486569886144e-18
diagnostic_deepwell,18.0,-68.8,8.945030468968843e-19
diagnostic_deepwell,18.0,-68.4,4.417208311624398e-19
diagnostic_deepwell,18.0,-68.0,6.442893348294736e-19
diagnostic_deepwell,18.0,-67.6,2.0988489651006775e-18
diagnostic_deepwell,18.0,-67.2,2.2280390769551865e-18
diagnostic_deepwell,18.0,-66.8,2.3821544986121073e-18
diagnostic_deepwell,18.0,-66.4,1.8431132104251394e-18
diagnostic_deepwell,18.0,-66.0,2.2736874660184937e-19
diagnostic_deepwell,18.0,-65.6,1.6909541468843704e-18
diagnostic_deepwell,18.0,-65.2,2.1598115525576953e-18
diagnostic_deepwell,18.0,-64.8,2.1667446678629223e-18
diagnostic_deepwell,18.0,-64.4,1.674817765314923e-18
diagnostic_deepwell,18.0,-64.0,2.2009869009669908e-18
diagnostic_deepwell,18.0,-63.6,1.016901148914798e-18
diagnostic_deepwell,18.0,-63.2,2.1147454880858493e-18
diagnostic_deepwell,18.0,-62.8,9.946803831079736e-19
diagnostic_deepwell,18.0,-62.4,5.686585777048099e-19
diagnostic_deepwell,18.0,-62.0,5.044278438682418e-19
diagnostic_deepwell,18.0,-61.6,1.828734014743257e-18
diagnostic_deepwell,18.0,-61.2,3.364252576693853e-18
diagnostic_deepwell,18.0,-60.8,2.45834792156009e-18
diagnostic_deepwell,18.0,-60.4,1.534233951956668e-18
diagnostic_deepwell,18.0,-60.0,3.800893827114927e-18
diagnostic_deepwell,18.0,-59.6,5.613787908748873e-19
diagnostic_deepwell,18.0,-59.2,2.3703187314787956e-18
diagnostic_deepwell,18.0,-58.8,1.769297489818616e-18
diagnostic_deepwell,18.0,-58.4,3.563914194239147e-18
diagnostic_deepwell,18.0,-58.0,4.397532613347272e-18
diagnostic_deepwell,18.0,-57.6,3.020348282519597e-19
diagnostic_deepwell,18.0,-57.2,3.620774069728512e-18
diagnostic_deepwell,18.0,-56.8,7.841522396370629e-19
diagnostic_deepwell,18.0,-56.4,4.2302832884661125e-18
diagnostic_deepwell,18.0,-56.0,3.00960142923248e-18
diagnostic_deepwell,18.0,-55.6,2.0758902885653343e-18
diagnostic_deepwell,18.0,-55.2,6.278789912607464e-19
diagnostic_deepwell,18.0,-54.8,3.6490594439344905e-18
diagnostic_deepwell,18.0,-54.4,2.7543985775636273e-18
diagnostic_deepwell,18.0,-54.0,3.574653951278304e-18
diagnostic_deepwell,18.0,-53.6,7.74590149973786e-18
diagnostic_deepwell,18.0,-53.2,2.8100526312232775e-18
diagnostic_deepwell,18.0,-52.8,4.38571336210071e-18
diagnostic_deepwell,18.0,-52.4,2.9269874508081114e-18
diagnostic_deepwell,18.0,-52.0,6.960208671873041e-18
diagnostic_deepwell,18.0,-51.6,1.4883994664922328e-18
diagnostic_deepwell,18.0,-51.2,5.084049108222091e-18
diagnostic_deepwell,18.0,-50.8,6.7965866283570094e-18
diagnostic_deepwell,18.0,-50.4,7.54864824788974e-18
diagnostic_deepwell,18.0,-50.0,6.220777004889324e-18
diagnostic_deepwell,18.0,-49.6,2.284362294189897e-18
diagnostic_deepwell,18.0,-49.2,6.073923575410082e-19
diagnostic_deepwell,18.0,-48.8,6.068358928298023e-18
diagnostic_deepwell,18.0,-48.4,2.0708017924870643e-18
diagnostic_deepwell,18.0,-48.0,7.213135771229815e-19
diagnostic_deepwell,18.0,-47.6,2.1707330653996093e-18
diagnostic_deepwell,18.0,-47.2,6.9383006092567686e-18
diagnostic_deepwell,18.0,-46.8,1.2115355700770792e-19
diagnostic_deepwell,18.0,-46.4,1.747468552168174e-17
diagnostic_deepwell,18.0,-46.0,1.6978191382091837e-17
diagnostic_deepwell,18.0,-45.6,2.2597150798611484e-18
diagnostic_deepwell,18.0,-45.2,2.66329519921009e-18
diagnostic_deepwell,18.0,-44.8,1.9259335041540867e-17
diagnostic_deepwell,18.0,-44.4,1.342068558605148e-17
diagnostic_deepwell,18.0,-44.0,7.403322709037209e-18
diagnostic_deepwell,18.0,-43.6,3.604446287582748e-18
diagnostic_deepwell,18.0,-43.2,9.882206884020412e-18
diagnostic_deepwell,18.0,-42.8,8.864484110264106e-18
diagnostic_deepwell,18.0,-42.4,5.273932780488503e-18
diagnostic_deepwell,18.0,-42.0,3.350757080012343e-18
diagnostic_deepwell,18.0,-41.6,1.7961994018557243e-19
diagnostic_deepwell,18.0,-41.2,3.499014457123475e-17
diagnostic_deepwell,18.0,-40.8,1.6206903433283494e-17
diagnostic_deepwell,18.0,-40.4,2.066277340056908e-17
diagnostic_deepwell,18.0,-40.0,8.868019842826243e-18
diagnostic_deepwell,18.0,-39.6,2.3603720503911928e-17
diagnostic_deepwell,18.0,-39.2,6.407182975331993e-18
diagnostic_deepwell,18.0,-38.8,2.948272693391519e-17
diagnostic_deepwell,18.0,-38.4,1.2427224199659979e-17
diagnostic_deepwell,18.0,-38.0,2.0035027635060003e-17
diagnostic_deepwell,18.0,-37.6,5.489298646919745e-19
diagnostic_deepwell,18.0,-37.2,7.551945777058431e-17
diagnostic_deepwell,18.0,-36.8,6.396729200687771e-17
diagnostic_deepwell,18.0,-36.4,1.2299982926420293e-17
diagnostic_deepwell,18.0,-36.0,3.0305423561014286e-17
diagnostic_deepwell,18.0,-35.6,6.493970332826794e-17
diagnostic_deepwell,18.0,-35.2,4.901270026509512e-17
diagnostic_deepwell,18.0,-34.8,3.009415075277175e-17
diagnostic_deepwell,18.0,-34.4,2.1215176320303137e-18
diagnostic_deepwell,18.0,-34.0,6.301424731875195e-17
diagnostic_deepwell,18.0,-33.6,1.1520816629470933e-17
diagnostic_deepwell,18.0,-33.2,1.39962938994108e-16
diagnostic_deepwell,18.0,-32.8,3.6218539529688e-17
diagnostic_deepwell,18.0,-32.4,1.3481249922707387e-16
diagnostic_deepwell,18.0,-32.0,6.39698642346661e-17
diagnostic_deepwell,18.0,-31.6,1.1691844591121678e-16
diagnostic_deepwell,18.0,-31.2,1.458905523452126e-16
diagnostic_deepwell,18.0,-30.8,1.0398861355999373e-16
diagnostic_deepwell,18.0,-30.4,1.4052404140953886e-16
diagnostic_deepwell,18.0,-30.0,6.349547234993994e-17
diagnostic_deepwell,18.0,-29.6,1.3068538769333928e-16
diagnostic_deepwell,18.0,-29.2,2.8297982992257177e-16
diagnostic_deepwell,18.0,-28.8,2.1489201631082626e-16
diagnostic_deepwell,18.0,-28.4,1.2127343273578098e-16
diagnostic_deepwell,18.0,-28.0,1.160065130654843e-16
diagnostic_deepwell,18.0,-27.6,1.4916142267537562e-16
diagnostic_deepwell,18.0,-27.2,6.570276539289304e-17
diagnostic_deepwell,18.0,-26.8,3.266220516929308e-16
diagnostic_deepwell,18.0,-26.4,6.372085206686777e-17
diagnostic_deepwell,18.0,-26.0,4.843886304554894e-16
diagnostic_deepwell,18.0,-25.6,2.789007723068996e-16
diagnostic_deepwell,18.0,-25.2,5.409550444647843e-16
diagnostic_deepwell,18.0,-24.8,5.437268282554937e-16
diagnostic_deepwell,18.0,-24.4,3.86970296431779e-16
diagnostic_deepwell,18.0,-24.0,4.66674855553994e-17
diagnostic_deepwell,18.0,-23.6,9.241176507190135e-16
diagnostic_deepwell,18.0,-23.2,7.219532768603837e-18
diagnostic_deepwell,18.0,-22.8,1.7819654090952928e-16
diagnostic_deepwell,18.0,-22.4,3.325994479971337e-16
diagnostic_deepwell,18.0,-22.0,1.6938323436320615e-15
diagnostic_deepwell,18.0,-21.6,1.002720643925245e-15
diagnostic_deepwell,18.0,-21.2,1.536815407605042e-15
diagnostic_deepwell,18.0,-20.8,6.35706703890307e-17
diagnostic_deepwell,18.0,-20.4,6.628626976259388e-16
diagnostic_deepwell,18.0,-20.0,1.9687871098746803e-15
diagnostic_deepwell,18.0,-19.6,8.681314685924414e-16
diagnostic_deepwell,18.0,-19.2,1.5362135466467102e-15
diagnostic_deepwell,18.0,-18.8,1.8530478099524723e-15
diagnostic_deepwell,18.0,-18.4,1.9490483352467556e-15
diagnostic_deepwell,18.0,-18.0,5.148143926648903e-15
diagnostic_deepwell,18.0,-17.6,2.17471630767425e-15
diagnostic_deepwell,18.0,-17.199999999999996,1.053719903548776e-14
diagnostic_deepwell,18.0,-16.799999999999997,7.690489932147352e-15
diagnostic_deepwell,18.0,-16.4,3.811332124734283e-15
diagnostic_deepwell,18.0,-16.0,3.328872088544535e-14
diagnostic_deepwell,18.0,-15.599999999999994,1.6182370100982867e-14
diagnostic_deepwell,18.0,-15.200000000000005,1.3886615549681868e-14
diagnostic_deepwell,18.0,-14.799999999999995,3.038878413474994e-14
diagnostic_deepwell,18.0,-14.400000000000006,4.6848745305496864e-14
diagnostic_deepwell,18.0,-14.0,1.182661439989737e-13
diagnostic_deepwell,18.0,-13.599999999999994,9.848005013611081e-14
diagnostic_deepwell,18.0,-13.200000000000005,1.1431227778752748e-14
diagnostic_deepwell,18.0,-12.799999999999995,4.876882155713289e-13
diagnostic_deepwell,18.0,-12.400000000000006,3.9838675908126205e-13
diagnostic_deepwell,18.0,-12.0,5.3589160455365093e-14
diagnostic_deepwell,18.0,-11.599999999999994,3.490907087779421e-13
diagnostic_deepwell,18.0,-11.200000000000005,2.1924111906317598e-13
diagnostic_deepwell,18.0,-10.799999999999995,5.887887004533165e-12
diagnostic_deepwell,18.0,-10.399999999999991,1.798159139061587e-11
diagnostic_deepwell,18.0,-10.0,4.044816215832435e-11
diagnostic_deepwell,18.0,-9.599999999999994,4.6690122563821445e-12
diagnostic_deepwell,18.0,-9.200000000000005,6.381047809244564e-09
diagnostic_deepwell,18.0,-8.799999999999997,1.1254713861735507e-08
diagnostic_deepwell,18.0,-8.399999999999991,6.566961389759712e-11
diagnostic_deepwell,18.0,-8.0,1.4614015300317074e-10
diagnostic_deepwell,18.0,-7.599999999999994,5.997991348916174e-12
diagnostic_deepwell,18.0,-7.200000000000003,2.448315992771126e-12
diagnostic_deepwell,18.0,-6.799999999999997,2.8565787361681233e-12
diagnostic_deepwell,18.0,-6.399999999999992,3.099739183758801e-13
diagnostic_deepwell,18.0,-6.0,9.895024662751956e-13
diagnostic_deepwell,18.0,-5.599999999999994,2.6648549827410294e-13
diagnostic_deepwell,18.0,-5.200000000000003,6.119151272051064e-13
diagnostic_deepwell,18.0,-4.799999999999997,4.3511871386661965e-14
diagnostic_deepwell,18.0,-4.399999999999992,1.4300785802524638e-13
diagnostic_deepwell,18.0,-4.0,9.399613212441773e-14
diagnostic_deepwell,18.0,-3.5999999999999943,3.8644644437021504e-14
diagnostic_deepwell,18.0,-3.200000000000003,4.1917976327509095e-14
diagnostic_deepwell,18.0,-2.799999999999997,3.0310098452172156e-14
diagnostic_deepwell,18.0,-2.3999999999999915,1.5216763327814973e-14
diagnostic_deepwell,18.0,-2.0,2.742138392268887e-14
diagnostic_deepwell,18.0,-1.5999999999999943,1.243111677047282e-15
diagnostic_deepwell,18.0,-1.2000000000000028,1.2762256396494535e-15
diagnostic_deepwell,18.0,-0.7999999999999972,1.495239783608158e-14
diagnostic_deepwell,18.0,-0.3999999999999915,1.187647147096417e-14
diagnostic_deepwell,18.0,0.0,4.48271205816852e-15
diagnostic_deepwell,18.0,0.4000000000000057,1.1876472134913624e-14
diagnostic_deepwell,18.0,0.7999999999999972,1.495239783608158e-14
diagnostic_deepwell,18.0,1.2000000000000028,1.2762256396494535e-15
diagnostic_deepwell,18.0,1.6000000000000083,1.2431073982619133e-15
diagnostic_deepwell,18.0,2.0,2.742138392268887e-14
diagnostic_deepwell,18.0,2.4000000000000057,1.5216772623107327e-14
diagnostic_deepwell,18.0,2.799999999999997,3.0310098452172156e-14
diagnostic_deepwell,18.0,3.200000000000003,4.1917976327509095e-14
diagnostic_deepwell,18.0,3.6000000000000085,3.8644644437021504e-14
diagnostic_deepwell,18.0,4.0,9.399613212441773e-14
diagnostic_deepwell,18.0,4.400000000000006,1.4300785802524638e-13
diagnostic_deepwell,18.0,4.799999999999997,4.3511871386661965e-14
diagnostic_deepwell,18.0,5.200000000000003,6.119151272051064e-13
diagnostic_deepwell,18.0,5.6000000000000085,2.6648549827410294e-13
diagnostic_deepwell,18.0,6.0,9.895024662751956e-13
diagnostic_deepwell,18.0,6.400000000000006,3.099739183758801e-13
diagnostic_deepwell,18.0,6.799999999999997,2.8565787361681233e-12
diagnostic_deepwell,18.0,7.200000000000003,2.448315992771126e-12
diagnostic_deepwell,18.0,7.600000000000008,5.9979587144726215e-12
diagnostic_deepwell,18.0,8.0,1.4614015300317074e-10
diagnostic_deepwell,18.0,8.400000000000006,6.567131572339422e-11
diagnostic_deepwell,18.0,8.799999999999997,1.1254713861735507e-08
diagnostic_deepwell,18.0,9.200000000000005,6.381047809244564e-09
diagnostic_deepwell,18.0,9.600000000000009,4.667305595852673e-12
diagnostic_deepwell,18.0,10.0,4.044816215832435e-11
diagnostic_deepwell,18.0,10.400000000000006,1.798162402505942e-11
diagnostic_deepwell,18.0,10.799999999999995,5.887887004533165e-12
diagnostic_deepwell,18.0,11.200000000000005,2.1924111906317598e-13
diagnostic_deepwell,18.0,11.600000000000009,3.490928806303776e-13
diagnostic_deepwell,18.0,12.0,5.3589160455365093e-14
diagnostic_deepwell,18.0,12.400000000000006,3.9838675908126205e-13
diagnostic_deepwell,18.0,12.799999999999995,4.876882155713289e-13
diagnostic_deepwell,18.0,13.200000000000005,1.1431227778752748e-14
diagnostic_deepwell,18.0,13.600000000000009,9.848005013611081e-14
diagnostic_deepwell,18.0,14.0,1.182661439989737e-13
diagnostic_deepwell,18.0,14.400000000000006,4.6848745305496864e-14
diagnostic_deepwell,18.0,14.799999999999995,3.038878413474994e-14
diagnostic_deepwell,18.0,15.200000000000005,1.3886615549681868e-14
diagnostic_deepwell,18.0,15.600000000000009,1.618238072417413e-14
diagnostic_deepwell,18.0,16.0,3.328872088544535e-14
diagnostic_deepwell,18.0,16.400000000000006,3.811328952531338e-15
diagnostic_deepwell,18.0,16.799999999999997,7.690489932147352e-15
diagnostic_deepwell,18.0,17.200000000000003,1.0537200584703152e-14
diagnostic_deepwell,18.0,17.60000000000001,2.174717451142754e-15
diagnostic_deepwell,18.0,18.0,5.148143926648903e-15
diagnostic_deepwell,18.0,18.40000000000001,1.9490476344112207e-15
diagnostic_deepwell,18.0,18.8,1.8530478099524723e-15
diagnostic_deepwell,18.0,19.200000000000003,1.536213104013741e-15
diagnostic_deepwell,18.0,19.60000000000001,8.68131837453249e-16
diagnostic_deepwell,18.0,20.0,1.9687871098746803e-15
diagnostic_deepwell,18.0,20.40000000000001,6.628629189424234e-16
diagnostic_deepwell,18.0,20.8,6.35706703890307e-17
diagnostic_deepwell,18.0,21.200000000000003,1.5368152600607189e-15
diagnostic_deepwell,18.0,21.60000000000001,1.0027207638050076e-15
diagnostic_deepwell,18.0,22.0,1.6938323436320615e-15
diagnostic_deepwell,18.0,22.40000000000001,3.325995402123356e-16
diagnostic_deepwell,18.0,22.8,1.7819654090952928e-16
diagnostic_deepwell,18.0,23.200000000000003,7.219601930005272e-18
diagnostic_deepwell,18.0,23.60000000000001,9.241175953898923e-16
diagnostic_deepwell,18.0,24.0,4.66674855553994e-17
diagnostic_deepwell,18.0,24.40000000000001,3.8697033792861983e-16
diagnostic_deepwell,18.0,24.8,5.437268282554937e-16
diagnostic_deepwell,18.0,25.200000000000003,5.40955076740105e-16
diagnostic_deepwell,18.0,25.60000000000001,2.789008068876003e-16
diagnostic_deepwell,18.0,26.0,4.843886304554894e-16
diagnostic_deepwell,18.0,26.40000000000001,6.372083131844734e-17
diagnostic_deepwell,18.0,26.8,3.266220516929308e-16
diagnostic_deepwell,18.0,27.200000000000003,6.570278153055338e-17
diagnostic_deepwell,18.0,27.60000000000001,1.4916140769040532e-16
diagnostic_deepwell,18.0,28.0,1.160065130654843e-16
diagnostic_deepwell,18.0,28.40000000000001,1.2127342120888075e-16
diagnostic_deepwell,18.0,28.8,2.1489201631082626e-16
diagnostic_deepwell,18.0,29.200000000000003,2.8297981954836155e-16
diagnostic_deepwell,18.0,29.60000000000001,1.306853969148595e-16
diagnostic_deepwell,18.0,30.0,6.349547234993994e-17
diagnostic_deepwell,18.0,30.40000000000001,1.405240529364391e-16
diagnostic_deepwell,18.0,30.8,1.0398861355999373e-16
diagnostic_deepwell,18.0,31.200000000000003,1.4589055753231772e-16
diagnostic_deepwell,18.0,31.60000000000001,1.1691844072411167e-16
diagnostic_deepwell,18.0,32.0,6.39698642346661e-17
diagnostic_deepwell,18.0,32.400000000000006,1.3481250441417898e-16
diagnostic_deepwell,18.0,32.8,3.6218539529688e-17
diagnostic_deepwell,18.0,33.2,1.3996294245217807e-16
diagnostic_deepwell,18.0,33.60000000000001,1.1520820087541006e-17
diagnostic_deepwell,18.0,34.0,6.301424731875195e-17
diagnostic_deepwell,18.0,34.400000000000006,2.1215202255828675e-18
diagnostic_deepwell,18.0,34.8,3.009415075277175e-17
diagnostic_deepwell,18.0,35.2,4.901270199413016e-17
diagnostic_deepwell,18.0,35.60000000000001,6.49397013110604e-17
diagnostic_deepwell,18.0,36.0,3.0305423561014286e-17
diagnostic_deepwell,18.0,36.400000000000006,1.229998033286774e-17
diagnostic_deepwell,18.0,36.8,6.396729200687771e-17
diagnostic_deepwell,18.0,37.2,7.551945949961934e-17
diagnostic_deepwell,18.0,37.60000000000001,5.489315937270103e-19
diagnostic_deepwell,18.0,38.0,2.0035027635060003e-17
diagnostic_deepwell,18.0,38.400000000000006,1.2427222614711196e-17
diagnostic_deepwell,18.0,38.8,2.948272693391519e-17
diagnostic_deepwell,18.0,39.2,6.407184128022017e-18
diagnostic_deepwell,18.0,39.60000000000001,2.3603719927566915e-17
diagnostic_deepwell,18.0,40.0,8.868019842826243e-18
diagnostic_deepwell,18.0,40.400000000000006,2.0662772680137814e-17
diagnostic_deepwell,18.0,40.8,1.6206903433283494e-17
diagnostic_deepwell,18.0,41.2,3.499014370671723e-17
diagnostic_deepwell,18.0,41.60000000000001,1.7962066061683737e-19
diagnostic_deepwell,18.0,42.0,3.350757080012343e-18
diagnostic_deepwell,18.0,42.400000000000006,5.273933284790389e-18
diagnostic_deepwell,18.0,42.8,8.864484110264106e-18
diagnostic_deepwell,18.0,43.2,9.882206523804778e-18
diagnostic_deepwell,18.0,43.60000000000001,3.604445927367116e-18
diagnostic_deepwell,18.0,44.0,7.403322709037209e-18
diagnostic_deepwell,18.0,44.400000000000006,1.342068515379272e-17
diagnostic_deepwell,18.0,44.8,1.9259335041540867e-17
diagnostic_deepwell,18.0,45.2,2.6632946949082044e-18
diagnostic_deepwell,18.0,45.60000000000001,2.2597146476023895e-18
diagnostic_deepwell,18.0,46.0,1.6978191382091837e-17
diagnostic_deepwell,18.0,46.400000000000006,1.7474685233509235e-17
diagnostic_deepwell,18.0,46.8,1.2115355700770792e-19
diagnostic_deepwell,18.0,47.2,6.9383006092567686e-18
diagnostic_deepwell,18.0,47.60000000000001,2.1707327772271032e-18
diagnostic_deepwell,18.0,48.0,7.213135771229815e-19
diagnostic_deepwell,18.0,48.400000000000006,2.070801576357685e-18
diagnostic_deepwell,18.0,48.80000000000001,6.068358460017701e-18
diagnostic_deepwell,18.0,49.19999999999999,6.073919613038125e-19
diagnostic_deepwell,18.0,49.6,2.284362294189897e-18
diagnostic_deepwell,18.0,50.0,6.220777004889324e-18
diagnostic_deepwell,18.0,50.400000000000006,7.548648464019119e-18
diagnostic_deepwell,18.0,50.80000000000001,6.796586952551079e-18
diagnostic_deepwell,18.0,51.19999999999999,5.084048748006459e-18
diagnostic_deepwell,18.0,51.6,1.4883994664922328e-18
diagnostic_deepwell,18.0,52.0,6.960208671873041e-18
diagnostic_deepwell,18.0,52.400000000000006,2.9269875588728013e-18
diagnostic_deepwell,18.0,52.80000000000001,4.385713073928204e-18
diagnostic_deepwell,18.0,53.19999999999999,2.8100528833742202e-18
diagnostic_deepwell,18.0,53.6,7.74590149973786e-18
diagnostic_deepwell,18.0,54.0,3.574653951278304e-18
diagnostic_deepwell,18.0,54.400000000000006,2.7543986856283173e-18
diagnostic_deepwell,18.0,54.80000000000001,3.649059119740421e-18
diagnostic_deepwell,18.0,55.19999999999999,6.278790633038729e-19
diagnostic_deepwell,18.0,55.6,2.0758902885653343e-18
diagnostic_deepwell,18.0,56.0,3.00960142923248e-18
diagnostic_deepwell,18.0,56.400000000000006,4.230283450563147e-18
diagnostic_deepwell,18.0,56.80000000000001,7.841524017340975e-19
diagnostic_deepwell,18.0,57.20000000000002,3.62077426784711e-18
diagnostic_deepwell,18.0,57.6,3.020348282519597e-19
diagnostic_deepwell,18.0,58.0,4.397532613347272e-18
diagnostic_deepwell,18.0,58.400000000000006,3.5639142662822735e-18
diagnostic_deepwell,18.0,58.80000000000001,1.769297345732363e-18
diagnostic_deepwell,18.0,59.20000000000002,2.3703186054033246e-18
diagnostic_deepwell,18.0,59.6,5.613787908748873e-19
diagnostic_deepwell,18.0,60.0,3.800893827114927e-18
diagnostic_deepwell,18.0,60.400000000000006,1.534233951956668e-18
diagnostic_deepwell,18.0,60.80000000000001,2.4583478134954004e-18
diagnostic_deepwell,18.0,61.20000000000002,3.3642527387908877e-18
diagnostic_deepwell,18.0,61.6,1.828734014743257e-18
diagnostic_deepwell,18.0,62.0,5.044278438682418e-19
diagnostic_deepwell,18.0,62.400000000000006,5.686586137263732e-19
diagnostic_deepwell,18.0,62.80000000000001,9.94680509183445e-19
diagnostic_deepwell,18.0,63.20000000000002,2.114745560128976e-18
diagnostic_deepwell,18.0,63.6,1.0169010948824533e-18
diagnostic_deepwell,18.0,64.0,2.2009869009669908e-18
diagnostic_deepwell,18.0,64.4,1.674817765314923e-18
diagnostic_deepwell,18.0,64.80000000000001,2.1667447038844856e-18
diagnostic_deepwell,18.0,65.20000000000002,2.1598116155954308e-18
diagnostic_deepwell,18.0,65.6,1.6909541468843704e-18
diagnostic_deepwell,18.0,66.0,2.2736874660184937e-19
diagnostic_deepwell,18.0,66.4,1.8431132104251394e-18
diagnostic_deepwell,18.0,66.80000000000001,2.382154552644452e-18
diagnostic_deepwell,18.0,67.20000000000002,2.228039148998313e-18
diagnostic_deepwell,18.0,67.6,2.0988489651006775e-18
diagnostic_deepwell,18.0,68.0,6.442893348294736e-19
diagnostic_deepwell,18.0,68.4,4.417208311624398e-19
diagnostic_deepwell,18.0,68.80000000000001,8.9450310993462e-19
diagnostic_deepwell,18.0,69.20000000000002,1.1549485939508788e-18
diagnostic_deepwell,18.0,69.6,2.2310392138987837e-18
diagnostic_deepwell,18.0,70.0,1.1217622384168114e-18
diagnostic_deepwell,18.0,70.4,9.685284310122905e-20
diagnostic_deepwell,18.0,70.80000000000001,4.94314668413691e-19
diagnostic_deepwell,18.0,71.20000000000002,5.696840665835162e-19
diagnostic_deepwell,18.0,71.6,5.06524226806128e-19
diagnostic_deepwell,18.0,72.0,5.469735696135584e-19
diagnostic_deepwell,18.0,72.4,1.3316205203948734e-19
diagnostic_deepwell,18.0,72.80000000000001,8.419246989178295e-19
diagnostic_deepwell,18.0,73.20000000000002,5.589014258733125e-19
diagnostic_deepwell,18.0,73.6,9.391874088737764e-19
diagnostic_deepwell,18.0,74.0,6.687197984067706e-19
diagnostic_deepwell,18.0,74.4,1.1008210215742787e-18
diagnostic_deepwell,18.0,74.80000000000001,8.478170882230967e-19
diagnostic_deepwell,18.0,75.20000000000002,4.142322089085448e-19
diagnostic_deepwell,18.0,75.6,1.1993985095833736e-18
diagnostic_deepwell,18.0,76.0,5.70466878190623e-19
diagnostic_deepwell,18.0,76.4,6.366629260045052e-19
diagnostic_deepwell,18.0,76.80000000000001,4.875326860797647e-19
diagnostic_deepwell,18.0,77.20000000000002,1.0968341639594207e-18
diagnostic_deepwell,18.0,77.6,2.813715177698826e-19
diagnostic_deepwell,18.0,78.0,2.1253263990364754e-19
diagnostic_deepwell,18.0,78.4,9.421225584145792e-19
diagnostic_deepwell,18.0,78.80000000000001,9.353302018704375e-19
diagnostic_deepwell,18.0,79.20000000000002,4.550498406813145e-19
diagnostic_deepwell,18.0,79.6,6.0858881376427855e-21
diagnostic_deepwell,18.0,80.0,1.1446567425372289e-19
