m,s,a,mean_objective,max_objective,max_abs_det_ratio_residual,max_abs_schur_residual,max_abs_weight_residual,mean_abs_xi_residual,max_abs_xi_residual,"corr(xi_gen, xi_target)"
0.0,1.0,0.0,0.00025732417575299193,0.0008613978550933431,4.440892098500626e-16,4.440892098500626e-16,1.1102230246251565e-16,4.451102010417688e-18,8.326672684688674e-17,1.0
0.05,1.125,0.0,0.0002568832278327356,0.0008574584197276936,0.0006609429764634633,0.0004724492932390856,0.00010905050627962876,0.0027807868873597416,0.007733287930013655,0.9977515700366018
-0.05,0.875,0.0,0.00025778355368887105,0.0008655809156601485,0.0006889415453175118,0.0005038549737297338,0.00011958003081602442,0.002880274535350979,0.008475849132947091,0.9974052119928962
-0.05,1.0,-0.125,0.0002572385882850953,0.000858541426166103,0.0012221254472843945,0.0008615543179857355,0.00017890659420483068,0.005225538054129558,0.013237300111825695,0.9931175282085735
-0.1,0.875,-0.125,0.0002576796168674705,0.0008625367317615587,0.0012901385119432618,0.0009611327284173576,0.00013346864090435506,0.0040729408609568715,0.011210532315533095,0.9929720792074728
0.1,1.25,0.0,0.00025645924289214407,0.0008537460133143626,0.0013441068192157068,0.000915450446983046,0.00020850292258245418,0.005468066686692586,0.014789069748501624,0.991662569234734
0.05,1.0,0.125,0.0002574179556042364,0.00086447484633234,0.0013506942637637742,0.0008450393022139124,0.0002052775102837634,0.00552486312998419,0.015175489155178482,0.9927799158014307
0.1,1.125,0.125,0.0002569582467633178,0.0008603461072816148,0.0013834593965009745,0.0008904534037830203,0.00014322341727857069,0.004192716142075823,0.012021435007273235,0.9935923026764051
-0.1,0.75,0.0,0.0002582629558039693,0.0008700256686782274,0.001444036228507528,0.0010412032948832195,0.0002507124477025835,0.005866394373834481,0.01776556124177238,0.9889246802532532
0.0,1.125,-0.125,0.0002568147652483913,0.0008547762267482439,0.0016458044437728248,0.0010231627303722846,0.0002509590683948959,0.00692504721619604,0.0185714454328732,0.9891101924916055
0.0,1.125,0.0,0.0002568604046403118,0.0008501846671646956,0.0016502751292288842,0.0012386158335568886,0.00021944174631527424,0.012776249414240496,0.016573417316023853,0.9977515700366009
-0.15,0.75,-0.125,0.0002581393224383259,0.000866778952748709,0.00167643901049086,0.0011570249507573127,0.00019918051358602806,0.004958850085447608,0.015122435913320562,0.987705142394049
0.15,1.25,0.125,0.0002565167470213294,0.0008564579921578351,0.0018327242201769955,0.0011731031341464249,0.00018895117951722717,0.004955241331998976,0.015857749214669786,0.9899401250413756
0.0,0.875,0.0,0.0002579325573836976,0.0008745650298168978,0.0018699334454188588,0.001403049415792168,0.00026321137945484185,0.014453498631706866,0.019511262144376026,0.9974052119928971
-0.05,1.0,0.0,0.0002572565316928218,0.0008537318306392932,0.0019386422565146333,0.001366703952883963,0.00019003241370418866,0.011005293417737311,0.016225827136280735,1.0
0.0,0.875,0.125,0.00025789746581319914,0.0008688620675573969,0.0020050837911123054,0.0012465193019142173,0.00030612317806388845,0.007589232174204676,0.022625594648177386,0.9864653589028212
0.05,1.25,0.0,0.0002564793180793259,0.0008468411043101717,0.002085874239129648,0.001549638519480423,0.0003070241711498056,0.014447700188661098,0.02229882389803642,0.9916625692347338
0.05,1.25,-0.125,0.0002564067912218447,0.0008512256704532612,0.002090626542867735,0.0012996994690852581,0.00031873921910108294,0.009029289149161054,0.023590868835172363,0.9818477857151687
0.05,1.0,0.0,0.00025742054081585576,0.0008699157213400564,0.0021425310424523225,0.001510441462346357,0.0002102351087382992,0.012162730230172622,0.017932312272740197,0.9999999999999997
-0.1,1.0,-0.25,0.00025715977753504023,0.0008558903709100993,0.0023751133410079284,0.0017844090140908264,0.0003348471136782605,0.010176780034751332,0.02478395356455783,0.973803294917917
-0.1,0.875,0.0,0.0002576689953837327,0.0008574973644971754,0.0024494188643684467,0.0016448315290480409,0.00024678907137576367,0.009129770879221934,0.020914870909873512,0.9974052119928967
0.15,1.125,0.25,0.0002570413192666075,0.000863454597114417,0.0024851230671298907,0.0016356310741052482,0.0003319891937071384,0.00965693449169749,0.024651757316291156,0.976215579355415
-0.15,0.875,-0.25,0.00025758405586408565,0.0008597129682531183,0.0025170863487700146,0.0018910725195477873,0.00026888952300607727,0.008900151980531072,0.02132290552717586,0.9748168238106169
0.05,1.125,0.125,0.0002569216908665168,0.0008527846692294948,0.0026061999590636376,0.0019580230632292306,0.0002589813690213605,0.008921815369008733,0.02207781053645405,0.9935923026764047
-0.05,0.75,0.0,0.0002584672121217415,0.0008795067425524032,0.002621384729693421,0.001947872579586063,0.00040822826391917477,0.016878594632468883,0.028917461681130047,0.9889246802532533
-0.05,1.125,-0.125,0.0002568040809715995,0.0008477689389747999,0.002622058367023783,0.0016404470147521888,0.00036027070375022063,0.016329752581001594,0.026692795081224602,0.9891101924916048
-0.05,1.125,-0.25,0.0002567516087319341,0.0008522855675882028,0.0026223364413433536,0.0016785581645497594,0.00039765477882669487,0.011586217471909138,0.029436830432826785,0.969267168539701
-0.1,1.0,-0.125,0.00025718502454092636,0.0008511598403056475,0.002640040247205988,0.0016560963647607174,0.0003045838079165364,0.014662438842119993,0.023833489093305335,0.9931175282085738
0.0,1.0,0.125,0.0002573344220866113,0.0008565015022295311,0.0026516292072864545,0.0018856101984412454,0.0002486802111629771,0.0071794795841349235,0.02126131478662935,0.9927799158014307
-0.05,0.75,0.125,0.000258398510878978,0.0008735272418314945,0.0027067102503171014,0.001682706022892999,0.00041780968893090353,0.010263623933687382,0.03054282779862004,0.9736324506726156
0.1,1.25,0.125,0.0002565250881162883,0.0008492835353129744,0.002709139288863849,0.00203536079058253,0.00029527704100629215,0.010700126848109054,0.02343990804383944,0.989940125041376
0.1,1.125,0.0,0.00025692935215179387,0.0008655384629312346,0.0027980365760282844,0.001857576828669938,0.00028229553423142484,0.009999679691463335,0.02389161553380334,0.9977515700366014
0.1,1.0,0.25,0.0002575216187396631,0.000867789076793242,0.0028866204086792635,0.0017945524634273013,0.0004408426855634362,0.011376216013885788,0.03257295458645647,0.9712470298575062
0.0,1.25,-0.125,0.00025643720314421877,0.0008445706038595123,0.002908235926541547,0.0018194892241496508,0.00042157172391332765,0.01790330980896307,0.031208972688947442,0.981847785715169
-0.15,0.875,-0.125,0.000257581234149233,0.0008547570800456426,0.0029874441322217393,0.0018740227057272296,0.00030892238625868096,0.01289666001549084,0.025959103363777464,0.9929720792074728
0.0,1.25,-0.25,0.0002563582907294391,0.0008488841144275999,0.0029967067248395374,0.0018661705357678748,0.00045674064678846715,0.013265822420445505,0.033815181159128224,0.9619673117722818
-0.15,0.75,0.0,0.000258099202418039,0.0008614973312090236,0.003009192940711891,0.00192614558760984,0.0003031448944426085,0.008058617249289721,0.025694617941187103,0.9889246802532532
-0.05,0.875,0.125,0.00025776468627382586,0.0008604499130619464,0.0030305233549769994,0.002136633051871506,0.00027417053224865207,0.006827875383603165,0.024091738545386543,0.9864653589028216
0.0,1.0,-0.125,0.0002573179233056755,0.0008667418233031552,0.003048478159233259,0.002225661519199562,0.00029480025874195626,0.007834433950271853,0.025095584552576156,0.9931175282085741
0.1,1.0,0.125,0.0002575336064304193,0.0008733359387311362,0.0030628131461192254,0.001921301662956676,0.00037445627034948803,0.017008726726450905,0.028942572149622564,0.9927799158014304
-0.05,0.875,-0.125,0.0002578091882526607,0.0008711814738518853,0.003108918588229148,0.002335712682476565,0.0003093886900675802,0.009852609850984443,0.02633647327231639,0.9929720792074731
0.0,1.25,0.0,0.0002565124679634613,0.0008406209898325464,0.0031233494069127232,0.0023454480710611847,0.0004064163710565394,0.024078113153003067,0.03080435912289492,0.991662569234734
-0.1,0.75,-0.125,0.0002583215454387831,0.0008758968814361257,0.0032565252888452356,0.002446608749022694,0.0003713459640422023,0.012135750483195666,0.029185847211447694,0.9877051423940498
0.05,0.875,0.125,0.00025806843563902667,0.0008782133907359525,0.0032949672485544923,0.0020614412152586414,0.00048599463509269025,0.01944580664387465,0.03590552937300319,0.9864653589028216
-0.05,1.125,0.0,0.00025685520377049256,0.0008436336495187464,0.003328016023425029,0.002346258347317054,0.00034580788290605735,0.022565721949902126,0.027405916752438447,0.9977515700366009
-0.1,0.75,0.125,0.00025821401048537406,0.0008646471954433422,0.0034015054873361983,0.0023980549064743784,0.0003077032302057914,0.007850055192924229,0.027040759645141688,0.9736324506726155
0.05,1.0,0.25,0.0002574200659987349,0.0008594836768594134,0.0034068313139843376,0.002559532802582254,0.00033847192465097375,0.0074314281234187885,0.0288601709236585,0.9712470298575065
-0.15,1.0,-0.25,0.00025711875228829077,0.0008487720165656314,0.0034863656919674746,0.00218118645398957,0.00043614011868409186,0.018116445494327338,0.033881367046954436,0.9738032949179161
0.1,1.125,0.25,0.0002569891464920466,0.0008555825642867704,0.0035036707335716066,0.0026322877024211877,0.0003480844084828849,0.007218306992644203,0.0296805233109253,0.976215579355415
0.15,1.125,0.125,0.00025702118104567614,0.0008687472756443698,0.0035404569537154096,0.0022209274638311793,0.0003667355077594525,0.014707496065455876,0.030764454145008363,0.9935923026764044
0.15,1.25,0.0,0.0002564573276913226,0.0008614145780919708,0.0035530493873188185,0.002274261084211693,0.0003585390901513774,0.008827436710117162,0.030338448990159167,0.9916625692347338
0.05,1.125,-0.125,0.00025684608241391876,0.0008625590103379677,0.0035602151346174615,0.0025100856972124497,0.00032260160473640553,0.0073447694866270435,0.028302627019077653,0.9891101924916049
-0.1,1.125,-0.25,0.00025675171150658027,0.0008455250504765146,0.00359459739787793,0.0022488998127372373,0.0004929459425352389,0.019673920837291966,0.03659333176857407,0.9692671685397004
0.15,1.25,0.25,0.0002565755729630811,0.0008519104275220984,0.003599772345726393,0.002704488291772833,0.00035762318626164635,0.008351915785609974,0.030494625535898684,0.9761565989271704
0.05,0.875,0.25,0.0002580232597068693,0.000872398382830246,0.0036435199288500364,0.002265101308161155,0.0005565792413307902,0.013416967871192297,0.041113895273669473,0.9602755471109076
-0.1,1.0,0.0,0.0002572112970194491,0.0008468290448951911,0.003692798310394263,0.0026033488288308426,0.0003618204972598571,0.02096329469857088,0.030907562667770838,1.0
0.0,0.875,0.25,0.0002578698588708342,0.0008636308789653988,0.0037015159615338966,0.0026097080995777233,0.00036993867072643294,0.008768965783574889,0.029425925598095565,0.9602755471109072
-0.05,1.25,-0.25,0.00025639786116480207,0.0008424605794675051,0.003853534514375756,0.0024108994940217343,0.000546387006324589,0.021195575214820215,0.040460313053348906,0.9619673117722812
-0.05,1.25,-0.125,0.0002564787291473145,0.0008385747317963595,0.0038768408462539483,0.0024254807112189525,0.0005145778059618689,0.027204878039577326,0.03922684571568409,0.9818477857151683
-0.1,1.125,-0.125,0.0002568088359348372,0.0008414569810428192,0.0038877750206469663,0.0024387999711423802,0.0004701573728779218,0.02578106458029683,0.036590770334789996,0.9891101924916049
0.0,0.75,0.125,0.0002586276406741381,0.0008834015897702893,0.003957370873607591,0.0024602159773328136,0.0006045872936520924,0.022025850612666275,0.04465542520249681,0.9736324506726155
0.05,0.875,0.0,0.0002581246536966295,0.0008845557083433068,0.0039778498897518055,0.002811524126281828,0.00044184235614330714,0.028136316582381218,0.03430292246929906,0.9974052119928971
0.05,1.25,0.125,0.0002565487657340275,0.0008428216170208833,0.00398509382571266,0.00299397810699098,0.00040979275525721004,0.020687168567637547,0.03375878590900348,0.989940125041376
0.0,1.125,0.125,0.00025690527008681335,0.0008459756955022167,0.003987334592774783,0.002924000037455521,0.0003866210975091988,0.019078085800424718,0.03296974384411544,0.993592302676405
0.0,0.75,0.0,0.0002587214545493323,0.0008900532561175517,0.004021735373377133,0.0030215066913390487,0.0005824333926550684,0.03081646215596496,0.04248113873696581,0.9889246802532536
-0.05,0.75,0.25,0.0002583401889103044,0.0008680428380180957,0.0040579578522912385,0.0028610130511177445,0.0004811913961333403,0.010706124087831566,0.035551043791995515,0.9424287573018169
0.1,1.25,-0.125,0.0002563921296084771,0.0008586156485197435,0.004083295298281442,0.00287876386273922,0.00037004286647113194,0.008184288103998651,0.032460746317188954,0.9818477857151695
-0.15,0.875,0.0,0.00025758189498196484,0.0008502203385074086,0.00413134969570228,0.0028550090667320838,0.000411623645724557,0.019266251727352378,0.03489898684055115,0.9974052119928969
-0.15,1.0,-0.125,0.0002571514452786166,0.0008445121226600709,0.004208885732959189,0.0026402326136596432,0.00044161888186322606,0.024272416721751327,0.03657270059372411,0.9931175282085741
-0.05,1.0,-0.25,0.00025722400957421335,0.0008637971489032487,0.0043199767047314985,0.003245573690944248,0.0004300421698800738,0.007919247084873852,0.036595667526307246,0.9738032949179167
-0.05,1.0,0.125,0.0002572760840512949,0.0008493232913247643,0.004337664135396491,0.0030582165104870995,0.0003923041826733309,0.01737329219676816,0.03448311001334203,0.9927799158014308
0.0,0.75,0.25,0.00025854813438665826,0.0008773035551890177,0.004447877662881794,0.002765153947138055,0.0006796379743450043,0.015934322416609116,0.05019035986981672,0.942428757301817
-0.1,0.875,-0.25,0.0002576963660324859,0.0008680440766577931,0.004476881144062084,0.0033634550951950892,0.0004456794821742216,0.00796471300486843,0.03792484661397519,0.9748168238106162
0.15,1.0,0.25,0.0002576592054945258,0.0008770212696252649,0.004492842685130061,0.002810871971144824,0.000635006760829282,0.022346022186292117,0.04689906228841999,0.9712470298575059
0.1,1.0,0.0,0.00025755349436391763,0.0008793852245962,0.004510394041644883,0.003179737439987562,0.000442846131555541,0.025604625964958935,0.03775058229042358,0.9999999999999994
0.0,1.125,-0.25,0.00025676982339842383,0.000859793220623883,0.0045235467067135104,0.0031892707209717486,0.0004145252377329989,0.008933985889302443,0.03596081989501859,0.969267168539701
-0.05,1.25,0.0,0.0002565547081461078,0.000835015447173952,0.004612668211931403,0.003284354329874173,0.0005099816901090737,0.03279207115427829,0.04006277730487949,0.9916625692347336
-0.15,0.75,-0.25,0.0002581884357251985,0.0008725516375924242,0.004634990196499267,0.003482241518355522,0.00046143811826981906,0.009419714758091254,0.03926423029851081,0.9714730619912542
-0.1,0.875,0.125,0.00025766244889319364,0.0008528785436613225,0.004680618538110526,0.0032999299265230597,0.00042328310890249465,0.01556785898868315,0.0372092537703778,0.9864653589028215
-0.15,1.125,-0.25,0.000256765354457282,0.0008394346007971321,0.004690075000992611,0.0029342670747163346,0.0005851063178436977,0.028742224411506315,0.045549146388141615,0.9692671685397004
0.05,1.125,0.25,0.0002569600062897081,0.0008484952528680028,0.004710753248715616,0.0035340999126556305,0.00046719372304260265,0.015313884885300591,0.03984896284103703,0.9762155793554156
-0.1,1.25,-0.25,0.00025644684434388666,0.0008366726187875814,0.004740270794096446,0.0029656712341299407,0.0006274715117939866,0.030084887902432727,0.047934301112183705,0.9619673117722812
0.1,1.25,0.25,0.0002565884693017391,0.0008451877875766525,0.004790971941301514,0.003599429707505042,0.0004758195005516441,0.01701293642239131,0.04058559299629928,0.9761565989271702
-0.1,1.125,0.0,0.00025686312295848175,0.0008377310136461638,0.004949955682332696,0.00348961959067573,0.0004819007059893021,0.03142360300300412,0.04063471354013809,0.9977515700366012
0.0,1.0,0.25,0.0002573469160461006,0.0008520080545108851,0.004958071007317599,0.0035029349914763586,0.0004585013351181555,0.013768540753865152,0.03949756083862753,0.9712470298575063
0.1,0.875,0.25,0.0002582191646368229,0.0008821470866549818,0.004992705686093668,0.0031233461902024917,0.0007630295553997524,0.02492853263698828,0.05633826154893677,0.9602755471109073
-0.15,0.75,0.125,0.00025806571252266194,0.0008566568359966269,0.005016451699111357,0.0035364979503511584,0.00045361704392055113,0.014315234524171896,0.03987900803692185,0.9736324506726153
0.1,0.875,0.125,0.0002582870496333244,0.0008886148551721628,0.0050355861415289915,0.0031504303478855356,0.0006849510726089081,0.03365367021150511,0.05081708487774031,0.9864653589028213
-0.1,1.25,-0.125,0.0002565277505876906,0.0008331706014464951,0.005041075312204324,0.00316226485859894,0.0006156719644961894,0.03562128502105163,0.04793204834840631,0.9818477857151686
0.05,1.25,-0.25,0.0002563323843115897,0.000856016063589822,0.005067517968670998,0.003572790938909609,0.0004593491476807543,0.01042661605969401,0.04028522590817682,0.9619673117722813
0.0,0.875,-0.125,0.0002579779023595383,0.0008807927872796209,0.005130956923491858,0.0038548584722728485,0.0005108791060128848,0.023051548104626274,0.04346569588170662,0.9929720792074727
0.15,1.125,0.0,0.0002570059164842536,0.0008745188355977469,0.005188155393586413,0.0035633813514834856,0.0005209019101489742,0.023214085415249573,0.04405879309041219,0.9977515700366018
0.0,1.25,0.125,0.0002565833700155098,0.0008369989912598275,0.0052259549373574465,0.003861370924454377,0.0005142147477518177,0.029723817610953135,0.043539127440354694,0.9899401250413756
-0.15,1.0,0.0,0.00025718341841608446,0.0008406107089476112,0.005280024345018841,0.0037223113854101264,0.0005171296900666755,0.029973666866319103,0.0441921463383711,0.9999999999999998
-0.05,0.875,0.25,0.0002577505461667086,0.0008557414173353796,0.005287640955339956,0.003727985931227362,0.0004781124784791757,0.013008136302279589,0.042035136673245446,0.9602755471109079
-0.05,0.75,-0.125,0.00025854941192536107,0.0008860372001223838,0.005294087556325877,0.003977417579948739,0.0005652265034701287,0.025574808733222962,0.04500065008661713,0.9877051423940499
-0.15,1.125,-0.125,0.00025682492416129096,0.0008357689824771626,0.005337882843753139,0.0033603784268163572,0.0005850765866546315,0.03433296532679143,0.04679384907849074,0.9891101924916054
0.15,1.0,0.125,0.0002576899885968645,0.0008831891575426138,0.005396429878954834,0.0033851786595604505,0.0005890842440087196,0.030960280361742178,0.04708920181725462,0.9927799158014311
0.05,0.75,0.125,0.00025891175616262683,0.0008943883451469314,0.005505641336403411,0.0034445125280910815,0.0008161360447126453,0.03650505977317007,0.0602522574317713,0.9736324506726158
0.05,1.0,-0.125,0.0002574302558092367,0.0008758566528259913,0.005511320453507107,0.0038856883980384893,0.0004996312796453628,0.020667996003269688,0.04381332062254539,0.9931175282085739
-0.05,1.125,0.125,0.0002569040216375914,0.000839841573031653,0.005546260347658816,0.003910322338757322,0.0005045267637565631,0.02826785931446212,0.04409108214955286,0.9935923026764046
-0.1,0.75,0.25,0.00025817236269279657,0.0008597119302826212,0.005610162915453021,0.003955376054718407,0.0005072359480274846,0.013199673218687497,0.044599088119262956,0.9424287573018163
-0.15,1.25,-0.25,0.0002565019355754716,0.0008314553174985712,0.005782630548831769,0.003617806201626772,0.0007167030676363817,0.038227225709275815,0.055810879807038305,0.9619673117722816
-0.1,1.0,0.125,0.00025723738912352914,0.0008428579041720805,0.0058633207159966005,0.004133813123721186,0.0005300883185944683,0.02672529827184529,0.04661131572296742,0.9927799158014298
0.05,0.75,0.25,0.00025880545855830117,0.0008876038861153774,0.005881658461475592,0.003656505943539612,0.0008991594869969255,0.02771481553886865,0.06636930625954192,0.9424287573018169
0.05,1.25,0.25,0.00025661441107526086,0.0008391312106648247,0.0059020451844613575,0.004409206187409254,0.0005827060558335484,0.02639923488338379,0.049716277938653006,0.9761565989271702
0.05,0.75,0.0,0.00025903734451554266,0.0009017925863274866,0.0059995585476584345,0.004488320548795777,0.0007763691742351808,0.04622018800292387,0.05852507165635844,0.9889246802532535
0.1,1.125,-0.125,0.0002569045771630388,0.0008712074676463281,0.00607687727640549,0.004284427249046541,0.0005509770150572413,0.01841735786784789,0.048309325277137105,0.9891101924916048
-0.1,1.25,0.0,0.00025660293632014434,0.0008299618614602808,0.006112357051655248,0.004309190312518751,0.0006191582809605967,0.04067678641302594,0.04994282533481051,0.991662569234734
0.0,1.125,0.25,0.0002569484008048083,0.0008421114853641617,0.0061198951134748825,0.004363384632127154,0.000574905436476203,0.024847759768764965,0.04919961414903387,0.9762155793554147
-0.15,0.875,0.125,0.00025758457147680527,0.0008460605918202322,0.006173841049349704,0.0043525244669924135,0.0005581201638836797,0.02509167474940528,0.049079842006514315,0.9864653589028213
-0.15,1.25,-0.125,0.0002565814630826027,0.0008282980429515347,0.0063814321017861,0.004033351427221277,0.0007166769354022273,0.043236764983308675,0.056590359376563065,0.9818477857151691
-0.15,1.125,0.0,0.0002568806069359846,0.0008324105028701935,0.006417547375508814,0.0045242423332387816,0.0006229927073744257,0.03943854522436259,0.05299363641857012,0.997751570036601
-0.05,1.0,0.25,0.00025729603697731613,0.0008452760451565953,0.006424618978587038,0.004529598240114563,0.0005807606330805459,0.02320407843569347,0.05107376599874741,0.971247029857506
0.1,0.875,0.0,0.0002583705350145908,0.0008956726452690351,0.006538735057076028,0.004609740928745776,0.0006588758558926378,0.043258169058789944,0.05341682355710567,0.9974052119928969
0.0,1.0,-0.25,0.000257318124527369,0.0008725841687993079,0.006553198601210397,0.004860410398322301,0.0006443642665105997,0.016396278684431633,0.054803859014106115,0.9738032949179161
-0.05,0.875,-0.25,0.000257844388300003,0.0008773050453406114,0.006642789357214962,0.004990689498082013,0.0006616652723612226,0.018385525663202354,0.05627282908671105,0.9748168238106169
0.15,1.25,-0.125,0.0002563991238441823,0.0008668256524777502,0.0066552702560276344,0.004691879635716045,0.0006034975273764287,0.016916292401823456,0.05290703308775782,0.9818477857151693
-0.05,1.25,0.125,0.0002566254524752533,0.0008317503779595872,0.006663741208308149,0.004702665224558089,0.0006139864617873414,0.037900515799003935,0.05302519351991025,0.9899401250413757
-0.1,0.875,0.25,0.0002576585108432176,0.0008486384536122154,0.006722826199418108,0.004739845557063305,0.0006076739918631224,0.021533764403066553,0.05344442266595448,0.9602755471109072
-0.1,0.75,-0.25,0.0002583929323588119,0.0008823171566120318,0.0068175268838532865,0.005121968798420973,0.0006791006589422777,0.02074963127708911,0.057753076983004775,0.971473061991255
0.15,0.875,0.25,0.00025846796619382337,0.000892993433591347,0.006867647705274482,0.00429662905989181,0.0009914133427446625,0.03963570783086106,0.07316378840249392,0.9602755471109078
-0.1,1.125,0.125,0.0002569140144160187,0.000834313174666512,0.006956878819192269,0.0049048303612670985,0.0006287906903669205,0.03658311025323896,0.055304719062359245,0.9935923026764047
-0.15,0.75,0.25,0.00025803711676424234,0.0008522134746058906,0.007014721424741577,0.004945596649290174,0.0006340086821746693,0.020309606036519972,0.05576454212119791,0.9424287573018164
0.15,1.0,0.0,0.00025773282672563336,0.0008899189543317656,0.0071272873663397185,0.005024594808136662,0.0007002457510216775,0.04046021821484985,0.059653157960537884,0.9999999999999998
0.05,1.125,-0.25,0.00025681239094033927,0.0008681346648157821,0.007141523314350362,0.005035042785297428,0.0006476719371472095,0.01534512021885856,0.05677293732864114,0.969267168539701
0.0,1.25,0.25,0.00025664954764244806,0.0008336725106368375,0.007194129989358089,0.005147897265972645,0.0006793703837673082,0.03489230894774313,0.0580454350276392,0.9761565989271702
-0.15,1.0,0.125,0.0002572138925907788,0.000837032081189542,0.007243994234293449,0.005107053186088617,0.0006546949949033376,0.035187343302274694,0.05758717946790966,0.9927799158014301
0.15,0.875,0.125,0.00025856498589121776,0.0009001918559919353,0.007404373494626526,0.0046447610186088895,0.0009050371160586046,0.0493557878344368,0.06990782451103078,0.9864653589028215
0.1,0.75,0.125,0.00025926358399622733,0.0009066210904325688,0.007434982755329944,0.004651572756390943,0.001050165509128842,0.05250706065409339,0.07748942282567038,0.9736324506726156
0.1,0.75,0.25,0.0002591235336977619,0.0008990678927968536,0.0074662313029758565,0.00465191798515896,0.0011420180059823481,0.04267404412755705,0.08424980729457131,0.942428757301817
-0.15,1.25,0.0,0.0002566547555392244,0.0008254043316594512,0.0074693316292475664,0.005265741028782411,0.0007302940519183787,0.047811171809699904,0.06118184463146248,0.991662569234734
-0.05,1.125,0.25,0.0002569499627127323,0.0008363590004695989,0.007475880903013987,0.005270777472479615,0.0006779389162390181,0.033488476210884396,0.05943097842029975,0.9762155793554148
0.0,0.75,-0.125,0.0002588336690147072,0.0008973216628805962,0.007545942118113658,0.005669222981021349,0.0007831422810620214,0.04042726507747773,0.0639236754737098,0.9877051423940498
0.05,0.875,-0.125,0.00025819560564075935,0.0008914851910344725,0.007621511850219864,0.0055337742194723205,0.0007338032376680292,0.037638630812027396,0.06239641455884859,0.9929720792074733
0.1,1.25,-0.25,0.0002563255753410124,0.0008639382732019643,0.007742704533334699,0.005458898176656568,0.0007022952303121777,0.01527415731324744,0.06155214509233506,0.9619673117722813
-0.1,1.0,0.25,0.00025726251040743546,0.0008392110037845682,0.007751606458335836,0.005465174368902925,0.0007004924479950825,0.03200121183739407,0.061622912687425827,0.971247029857506
-0.1,1.25,0.125,0.00025667233451376077,0.0008270175219154835,0.00796801192389518,0.005617721066571768,0.0007200076351451257,0.045299098275539115,0.06334296244186569,0.989940125041376
-0.15,0.875,0.25,0.00025758824567369444,0.0008422406200029038,0.00802149474585212,0.005655414008320037,0.0007248293540056405,0.030426167759132504,0.06376803219188944,0.9602755471109073
0.1,1.0,-0.125,0.0002575845920401876,0.0008859937323835961,0.008233182132945327,0.005804703348825768,0.0007468717070520103,0.03500439834789,0.06545129276687162,0.9931175282085735
-0.15,1.125,0.125,0.0002569321475550232,0.0008293288492922944,0.008233486524861444,0.0058046984325703654,0.0007439466337966216,0.044107060443002895,0.0654532914878906,0.9935923026764046
-0.05,1.25,0.25,0.00025669087350441286,0.0008287508686147694,0.00844788881447256,0.005956079642116752,0.0007701336921748236,0.04257716015532622,0.06715814555413603,0.9761565989271705
-0.1,1.125,0.25,0.0002569612354362548,0.0008311733853702135,0.008702827583714434,0.006135821071817649,0.0007862726960063959,0.0413069197663526,0.06918483119692126,0.9762155793554156
0.1,0.75,0.0,0.00025942922091602455,0.0009148689700916996,0.008732421272227064,0.00623385808414989,0.0010157304622457897,0.06324393783899303,0.07763502165215175,0.9889246802532529
0.15,1.125,-0.125,0.0002569984706401973,0.0008808231994797638,0.008858456124145153,0.006245377930866436,0.0008037075415516792,0.032517058533509835,0.07042157767254154,0.9891101924916049
-0.15,1.0,0.25,0.0002572423995921076,0.0008337446559684282,0.008952384317181039,0.006311718657651788,0.000808764720256594,0.03996118731070675,0.07116827342277376,0.971247029857506
0.0,0.875,-0.25,0.00025803724408639196,0.0008876056939265534,0.009036488125612863,0.0067890616370451795,0.000900645408613121,0.03246484605080171,0.07655048572094042,0.9748168238106164
-0.15,1.25,0.125,0.00025672195275165037,0.0008227483750990506,0.009148397592611435,0.006449748617700646,0.000826433471017074,0.051993612540733314,0.07272650929448037,0.9899401250413762
-0.05,0.75,-0.25,0.0002586492597463396,0.0008931822530171817,0.009229602958349403,0.006934147701924687,0.000919938232682771,0.03509461927840437,0.0781864126474669,0.9714730619912545
0.15,0.875,0.0,0.0002586834136926695,0.0009080512466791749,0.009368950868534842,0.00660492266862267,0.0009167765410033057,0.059970400643147084,0.07689168757450951,0.9974052119928963
0.05,1.0,-0.25,0.0002574504570124442,0.0008823549080774077,0.009384635561966004,0.006656049098780592,0.0008815014622718387,0.029980614504330243,0.07505069459287628,0.973803294917916
0.15,0.75,0.25,0.0002595163275196498,0.0009118360117406804,0.009567844623502797,0.005985962153868263,0.0014107237476842505,0.05932484275662555,0.10401081703910721,0.9424287573018164
-0.1,1.25,0.25,0.00025673605960607694,0.0008243119705551799,0.009582336712629314,0.006755908117567433,0.0008655512711184254,0.04953070107998622,0.07617666115503399,0.9761565989271701
0.15,0.75,0.125,0.00025969876390242454,0.0009202512096684662,0.009709658966612356,0.006074685928567414,0.0013090918494561565,0.07019200665871073,0.09739532908829276,0.9736324506726152
-0.15,1.125,0.25,0.00025697949516770334,0.0008264971502482402,0.009813109741502402,0.00691854488873167,0.0008863401419423322,0.048381340046142335,0.07801073462302223,0.9762155793554148
0.05,0.75,-0.125,0.0002591875405599849,0.0009098880428263565,0.010034626291537396,0.007538957109329392,0.0010242406076457211,0.05684176789113626,0.08500597864651555,0.9877051423940496
0.1,1.125,-0.25,0.00025688690933207644,0.0008774074857213435,0.010034834925312985,0.007074936392186704,0.0009107031643117436,0.027703432059009558,0.07977388425985596,0.9692671685397007
0.1,0.875,-0.125,0.0002584744772175228,0.0009033881514569413,0.010565304296165756,0.0074489372686055155,0.0009804696096914478,0.0537598503998113,0.08399095434708279,0.9929720792074728
-0.15,1.25,0.25,0.0002567833170845027,0.0008203072566801364,0.010608959516696714,0.007479622850164791,0.0009580404272420129,0.05582252509646296,0.0843374574711247,0.9761565989271702
0.15,1.25,-0.25,0.00025634477107587794,0.0008727428473964023,0.010699242925027441,0.007543369044186399,0.0009711563123607769,0.026065422827874468,0.08505572569173186,0.961967311772281
0.15,1.0,-0.125,0.0002577921385183686,0.0008972748451986023,0.011241304504085115,0.007925542863787882,0.001020491740261087,0.050848573288995905,0.08936495030691194,0.9931175282085739
0.15,0.75,0.0,0.0002599147147403986,0.0009294460694915042,0.011793349076902881,0.008314384632133187,0.0012805650704289517,0.08205809107441174,0.09950593748481867,0.9889246802532526
0.05,0.875,-0.25,0.0002582862282407396,0.0008990701047435776,0.011810643077270644,0.008776570224904301,0.001165100681123743,0.04804193394532172,0.09896076211981436,0.9748168238106164
0.0,0.75,-0.25,0.0002589696871116819,0.0009052788511709444,0.011895359288069507,0.008936915124427625,0.0011864516103434752,0.0509482828376021,0.1007687409831084,0.971473061991255
0.1,1.0,-0.25,0.00025763139292392574,0.0008932261844936322,0.012513857347356883,0.008822740524621508,0.0011441315268483354,0.04529643348639535,0.09948135819894843,0.9738032949179163
0.1,0.75,-0.125,0.0002596272963501681,0.0009238925511307326,0.013087579273977301,0.00960533289247012,0.0012910187177824772,0.07498259903546256,0.10830552699915444,0.9877051423940496
0.15,1.125,-0.25,0.0002570029152466254,0.0008877217609714372,0.013232438774679167,0.00932936748248947,0.0012018243524705152,0.04270405266336329,0.10519386189643587,0.9692671685396999
0.15,0.875,-0.125,0.0002588295715369348,0.0009166483166514221,0.013818698096275561,0.009742702374442302,0.0012586727643817408,0.07157655345214156,0.1098544451163257,0.9929720792074728
0.05,0.75,-0.25,0.00025936932059810174,0.0009187564334834341,0.014841475658351477,0.011150315435446867,0.001481418868455986,0.0684692907481831,0.12572607352209497,0.9714730619912542
0.1,0.875,-0.25,0.0002586053157416422,0.0009118387413718799,0.0151950103003049,0.010973106915631803,0.0014577868621046264,0.06525727847465344,0.12372794786188701,0.9748168238106171
0.15,1.0,-0.25,0.0002578738542287178,0.0009053301187109892,0.015972182260779455,0.011260989780148556,0.001451617558675511,0.06222303121188469,0.12697398896265466,0.9738032949179163
0.15,0.75,-0.125,0.0002601729533235398,0.0009395126811140988,0.016606243049142932,0.01188903131381247,0.0015893744936492649,0.09503131804589295,0.13405551024278833,0.9877051423940495
0.1,0.75,-0.25,0.0002598667572228258,0.0009337847305593734,0.018158221180675227,0.013596501089244928,0.001807927809328369,0.08783299914633058,0.15330819163692605,0.9714730619912542
0.15,0.875,-0.25,0.0002590117865961152,0.000926070933329999,0.01893531453129027,0.013417654859789963,0.0017817668302034795,0.08428317659312358,0.1512915998800566,0.9748168238106164
0.15,0.75,-0.25,0.0002604848910684335,0.0009505568910657961,0.022140049900528425,0.016299954334036748,0.0021694125438630474,0.10923320653406036,0.1837911464363648,0.9714730619912542
