width_peak,refamp_peak,center_D,sigma_D,D5p627_max_abs_delta_mu,D5p898_max_abs_delta_mu,D6p169_max_abs_delta_mu,D6p441_max_abs_delta_mu,D6p712_max_abs_delta_mu,joint_hotspot_objective,guard_objective,joint_objective
0.0,0.0,5.63,0.1,14.018475615194689,13.038186183831364,0.7906554960706131,30.245533887575135,0.21506726694990164,14.018475615194689,30.245533887575135,15.122766943787568
0.0,0.5,5.63,0.1,14.042995898871474,12.987381956743278,0.7906539396762895,30.245533887575135,0.21506726694990164,14.042995898871474,30.245533887575135,15.122766943787568
0.0,1.0,5.63,0.1,14.067526485721359,12.936534891502937,0.7906523832816816,30.245533887575135,0.21506726694990164,14.067526485721359,30.245533887575135,15.122766943787568
0.25,0.0,5.63,0.1,14.018475615194689,13.038186183831392,0.7906554960706131,30.245533887575135,0.21506726694990164,14.018475615194689,30.245533887575135,15.122766943787568
0.25,0.5,5.63,0.1,14.042995898871474,12.987381956743313,0.7906539396762895,30.245533887575135,0.21506726694990164,14.042995898871474,30.245533887575135,15.122766943787568
0.25,1.0,5.63,0.1,14.067526485721359,12.936534891502966,0.7906523832816816,30.245533887575135,0.21506726694990164,14.067526485721359,30.245533887575135,15.122766943787568
0.75,0.0,5.63,0.1,14.018475615194689,13.038186183831364,0.7906554960706274,30.245533887575135,0.21506726694990164,14.018475615194689,30.245533887575135,15.122766943787568
0.75,0.5,5.63,0.1,14.042995898871474,12.987381956743278,0.7906539396763037,30.245533887575135,0.21506726694990164,14.042995898871474,30.245533887575135,15.122766943787568
0.75,1.0,5.63,0.1,14.067526485721359,12.936534891502937,0.7906523832816958,30.245533887575135,0.21506726694990164,14.067526485721359,30.245533887575135,15.122766943787568
0.0,0.0,5.63,0.15,14.018475615194689,13.038186183831364,0.7906554960706131,30.245533887575135,0.21506726694990164,14.018475615194689,30.245533887575135,15.122766943787568
0.0,0.0,5.63,0.2,14.018475615194689,13.038186183831364,0.7906554960706131,30.245533887575135,0.21506726694990164,14.018475615194689,30.245533887575135,15.122766943787568
0.0,0.0,5.76,0.1,14.018475615194689,13.038186183831364,0.7906554960706131,30.245533887575135,0.21506726694990164,14.018475615194689,30.245533887575135,15.122766943787568
0.0,0.0,5.76,0.15,14.018475615194689,13.038186183831364,0.7906554960706131,30.245533887575135,0.21506726694990164,14.018475615194689,30.245533887575135,15.122766943787568
0.0,0.0,5.76,0.2,14.018475615194689,13.038186183831364,0.7906554960706131,30.245533887575135,0.21506726694990164,14.018475615194689,30.245533887575135,15.122766943787568
0.0,0.0,5.9,0.1,14.018475615194689,13.038186183831364,0.7906554960706131,30.245533887575135,0.21506726694990164,14.018475615194689,30.245533887575135,15.122766943787568
0.0,0.0,5.9,0.15,14.018475615194689,13.038186183831364,0.7906554960706131,30.245533887575135,0.21506726694990164,14.018475615194689,30.245533887575135,15.122766943787568
0.0,0.0,5.9,0.2,14.018475615194689,13.038186183831364,0.7906554960706131,30.245533887575135,0.21506726694990164,14.018475615194689,30.245533887575135,15.122766943787568
0.5,0.0,5.63,0.1,14.018475615194689,13.038186183831364,0.7906554960706131,30.24553388757515,0.21506726694990164,14.018475615194689,30.24553388757515,15.122766943787575
0.5,0.5,5.63,0.1,14.042995898871474,12.987381956743278,0.7906539396762895,30.24553388757515,0.21506726694990164,14.042995898871474,30.24553388757515,15.122766943787575
0.5,1.0,5.63,0.1,14.067526485721359,12.936534891502937,0.7906523832816816,30.24553388757515,0.21506726694990164,14.067526485721359,30.24553388757515,15.122766943787575
1.0,0.0,5.63,0.1,14.018475615194689,13.038186183831364,0.7906554960706131,30.24553388757515,0.21506726694990164,14.018475615194689,30.24553388757515,15.122766943787575
1.0,0.5,5.63,0.1,14.042995898871474,12.987381956743278,0.7906539396762895,30.24553388757515,0.21506726694990164,14.042995898871474,30.24553388757515,15.122766943787575
1.0,1.0,5.63,0.1,14.067526485721359,12.936534891502937,0.7906523832816816,30.24553388757515,0.21506726694990164,14.067526485721359,30.24553388757515,15.122766943787575
0.0,0.25,5.63,0.1,14.030734469407093,13.01278942279972,0.7906547178733376,30.24553388757542,0.21506726694990164,14.030734469407093,30.24553388757542,15.12276694378771
0.0,0.75,5.63,0.1,14.055259904129478,12.961963781148953,0.7906531614789998,30.24553388757542,0.21506726694990164,14.055259904129478,30.24553388757542,15.12276694378771
0.25,0.25,5.63,0.1,14.030734469407093,13.012789422799749,0.7906547178733376,30.24553388757542,0.21506726694990164,14.030734469407093,30.24553388757542,15.12276694378771
0.25,0.75,5.63,0.1,14.055259904129478,12.961963781148981,0.7906531614789998,30.24553388757542,0.21506726694990164,14.055259904129478,30.24553388757542,15.12276694378771
0.75,0.25,5.63,0.1,14.030734469407093,13.01278942279972,0.790654717873366,30.24553388757542,0.21506726694990164,14.030734469407093,30.24553388757542,15.12276694378771
0.75,0.75,5.63,0.1,14.055259904129478,12.961963781148953,0.7906531614790282,30.24553388757542,0.21506726694990164,14.055259904129478,30.24553388757542,15.12276694378771
0.5,0.25,5.63,0.1,14.030734469407093,13.01278942279972,0.7906547178733376,30.245533887575434,0.21506726694990164,14.030734469407093,30.245533887575434,15.122766943787717
0.5,0.75,5.63,0.1,14.055259904129478,12.961963781148953,0.7906531614789998,30.245533887575434,0.21506726694990164,14.055259904129478,30.245533887575434,15.122766943787717
1.0,0.25,5.63,0.1,14.030734469407093,13.01278942279972,0.7906547178733376,30.245533887575434,0.21506726694990164,14.030734469407093,30.245533887575434,15.122766943787717
1.0,0.75,5.63,0.1,14.055259904129478,12.961963781148953,0.7906531614789998,30.245533887575434,0.21506726694990164,14.055259904129478,30.245533887575434,15.122766943787717
0.25,0.0,5.76,0.1,14.018475615194689,13.038186183831364,0.7906554960706131,30.245533887666994,0.21506726694990164,14.018475615194689,30.245533887666994,15.122766943833497
0.0,0.25,5.76,0.1,14.023547585033597,12.68025526492228,0.7902839707189173,30.24553388772685,0.21506726694990164,14.023547585033597,30.24553388772685,15.122766943863425
0.5,0.0,5.76,0.1,14.018475615194689,13.038186183831364,0.7906554960706131,30.245533887758896,0.21506726694990164,14.018475615194689,30.245533887758896,15.122766943879448
0.25,0.25,5.76,0.1,14.023547585033597,12.68025526492228,0.7902839707189173,30.245533887818723,0.21506726694990164,14.023547585033597,30.245533887818723,15.122766943909362
0.75,0.0,5.76,0.1,14.018475615194689,13.038186183831364,0.7906554960706131,30.245533887850755,0.21506726694990164,14.018475615194689,30.245533887850755,15.122766943925377
0.0,0.5,5.76,0.1,14.02861999570451,12.32019802192415,0.7899124434519251,30.24553388787858,0.21506726694990164,14.02861999570451,30.24553388787858,15.12276694393929
0.5,0.25,5.76,0.1,14.023547585033597,12.68025526492228,0.7902839707189173,30.24553388791061,0.21506726694990164,14.023547585033597,30.24553388791061,15.122766943955305
1.0,0.0,5.76,0.1,14.018475615194689,13.038186183831364,0.7906554960706131,30.245533887942628,0.21506726694990164,14.018475615194689,30.245533887942628,15.122766943971314
0.25,0.5,5.76,0.1,14.02861999570451,12.32019802192415,0.7899124434519251,30.24553388797044,0.21506726694990164,14.02861999570451,30.24553388797044,15.12276694398522
0.75,0.25,5.76,0.1,14.023547585033597,12.68025526492228,0.7902839707189173,30.24553388800247,0.21506726694990164,14.023547585033597,30.24553388800247,15.122766944001235
0.0,0.75,5.76,0.1,14.033692847246378,11.958001823198032,0.7895409142695655,30.245533888030025,0.21506726694990164,14.033692847246378,30.245533888030025,15.122766944015012
0.5,0.5,5.76,0.1,14.02861999570451,12.32019802192415,0.7899124434519251,30.245533888062326,0.21506726694990164,14.02861999570451,30.245533888062326,15.122766944031163
1.0,0.25,5.76,0.1,14.023547585033597,12.68025526492228,0.7902839707189173,30.245533888094343,0.21506726694990164,14.023547585033597,30.245533888094343,15.122766944047171
0.25,0.75,5.76,0.1,14.033692847246378,11.958001823198032,0.7895409142695655,30.245533888121884,0.21506726694990164,14.033692847246378,30.245533888121884,15.122766944060942
0.75,0.5,5.76,0.1,14.02861999570451,12.32019802192415,0.7899124434519251,30.245533888154185,0.21506726694990164,14.02861999570451,30.245533888154185,15.122766944077092
0.0,1.0,5.76,0.1,14.03876613969667,11.593653962065275,0.7891693831718669,30.245533888181726,0.21506726694990164,14.03876613969667,30.245533888181726,15.122766944090863
0.5,0.75,5.76,0.1,14.033692847246378,11.958001823198032,0.7895409142695655,30.24553388821377,0.21506726694990164,14.033692847246378,30.24553388821377,15.122766944106885
1.0,0.5,5.76,0.1,14.02861999570451,12.32019802192415,0.7899124434519251,30.245533888246072,0.21506726694990164,14.02861999570451,30.245533888246072,15.122766944123036
0.25,1.0,5.76,0.1,14.03876613969667,11.593653962065275,0.7891693831718669,30.245533888273584,0.21506726694990164,14.03876613969667,30.245533888273584,15.122766944136792
0.75,0.75,5.76,0.1,14.033692847246378,11.958001823198032,0.7895409142695655,30.24553388830563,0.21506726694990164,14.033692847246378,30.24553388830563,15.122766944152815
0.5,1.0,5.76,0.1,14.03876613969667,11.593653962065275,0.7891693831718669,30.245533888365486,0.21506726694990164,14.03876613969667,30.245533888365486,15.122766944182743
1.0,0.75,5.76,0.1,14.033692847246378,11.958001823198032,0.7895409142695655,30.245533888397517,0.21506726694990164,14.033692847246378,30.245533888397517,15.122766944198759
0.75,1.0,5.76,0.1,14.03876613969667,11.593653962065275,0.7891693831718669,30.245533888457345,0.21506726694990164,14.03876613969667,30.245533888457345,15.122766944228673
1.0,1.0,5.76,0.1,14.03876613969667,11.593653962065275,0.7891693831718669,30.245533888549218,0.21506726694990164,14.03876613969667,30.245533888549218,15.122766944274609
0.25,0.0,5.9,0.1,14.018475615194689,13.038186183831364,0.7906554960706131,30.24553436202727,0.21506726694989808,14.018475615194689,30.24553436202727,15.122767181013636
0.25,0.0,5.63,0.15,14.018475615194689,13.038186183831392,0.7906554960706131,30.24553436785881,0.215067266949994,14.018475615194689,30.24553436785881,15.122767183929405
0.0,0.25,5.9,0.1,14.018771835854466,12.10242163369525,0.7475763335043553,30.245534670642712,0.21506726694990164,14.018771835854466,30.245534670642712,15.122767335321356
0.0,0.25,5.63,0.15,14.030737297130322,12.850339930982933,0.7881304990595766,30.245534680267426,0.2150672669474396,14.030737297130322,30.245534680267426,15.122767340133713
0.5,0.0,5.9,0.1,14.018475615194689,13.038186183831364,0.7906554960706131,30.245534836479408,0.21506726694990164,14.018475615194689,30.245534836479408,15.122767418239704
0.5,0.0,5.63,0.15,14.018475615194689,13.038186183831364,0.7906554960706131,30.24553484814247,0.21506726695008993,14.018475615194689,30.24553484814247,15.122767424071235
0.25,0.25,5.9,0.1,14.018771835854466,12.10242163369525,0.7475763335043553,30.245535145094863,0.21506726694989808,14.018771835854466,30.245535145094863,15.122767572547431
0.25,0.25,5.63,0.15,14.030737297130322,12.850339930982962,0.7881304990595766,30.2455351605511,0.21506726694753198,14.030737297130322,30.2455351605511,15.12276758027555
0.75,0.0,5.9,0.1,14.018475615194689,13.038186183831364,0.7906554960706131,30.245535310931544,0.21506726694989808,14.018475615194689,30.245535310931544,15.122767655465772
0.75,0.0,5.63,0.15,14.018475615194689,13.038186183831364,0.7906554960706131,30.245535328426143,0.2150672669501823,14.018475615194689,30.245535328426143,15.122767664213072
0.0,0.5,5.9,0.1,14.019068058017673,11.152123784650222,0.7044714195121315,30.245535453710048,0.21506726694990164,14.019068058017673,30.245535453710048,15.122767726855024
0.0,0.5,5.63,0.15,14.04300155550635,12.661908030894459,0.7856054135803419,30.24553547295949,0.21506726694504152,14.04300155550635,30.24553547295949,15.122767736479744
0.5,0.25,5.9,0.1,14.018771835854466,12.10242163369525,0.7475763335043553,30.245535619547,0.21506726694990164,14.018771835854466,30.245535619547,15.1227678097735
0.5,0.25,5.63,0.15,14.030737297130322,12.850339930982933,0.7881304990595766,30.245535640834774,0.2150672669476279,14.030737297130322,30.245535640834774,15.122767820417387
1.0,0.0,5.9,0.1,14.018475615194689,13.038186183831364,0.7906554960706131,30.245535785383694,0.21506726694990164,14.018475615194689,30.245535785383694,15.122767892691847
1.0,0.0,5.63,0.15,14.018475615194689,13.038186183831364,0.7906554960706131,30.245535808709832,0.21506726695027822,14.018475615194689,30.245535808709832,15.122767904354916
0.25,0.5,5.9,0.1,14.019068058017673,11.152123784650222,0.7044714195121315,30.245535928162198,0.21506726694989808,14.019068058017673,30.245535928162198,15.122767964081099
0.25,0.5,5.63,0.15,14.04300155550635,12.661908030894487,0.7856054135803419,30.245535953243177,0.2150672669451339,14.04300155550635,30.245535953243177,15.122767976621589
0.75,0.25,5.9,0.1,14.018771835854466,12.10242163369525,0.7475763335043553,30.245536093999135,0.21506726694989808,14.018771835854466,30.245536093999135,15.122768046999568
0.75,0.25,5.63,0.15,14.030737297130322,12.850339930982933,0.7881304990595766,30.245536121118462,0.21506726694772027,14.030737297130322,30.245536121118462,15.122768060559231
0.0,0.75,5.9,0.1,14.019364281684787,10.187066920967546,0.661340738699522,30.24553623677764,0.21506726694990164,14.019364281684787,30.24553623677764,15.12276811838882
0.0,0.75,5.63,0.15,14.05526839086393,12.472888657696743,0.7830802396295127,30.245536265651836,0.21506726694256528,14.05526839086393,30.245536265651836,15.122768132825918
0.5,0.5,5.9,0.1,14.019068058017673,11.152123784650222,0.7044714195121315,30.245536402614334,0.21506726694990164,14.019068058017673,30.245536402614334,15.122768201307167
0.5,0.5,5.63,0.15,14.04300155550635,12.661908030894459,0.7856054135803419,30.245536433526837,0.21506726694522982,14.04300155550635,30.245536433526837,15.122768216763419
1.0,0.25,5.9,0.1,14.018771835854466,12.10242163369525,0.7475763335043553,30.2455365684513,0.21506726694990164,14.018771835854466,30.2455365684513,15.12276828422565
1.0,0.25,5.63,0.15,14.030737297130322,12.850339930982933,0.7881304990595766,30.24553660140215,0.21506726694781264,14.030737297130322,30.24553660140215,15.122768300701075
0.25,0.75,5.9,0.1,14.019364281684787,10.187066920967546,0.661340738699522,30.24553671122979,0.21506726694989808,14.019364281684787,30.24553671122979,15.122768355614895
0.25,0.75,5.63,0.15,14.05526839086393,12.472888657696771,0.7830802396295127,30.24553674593551,0.2150672669426612,14.05526839086393,30.24553674593551,15.122768372967755
0.75,0.5,5.9,0.1,14.019068058017673,11.152123784650222,0.7044714195121315,30.245536877066485,0.21506726694989808,14.019068058017673,30.245536877066485,15.122768438533242
0.75,0.5,5.63,0.15,14.04300155550635,12.661908030894459,0.7856054135803419,30.245536913810525,0.2150672669453222,14.04300155550635,30.245536913810525,15.122768456905263
0.0,1.0,5.9,0.1,14.019660506855352,9.20702182134174,0.6181842756643476,30.245537019845216,0.21506726694990164,14.019660506855352,30.245537019845216,15.122768509922608
0.0,1.0,5.63,0.15,14.067537803744955,12.283279979828023,0.7805549772037637,30.245537058343857,0.21506726694002154,14.067537803744955,30.245537058343857,15.122768529171928
0.5,0.75,5.9,0.1,14.019364281684787,10.187066920967546,0.661340738699522,30.245537185681926,0.21506726694990164,14.019364281684787,30.245537185681926,15.122768592840963
0.5,0.75,5.63,0.15,14.05526839086393,12.472888657696743,0.7830802396295127,30.245537226219184,0.21506726694275358,14.05526839086393,30.245537226219184,15.122768613109592
1.0,0.5,5.9,0.1,14.019068058017673,11.152123784650222,0.7044714195121315,30.24553735151865,0.21506726694990164,14.019068058017673,30.24553735151865,15.122768675759325
1.0,0.5,5.63,0.15,14.04300155550635,12.661908030894459,0.7856054135803419,30.245537394094228,0.2150672669454181,14.04300155550635,30.245537394094228,15.122768697047114
0.25,1.0,5.9,0.1,14.019660506855352,9.20702182134174,0.6181842756643476,30.24553749429738,0.21506726694989808,14.019660506855352,30.24553749429738,15.12276874714869
0.25,1.0,5.63,0.15,14.067537803744955,12.283279979828059,0.7805549772037637,30.245537538627545,0.2150672669401139,14.067537803744955,30.245537538627545,15.122768769313772
0.75,0.75,5.9,0.1,14.019364281684787,10.187066920967546,0.661340738699522,30.245537660134076,0.21506726694989808,14.019364281684787,30.245537660134076,15.122768830067038
0.75,0.75,5.63,0.15,14.05526839086393,12.472888657696743,0.7830802396295127,30.245537706502887,0.21506726694284595,14.05526839086393,30.245537706502887,15.122768853251443
0.5,1.0,5.9,0.1,14.019660506855352,9.20702182134174,0.6181842756643476,30.245537968749517,0.21506726694990164,14.019660506855352,30.245537968749517,15.122768984374758
0.5,1.0,5.63,0.15,14.067537803744955,12.283279979828023,0.7805549772037637,30.245538018911233,0.21506726694020983,14.067537803744955,30.245538018911233,15.122769009455617
1.0,0.75,5.9,0.1,14.019364281684787,10.187066920967546,0.661340738699522,30.245538134586255,0.21506726694990164,14.019364281684787,30.245538134586255,15.122769067293127
1.0,0.75,5.63,0.15,14.05526839086393,12.472888657696743,0.7830802396295127,30.24553818678659,0.21506726694294187,14.05526839086393,30.24553818678659,15.122769093393295
0.75,1.0,5.9,0.1,14.019660506855352,9.20702182134174,0.6181842756643476,30.24553844320168,0.21506726694989808,14.019660506855352,30.24553844320168,15.12276922160084
0.75,1.0,5.63,0.15,14.067537803744955,12.283279979828023,0.7805549772037637,30.245538499194936,0.2150672669403022,14.067537803744955,30.245538499194936,15.122769249597468
1.0,1.0,5.9,0.1,14.019660506855352,9.20702182134174,0.6181842756643476,30.24553891765386,0.21506726694990164,14.019660506855352,30.24553891765386,15.12276945882693
1.0,1.0,5.63,0.15,14.067537803744955,12.283279979828023,0.7805549772037637,30.24553897947864,0.21506726694039457,14.067537803744955,30.24553897947864,15.12276948973932
0.25,0.0,5.76,0.15,14.018475615194689,13.038186183831364,0.7906554960706131,30.24556958160437,0.21506726698313372,14.018475615194689,30.24556958160437,15.122784790802186
0.0,0.25,5.76,0.15,14.026758916833359,12.428001914886359,0.7514819890189983,30.245592799393904,0.2150672660774653,14.026758916833359,30.245592799393904,15.122796399696952
0.5,0.0,5.76,0.15,14.018475615194689,13.038186183831364,0.7906554960706131,30.245605275650348,0.21506726701636225,14.018475615194689,30.245605275650348,15.122802637825174
0.25,0.25,5.76,0.15,14.026758916833359,12.428001914886359,0.7514819890189983,30.24562849345081,0.21506726611069737,14.026758916833359,30.24562849345081,15.122814246725405
0.75,0.0,5.76,0.15,14.018475615194689,13.038186183831364,0.7906554960706131,30.245640969713108,0.21506726704959434,14.018475615194689,30.245640969713108,15.122820484856554
0.0,0.5,5.76,0.15,14.035043394254416,11.811638150125198,0.7122871882394719,30.245651711258333,0.2150672652050325,14.035043394254416,30.245651711258333,15.122825855629166
0.5,0.25,5.76,0.15,14.026758916833359,12.428001914886359,0.7514819890189983,30.245664187524454,0.21506726614392946,14.026758916833359,30.245664187524454,15.122832093762227
1.0,0.0,5.76,0.15,14.018475615194689,13.038186183831364,0.7906554960706274,30.245676663792636,0.21506726708282287,14.018475615194689,30.245676663792636,15.122838331896318
0.25,0.5,5.76,0.15,14.035043394254416,11.811638150125198,0.7122871882394719,30.245687405342906,0.21506726523826458,14.035043394254416,30.245687405342906,15.122843702671453
0.75,0.25,5.76,0.15,14.026758916833359,12.428001914886359,0.7514819890189983,30.245699881614883,0.21506726617716154,14.026758916833359,30.245699881614883,15.122849940807441
0.0,0.75,5.76,0.15,14.043329047624795,11.189032308176692,0.6730710821578612,30.24571062316869,0.2150672643325855,14.043329047624795,30.24571062316869,15.122855311584345
0.5,0.5,5.76,0.15,14.035043394254416,11.811638150125198,0.7122871882394719,30.245723099444234,0.2150672652714931,14.035043394254416,30.245723099444234,15.122861549722117
1.0,0.25,5.76,0.15,14.026758916833359,12.428001914886359,0.7514819890190125,30.245735575722094,0.21506726621038652,14.026758916833359,30.245735575722094,15.122867787861047
0.25,0.75,5.76,0.15,14.043329047624795,11.189032308176692,0.6730710821578612,30.245746317280933,0.21506726436581758,14.043329047624795,30.245746317280933,15.122873158640466
0.75,0.5,5.76,0.15,14.035043394254416,11.811638150125198,0.7122871882394719,30.24575879356233,0.2150672653047252,14.035043394254416,30.24575879356233,15.122879396781165
0.0,1.0,5.76,0.15,14.051615877111608,10.560121173890927,0.6338336591925753,30.245769535124168,0.2150672634601385,14.051615877111608,30.245769535124168,15.122884767562084
0.5,0.75,5.76,0.15,14.043329047624795,11.189032308176692,0.6730710821578612,30.245782011409943,0.2150672643990461,14.043329047624795,30.245782011409943,15.122891005704972
1.0,0.5,5.76,0.15,14.035043394254416,11.811638150125198,0.7122871882395003,30.24579448769721,0.21506726533795373,14.035043394254416,30.24579448769721,15.122897243848605
0.25,1.0,5.76,0.15,14.051615877111608,10.560121173890927,0.6338336591925753,30.245805229264093,0.21506726349337058,14.051615877111608,30.245805229264093,15.122902614632046
0.75,0.75,5.76,0.15,14.043329047624795,11.189032308176692,0.6730710821578612,30.24581770555571,0.2150672644322782,14.043329047624795,30.24581770555571,15.122908852777854
0.25,0.0,5.63,0.2,14.018475615194689,13.038186183831364,0.7906554960706131,30.245819905912697,0.21506727511338042,14.018475615194689,30.245819905912697,15.122909952956348
0.5,1.0,5.76,0.15,14.051615877111608,10.560121173890927,0.6338336591925753,30.245840923420772,0.2150672635265991,14.051615877111608,30.245840923420772,15.122920461710386
1.0,0.75,5.76,0.15,14.043329047624795,11.189032308176692,0.6730710821578754,30.24585339971827,0.21506726446550672,14.043329047624795,30.24585339971827,15.122926699859136
0.75,1.0,5.76,0.15,14.051615877111608,10.560121173890927,0.6338336591925753,30.24587661759422,0.2150672635598312,14.051615877111608,30.24587661759422,15.12293830879711
1.0,1.0,5.76,0.15,14.051615877111608,10.560121173890927,0.6338336591925895,30.24591231178445,0.21506726359305972,14.051615877111608,30.24591231178445,15.122956155892226
0.0,0.25,5.63,0.2,14.03073828698735,12.659358238561062,0.7478707062924457,30.246005951920083,0.21506705261976578,14.03073828698735,30.246005951920083,15.123002975960041
0.5,0.0,5.63,0.2,14.018475615194689,13.038186183831364,0.7906554960706131,30.2461059253269,0.21506728327686275,14.018475615194689,30.2461059253269,15.12305296266345
0.25,0.25,5.63,0.2,14.03073828698735,12.659358238561062,0.7478707062924457,30.24629197203454,0.2150670607832481,14.03073828698735,30.24629197203454,15.12314598601727
0.75,0.0,5.63,0.2,14.018475615194689,13.038186183831364,0.7906554960705847,30.246391945817663,0.21506729144034864,14.018475615194689,30.246391945817663,15.123195972908832
0.0,0.5,5.63,0.2,14.043003535636608,12.278148439793696,0.7050605158197811,30.246478019197752,0.2150668382896228,14.043003535636608,30.246478019197752,15.123239009598876
0.5,0.25,5.63,0.2,14.03073828698735,12.659358238561062,0.7478707062924457,30.246577993225642,0.2150670689467269,14.03073828698735,30.246577993225642,15.123288996612821
1.0,0.0,5.63,0.2,14.018475615194689,13.038186183831364,0.7906554960705847,30.246677967385054,0.21506729960383097,14.018475615194689,30.246677967385054,15.123338983692527
0.25,0.5,5.63,0.2,14.043003535636608,12.278148439793696,0.7050605158197811,30.246764041089122,0.2150668464531016,14.043003535636608,30.246764041089122,15.123382020544561
0.75,0.25,5.63,0.2,14.03073828698735,12.659358238561062,0.7478707062924315,30.24686401549333,0.21506707711021278,14.03073828698735,30.24686401549333,15.123432007746665
0.0,0.75,5.63,0.2,14.05527136168375,11.894541811796493,0.6622249095725294,30.24695008940786,0.2150666239595651,14.05527136168375,30.24695008940786,15.12347504470393
0.5,0.5,5.63,0.2,14.043003535636608,12.278148439793696,0.7050605158197811,30.247050064057134,0.21506685461658392,14.043003535636608,30.247050064057134,15.123525032028567
0.25,0.0,5.9,0.15,14.018475615194689,13.038186183831364,0.7906554960706131,30.247129108791526,0.21506727497727596,14.018475615194689,30.247129108791526,15.123564554395763
1.0,0.25,5.63,0.2,14.03073828698735,12.659358238561062,0.7478707062924315,30.24715003883763,0.2150670852736951,14.03073828698735,30.24715003883763,15.123575019418816
0.25,0.75,5.63,0.2,14.05527136168375,11.894541811796493,0.6622249095725294,30.247236113076156,0.2150666321230439,14.05527136168375,30.247236113076156,15.123618056538078
0.75,0.5,5.63,0.2,14.043003535636608,12.278148439793696,0.7050605158197527,30.247336088101747,0.2150668627800698,14.043003535636608,30.247336088101747,15.123668044050874
0.0,1.0,5.63,0.2,14.067541765670406,11.508523284678056,0.6193638724617898,30.247422162550706,0.21506640962933687,14.067541765670406,30.247422162550706,15.123711081275353
0.5,0.75,5.63,0.2,14.05527136168375,11.894541811796493,0.6622249095725294,30.247522137821093,0.21506664028652622,14.05527136168375,30.247522137821093,15.123761068910547
1.0,0.5,5.63,0.2,14.043003535636608,12.278148439793696,0.7050605158197527,30.247622113222988,0.21506687094355215,14.043003535636608,30.247622113222988,15.123811056611494
0.25,1.0,5.63,0.2,14.067541765670406,11.508523284678056,0.6193638724617898,30.24770818799594,0.2150664177928192,14.067541765670406,30.24770818799594,15.12385409399797
0.75,0.75,5.63,0.2,14.05527136168375,11.894541811796493,0.6622249095725152,30.24780816364263,0.2150666484500121,14.05527136168375,30.24780816364263,15.123904081821316
0.5,1.0,5.63,0.2,14.067541765670406,11.508523284678056,0.6193638724617898,30.247994214517817,0.21506642595630154,14.067541765670406,30.247994214517817,15.123997107258909
1.0,0.75,5.63,0.2,14.05527136168375,11.894541811796493,0.6622249095725152,30.248094190540826,0.21506665661349444,14.05527136168375,30.248094190540826,15.124047095270413
0.0,0.25,5.9,0.15,14.020819519088747,12.102346381367248,0.46612872502669234,30.248166765189154,0.2150670561932735,14.020819519088747,30.248166765189154,15.124083382594577
0.75,1.0,5.63,0.2,14.067541765670406,11.508523284678056,0.6193638724617756,30.24828024211631,0.21506643411978388,14.067541765670406,30.24828024211631,15.124140121058154
1.0,1.0,5.63,0.2,14.067541765670406,11.508523284678056,0.6193638724617756,30.248566270791443,0.21506644228326977,14.067541765670406,30.248566270791443,15.124283135395721
0.5,0.0,5.9,0.15,14.018475615194689,13.038186183831364,0.7906554960706274,30.248724363497487,0.21506728300464673,14.018475615194689,30.248724363497487,15.124362181748744
0.25,0.0,5.76,0.2,14.018475615194689,13.038186183831364,0.7906554960705847,30.248761599143904,0.2150674893504636,14.018475615194689,30.248761599143904,15.124380799571952
0.25,0.25,5.9,0.15,14.020819519088747,12.102346381367248,0.46612872502669234,30.249762041679332,0.2150670642206478,14.020819519088747,30.249762041679332,15.124881020839666
0.75,0.0,5.9,0.15,14.01847561519466,13.038186183831364,0.7906554960706131,30.25031965169373,0.2150672910320175,14.01847561519466,30.25031965169373,15.125159825846865
0.0,0.5,5.9,0.15,14.023163517128324,11.151970942421904,0.14014055821853333,30.250799734031062,0.21506684543670218,14.023163517128324,30.250799734031062,15.125399867015531
0.0,0.25,5.76,0.2,14.028310390726574,12.302530510174378,0.5904446955412084,30.250861191917267,0.21506142787897176,14.028310390726574,30.250861191917267,15.125430595958633
0.5,0.25,5.9,0.15,14.020819519088747,12.102346381367248,0.46612872502670655,30.251357351660246,0.21506707224801858,14.020819519088747,30.251357351660246,15.125678675830123
1.0,0.0,5.9,0.15,14.018475615194689,13.038186183831364,0.7906554960706131,30.25191497338092,0.21506729905939181,14.018475615194689,30.25191497338092,15.12595748669046
0.5,0.0,5.76,0.2,14.018475615194689,13.038186183831364,0.7906554960706274,30.251989447818886,0.21506771175101846,14.018475615194689,30.251989447818886,15.125994723909443
0.25,0.5,5.9,0.15,14.023163517128324,11.151970942421904,0.14014055821853333,30.252395065796946,0.2150668534640765,14.023163517128324,30.252395065796946,15.126197532898473
0.75,0.25,5.9,0.15,14.020819519088725,12.102346381367248,0.46612872502669234,30.252952695132592,0.21506708027538934,14.020819519088725,30.252952695132592,15.126476347566296
0.0,0.75,5.9,0.15,14.02550760931718,10.186834096807338,0.22840361358018413,30.253432794104583,0.21506663468006693,14.02550760931718,30.253432794104583,15.126716397052292
0.5,0.5,5.9,0.15,14.023163517128324,11.151970942421904,0.14014055821854754,30.25399043105473,0.21506686149144727,14.023163517128324,30.25399043105473,15.126995215527366
0.25,0.25,5.76,0.2,14.028310390726574,12.302530510174378,0.5904446955411942,30.254089129778407,0.21506165027959767,14.028310390726574,30.254089129778407,15.127044564889204
1.0,0.25,5.9,0.15,14.020819519088747,12.102346381367248,0.46612872502669234,30.25454807209705,0.21506708830276722,14.020819519088747,30.25454807209705,15.127274036048526
0.25,0.75,5.9,0.15,14.02550760931718,10.186834096807338,0.22840361358018413,30.25502818114809,0.2150666427074448,14.02550760931718,30.25502818114809,15.127514090574046
0.75,0.0,5.76,0.2,14.018475615194689,13.038186183831364,0.7906554960706131,30.255217433605893,0.21506793415157688,14.018475615194689,30.255217433605893,15.127608716802946
0.75,0.5,5.9,0.15,14.023163517128296,11.151970942421904,0.14014055821853333,30.255585829805113,0.21506686951881804,14.023163517128296,30.255585829805113,15.127792914902557
0.0,1.0,5.9,0.15,14.027851795659323,9.20670656763204,0.5575646887341748,30.2560659454126,0.2150664239233535,14.027851795659323,30.2560659454126,15.1280329727063
0.0,0.5,5.76,0.2,14.038146823740988,11.557892688530103,0.38967768117144885,30.256188869752293,0.2150555888065071,14.038146823740988,30.256188869752293,15.128094434876147
0.5,0.75,5.9,0.15,14.02550760931718,10.186834096807338,0.2284036135801557,30.256623601684666,0.21506665073481557,14.02550760931718,30.256623601684666,15.128311800842333
1.0,0.5,5.9,0.15,14.023163517128324,11.151970942421904,0.14014055821853333,30.257181262048775,0.2150668775461959,14.023163517128324,30.257181262048775,15.128590631024387
0.5,0.25,5.76,0.2,14.028310390726574,12.302530510174378,0.5904446955412226,30.257317204755367,0.21506187268021648,14.028310390726574,30.257317204755367,15.128658602377683
0.25,1.0,5.9,0.15,14.027851795659323,9.20670656763204,0.5575646887341748,30.257661387735652,0.21506643195072783,14.027851795659323,30.257661387735652,15.128830693867826
0.75,0.75,5.9,0.15,14.025507609317152,10.186834096807338,0.22840361358018413,30.25821905571499,0.21506665876218634,14.025507609317152,30.25821905571499,15.129109527857494
1.0,0.0,5.76,0.2,14.018475615194689,13.038186183831364,0.7906554960705847,30.258445556510736,0.2150681565521282,14.018475615194689,30.258445556510736,15.129222778255368
0.5,1.0,5.9,0.15,14.027851795659323,9.20670656763204,0.5575646887341605,30.25925686355292,0.2150664399780986,14.027851795659323,30.25925686355292,15.12962843177646
0.25,0.5,5.76,0.2,14.038146823740988,11.557892688530103,0.38967768117143464,30.259417033921665,0.21505581120719341,14.038146823740988,30.259417033921665,15.129708516960832
1.0,0.75,5.9,0.15,14.02550760931718,10.186834096807338,0.22840361358018413,30.25981454323974,0.21506666678956066,14.02550760931718,30.25981454323974,15.12990727161987
0.75,0.25,5.76,0.2,14.028310390726574,12.302530510174378,0.5904446955412084,30.260545416853958,0.21506209508083174,14.028310390726574,30.260545416853958,15.130272708426979
0.75,1.0,5.9,0.15,14.027851795659295,9.20670656763204,0.5575646887341748,30.260852372865116,0.21506644800546937,14.027851795659295,30.260852372865116,15.130426186432558
0.0,0.75,5.76,0.2,14.04798491451669,10.80416304940887,0.18835290772108237,30.26151692110696,0.2150497497323407,14.04798491451669,30.26151692110696,15.13075846055348
1.0,1.0,5.9,0.15,14.027851795659323,9.20670656763204,0.5575646887341748,30.26244791567288,0.21506645603284724,14.027851795659323,30.26244791567288,15.13122395783644
0.5,0.5,5.76,0.2,14.038146823740988,11.557892688530103,0.3896776811714773,30.26264533521646,0.21505603360787262,14.038146823740988,30.26264533521646,15.13132266760823
1.0,0.25,5.76,0.2,14.028310390726574,12.302530510174378,0.5904446955411942,30.263773766080007,0.215062317481447,14.028310390726574,30.263773766080007,15.131886883040004
0.25,0.75,5.76,0.2,14.04798491451669,10.80416304940887,0.18835290772106816,30.264745311600436,0.2150499721330874,14.04798491451669,30.264745311600436,15.132372655800218
0.75,0.5,5.76,0.2,14.038146823740988,11.557892688530103,0.38967768117144885,30.26587377364251,0.21505625600855183,14.038146823740988,30.26587377364251,15.132936886821255
0.0,1.0,5.76,0.2,14.057824663333868,10.041230584287547,0.054497504461053836,30.266845346007244,0.21504391065662887,14.057824663333868,30.266845346007244,15.133422673003622
0.5,0.75,5.76,0.2,14.04798491451669,10.80416304940887,0.1883529077211108,30.267973839228944,0.21505019453383056,14.04798491451669,30.267973839228944,15.133986919614472
1.0,0.5,5.76,0.2,14.038146823740988,11.557892688530103,0.38967768117143464,30.269102349205625,0.21505647840922748,14.038146823740988,30.269102349205625,15.134551174602812
0.25,1.0,5.76,0.2,14.057824663333868,10.041230584287547,0.05449750446106805,30.27007396284067,0.21504413305743597,14.057824663333868,30.27007396284067,15.135036981420335
0.75,0.75,5.76,0.2,14.04798491451669,10.80416304940887,0.18835290772108237,30.27120250399831,0.21505041693457017,14.04798491451669,30.27120250399831,15.135601251999155
0.25,0.0,5.9,0.2,14.018475615194689,13.038186183831364,0.7906554960706131,30.27289998927199,0.21507213771054268,14.018475615194689,30.27289998927199,15.136449994635996
0.5,1.0,5.76,0.2,14.057824663333868,10.041230584287547,0.054497504461039625,30.273302716818762,0.21504435545823952,14.057824663333868,30.273302716818762,15.136651358409381
1.0,0.75,5.76,0.2,14.04798491451669,10.80416304940887,0.18835290772106816,30.274431305914376,0.21505063933530977,14.04798491451669,30.274431305914376,15.137215652957188
0.75,1.0,5.76,0.2,14.057824663333868,10.041230584287547,0.054497504461053836,30.276531607947334,0.21504457785904307,14.057824663333868,30.276531607947334,15.138265803973667
1.0,1.0,5.76,0.2,14.057824663333868,10.041230584287547,0.05449750446106805,30.279760636232197,0.21504480025984307,14.057824663333868,30.279760636232197,15.139880318116099
0.0,0.25,5.9,0.2,14.023310208662622,12.102320041611762,0.13163232817822745,30.290706019806294,0.21493938596725926,14.023310208662622,30.290706019806294,15.145353009903147
0.5,0.0,5.9,0.2,14.018475615194689,13.038186183831364,0.7906554960706131,30.30027594680665,0.21507700847005395,14.018475615194689,30.30027594680665,15.150137973403325
0.25,0.25,5.9,0.2,14.023310208662622,12.102320041611762,0.13163232817822745,30.31808839014144,0.21494425675744466,14.023310208662622,30.31808839014144,15.15904419507072
0.75,0.0,5.9,0.2,14.018475615194689,13.038186183831364,0.7906554960706131,30.327661763728713,0.21508187922844257,14.018475615194689,30.327661763728713,15.163830881864357
0.0,0.5,5.9,0.2,14.028145202665243,11.151917444671717,0.5747477786330961,30.33590500603016,0.21481150420899908,14.028145202665243,30.33590500603016,15.16795250301508
0.5,0.25,5.9,0.2,14.023310208662622,12.102320041611762,0.13163232817822745,30.345480622173497,0.21494912754650386,14.023310208662622,30.345480622173497,15.172740311086748
1.0,0.0,5.9,0.2,14.018475615194689,13.038186183831364,0.7906554960705847,30.35505744358902,0.21508674998570498,14.018475615194689,30.35505744358902,15.17752872179451
0.25,0.5,5.9,0.2,14.028145202665243,11.151917444671717,0.5747477786330961,30.363303654674993,0.2148163750287324,14.028145202665243,30.363303654674993,15.181651827337497
0.75,0.25,5.9,0.2,14.023310208662622,12.102320041611762,0.13163232817822745,30.372882719454182,0.21495399833443685,14.023310208662622,30.372882719454182,15.186441359727091
0.0,0.75,5.9,0.2,14.032980597235543,10.18675260375926,1.246349121849633,30.381130862209787,0.2146836216750394,14.032980597235543,30.381130862209787,15.190565431104893
0.5,0.5,5.9,0.2,14.028145202665243,11.151917444671717,0.5747477786330961,30.390712170879354,0.21482124584733242,14.028145202665243,30.390712170879354,15.195356085439677
1.0,0.25,5.9,0.2,14.023310208662622,12.102320041611762,0.13163232817821324,30.40029468553645,0.21495886912124362,14.023310208662622,30.40029468553645,15.200147342768226
0.25,0.75,5.9,0.2,14.032980597235543,10.18675260375926,1.246349121849633,30.408545798841473,0.2146884925243171,14.032980597235543,30.408545798841473,15.204272899420737
0.75,0.5,5.9,0.2,14.028145202665243,11.151917444671717,0.5747477786330961,30.41813055819702,0.21482611666480977,14.028145202665243,30.41813055819702,15.20906527909851
0.0,1.0,5.9,0.2,14.037816392406725,9.206596222523913,1.9240920296803097,30.42638360431978,0.21455573836539088,14.037816392406725,30.42638360431978,15.21319180215989
0.5,0.75,5.9,0.2,14.032980597235543,10.18675260375926,1.246349121849633,30.435970608898756,0.21469336337246148,14.032980597235543,30.435970608898756,15.217985304449378
1.0,0.5,5.9,0.2,14.028145202665243,11.151917444671717,0.5747477786331103,30.445558820183095,0.21483098748116447,14.028145202665243,30.445558820183095,15.222779410091547
0.25,1.0,5.9,0.2,14.037816392406725,9.206596222523913,1.9240920296803097,30.453814838621213,0.21456060924421294,14.037816392406725,30.453814838621213,15.226907419310606
0.75,0.75,5.9,0.2,14.032980597235543,10.18675260375926,1.246349121849633,30.463405295937548,0.21469823421948675,14.032980597235543,30.463405295937548,15.231702647968774
0.5,1.0,5.9,0.2,14.037816392406725,9.206596222523913,1.9240920296803097,30.481255952217808,0.21456548012190524,14.037816392406725,30.481255952217808,15.240627976108904
1.0,0.75,5.9,0.2,14.032980597235543,10.18675260375926,1.2463491218496614,30.490849863515038,0.21470310506538226,14.032980597235543,30.490849863515038,15.245424931757519
0.75,1.0,5.9,0.2,14.037816392406725,9.206596222523913,1.9240920296803097,30.508706948667594,0.21457035099847488,14.037816392406725,30.508706948667594,15.254353474333797
1.0,1.0,5.9,0.2,14.037816392406725,9.206596222523913,1.924092029680324,30.536167831529895,0.21457522187391476,14.037816392406725,30.536167831529895,15.268083915764947
